id,x,y,deg
001_0,s-0.192548,s-0.092941,s314.973979
002_0,s-0.267415,s0.086518,s63.655568
002_1,s-0.559960,s-0.462154,s114.941553
003_0,s-0.055774,s0.075915,s188.683179
003_1,s0.565907,s0.061923,s148.183071
003_2,s-0.667307,s-0.371034,s158.108072
004_0,s-0.078741,s0.194071,s121.030617
004_1,s-0.060909,s1.127855,s102.341251
004_2,s-1.068684,s0.721817,s353.280411
004_3,s-0.920803,s0.199282,s55.759754
005_0,s0.000000,s0.000000,s285.660573
005_1,s-0.352728,s0.188635,s120.047452
005_2,s-0.142914,s-0.426703,s252.504635
005_3,s0.126182,s0.637635,s255.367014
005_4,s-0.681767,s0.507635,s10.097590
006_0,s-0.002680,s0.005329,s115.071411
006_1,s0.135096,s0.255029,s296.146333
006_2,s-0.324263,s0.427652,s341.574873
006_3,s0.389134,s-0.239261,s150.577048
006_4,s-0.555907,s-0.677730,s87.078114
006_5,s-0.674962,s0.215608,s158.416491
007_0,s0.032114,s-0.107305,s215.679993
007_1,s-0.119757,s0.408450,s328.325423
007_2,s-0.388508,s-0.072319,s94.756683
007_3,s-0.084284,s-0.611063,s145.474863
007_4,s-0.458970,s0.837948,s86.930859
007_5,s0.676400,s0.497975,s168.486287
007_6,s0.695789,s-0.620044,s321.969204
008_0,s0.004530,s0.067907,s115.728373
008_1,s-0.039062,s0.665249,s67.371170
008_2,s0.450273,s0.376082,s189.123308
008_3,s0.084406,s-0.473885,s206.255036
008_4,s0.797154,s-0.350080,s196.970966
008_5,s-0.749290,s0.001371,s41.426143
008_6,s-0.733759,s-0.716289,s143.534112
008_7,s0.594347,s0.739448,s260.007640
009_0,s0.000000,s0.000000,s275.791938
009_1,s-0.191362,s-0.293054,s112.759850
009_2,s-0.237799,s0.256811,s51.033559
009_3,s0.297271,s-0.402032,s224.072277
009_4,s-1.028362,s0.390476,s55.315333
009_5,s0.363515,s0.598212,s78.376149
009_6,s-0.087288,s-0.945981,s234.607566
009_7,s-0.562703,s-0.886490,s127.900100
009_8,s0.830653,s0.642274,s41.056098
010_0,s-0.003100,s0.063888,s214.874770
010_1,s0.038564,s0.488464,s48.685682
010_2,s0.616148,s-0.286754,s295.356820
010_3,s-0.560677,s-0.286729,s342.606365
010_4,s0.275572,s-0.743497,s127.905341
010_5,s-0.331558,s-0.754887,s88.660784
010_6,s-0.786832,s0.480660,s152.014261
010_7,s1.017478,s-0.553675,s265.702977
010_8,s0.914168,s0.576009,s68.831461
010_9,s0.833484,s1.058788,s328.233974
011_0,s0.064081,s-0.007153,s154.069303
011_1,s-0.194078,s0.413931,s105.421361
011_2,s0.516431,s0.131897,s204.293744
011_3,s0.511277,s-0.675731,s170.659854
011_4,s0.781687,s0.494339,s10.707259
011_5,s0.140158,s0.542638,s354.733803
011_6,s-0.075057,s-0.852787,s188.612159
011_7,s-0.503795,s-0.280958,s94.415053
011_8,s-0.511413,s-0.818112,s116.503685
011_9,s-0.724471,s0.857623,s154.799100
011_10,s-1.287877,s0.393897,s62.778116
012_0,s0.012623,s-0.010511,s288.411124
012_1,s-0.097668,s-0.622475,s290.680870
012_2,s-0.360622,s0.058277,s105.334560
012_3,s0.428794,s0.644840,s113.233931
012_4,s-0.497474,s0.728057,s286.024586
012_5,s0.923591,s0.629820,s333.439289
012_6,s-0.313979,s-0.886223,s92.926527
012_7,s-0.830083,s0.326687,s69.128246
012_8,s0.648369,s-0.825124,s130.852789
012_9,s-1.241896,s-0.564566,s293.375023
012_10,s-0.816420,s0.989231,s110.284844
012_11,s0.945317,s-0.467142,s332.605284
013_0,s-0.000464,s0.005058,s312.623371
013_1,s0.170732,s-0.508477,s284.189303
013_2,s-0.046798,s0.478290,s344.160930
013_3,s0.758757,s0.400194,s261.682551
013_4,s-0.525119,s-0.096457,s221.831871
013_5,s-0.695040,s-0.644516,s210.194859
013_6,s-0.607299,s0.737269,s347.931419
013_7,s0.729612,s-0.832235,s144.742642
013_8,s0.856610,s0.885292,s290.334229
013_9,s-0.993065,s-0.178464,s10.340037
013_10,s1.076014,s-0.627995,s222.081766
013_11,s-1.418550,s0.291790,s81.538810
013_12,s0.571487,s1.431788,s268.367062
014_0,s0.006121,s-0.013179,s215.007164
014_1,s-0.612828,s-0.079664,s213.540697
014_2,s-0.233055,s0.324554,s345.865009
014_3,s0.408298,s0.392999,s344.408113
014_4,s0.104960,s-0.817097,s117.122467
014_5,s-0.874990,s0.166800,s118.704739
014_6,s-0.632257,s0.627134,s47.725860
014_7,s0.782658,s-0.522269,s37.158829
014_8,s1.163647,s-0.452538,s273.105931
014_9,s0.909334,s-0.049041,s352.626755
014_10,s0.481142,s-1.119979,s289.578511
014_11,s-0.786040,s-0.743924,s60.755305
014_12,s0.907544,s1.047188,s240.361893
014_13,s-1.398104,s0.535667,s356.169128
015_0,s0.000000,s0.000000,s298.982344
015_1,s-0.330384,s0.115526,s80.130036
015_2,s-0.090415,s-0.440823,s242.270852
015_3,s-0.642499,s-0.476649,s196.332154
015_4,s0.125000,s0.586835,s59.651461
015_5,s-1.008081,s-0.293722,s65.641791
015_6,s0.865104,s0.831622,s175.208323
015_7,s0.704282,s-0.475906,s331.613207
015_8,s-0.730355,s0.683067,s117.712533
015_9,s1.150284,s0.341827,s281.144650
015_10,s0.353985,s-1.094164,s107.890445
015_11,s0.237796,s1.125146,s26.350619
015_12,s0.848901,s-0.917533,s270.653890
015_13,s-0.941919,s-0.967103,s91.625607
015_14,s-1.133107,s0.982888,s57.663836
016_0,s0.057779,s0.070923,s337.372397
016_1,s-0.363298,s-0.187967,s189.985464
016_2,s-0.472936,s0.540204,s163.539407
016_3,s0.210197,s-0.410676,s310.312622
016_4,s-0.928803,s-0.254597,s135.473242
016_5,s-0.131112,s0.745036,s291.201203
016_6,s-0.611936,s-0.832551,s93.674530
016_7,s0.572702,s0.442693,s289.490853
016_8,s-0.663673,s0.818382,s23.176779
016_9,s0.839852,s1.260526,s89.615224
016_10,s0.690361,s-0.892021,s331.299696
016_11,s-0.948532,s0.395016,s129.184128
016_12,s-0.238386,s1.272074,s34.926861
016_13,s-0.274023,s-1.390711,s324.591387
016_14,s0.347396,s-1.263363,s244.383260
016_15,s1.319831,s-0.404752,s310.239679
017_0,s0.000000,s0.000000,s355.356352
017_1,s0.289713,s-0.196383,s249.499666
017_2,s-0.491700,s0.090724,s27.629700
017_3,s-0.383649,s-0.394098,s109.019867
017_4,s0.472020,s0.370401,s268.618356
017_5,s-1.108988,s0.464967,s107.639480
017_6,s0.156371,s-0.733518,s106.132686
017_7,s0.288672,s0.859629,s346.153474
017_8,s-0.657201,s1.004035,s39.868163
017_9,s0.707083,s-0.707131,s149.378945
017_10,s-1.091002,s-0.955099,s99.326801
017_11,s-0.529442,s-1.187304,s141.677714
017_12,s0.828429,s1.001851,s276.458993
017_13,s-0.380688,s1.502524,s20.541817
017_14,s1.195254,s-0.511242,s325.904477
017_15,s0.930164,s-1.362826,s305.156186
017_16,s0.274665,s-1.503527,s210.117356
018_0,s-0.056385,s-0.008187,s17.422801
018_1,s0.259508,s-0.209684,s186.169197
018_2,s-0.428669,s-0.408217,s32.210658
018_3,s0.547779,s0.193059,s263.288760
018_4,s-0.181369,s-0.753285,s209.652676
018_5,s-0.127232,s0.883397,s300.847852
018_6,s-0.524650,s0.537689,s82.044125
018_7,s0.750569,s-0.423058,s263.964694
018_8,s0.572971,s-1.068864,s276.075221
018_9,s-0.916965,s-0.458145,s107.233972
018_10,s-0.747826,s-0.840226,s159.468340
018_11,s0.550422,s0.791442,s289.025443
018_12,s-1.240148,s-1.055488,s81.098488
018_13,s-1.591796,s0.429830,s220.273054
018_14,s0.818332,s1.400015,s269.525482
018_15,s-0.547357,s1.185512,s116.355729
018_16,s0.283755,s1.520617,s53.921942
018_17,s1.151535,s0.565791,s234.237663
019_0,s-0.030223,s-0.021723,s57.955535
019_1,s0.321542,s-0.198116,s298.377532
019_2,s0.322790,s0.454354,s331.453159
019_3,s-0.214974,s-0.432559,s222.118537
019_4,s-0.546871,s0.659963,s320.035760
019_5,s-0.172881,s-1.081641,s148.456824
019_6,s0.619273,s-0.630051,s261.201258
019_7,s-0.546659,s-0.163377,s119.775216
019_8,s-1.091919,s-0.095729,s17.044888
019_9,s-0.723843,s-0.873528,s115.788211
019_10,s0.949633,s0.393199,s355.828355
019_11,s-0.952481,s1.035309,s99.681463
019_12,s-1.310540,s-0.627285,s78.417500
019_13,s0.643534,s-1.189887,s154.314685
019_14,s0.339805,s1.133391,s36.067478
019_15,s0.432602,s1.829529,s68.677623
019_16,s-1.531187,s0.366106,s55.297553
019_17,s1.440889,s1.002802,s350.908180
019_18,s-0.482734,s1.730293,s167.993908
020_0,s0.000000,s0.000000,s342.575630
020_1,s-0.340439,s0.294281,s87.201128
020_2,s-0.226266,s-0.309032,s75.306524
020_3,s0.491601,s0.246634,s255.287535
020_4,s0.660273,s-0.683037,s38.647480
020_5,s-0.299936,s0.741646,s45.914288
020_6,s-0.566090,s-0.794195,s259.816297
020_7,s-1.015852,s-0.421954,s150.524241
020_8,s0.334435,s0.889713,s17.732907
020_9,s0.863082,s0.597988,s341.065320
020_10,s1.164260,s-0.314494,s233.746509
020_11,s-1.236267,s0.184778,s67.457508
020_12,s-1.007911,s1.177546,s54.842039
020_13,s0.875822,s-0.960696,s280.335399
020_14,s1.409711,s1.017762,s321.242807
020_15,s-0.781812,s-1.338383,s152.680535
020_16,s-0.375051,s1.452356,s57.897423
020_17,s1.575289,s-1.175068,s169.491027
020_18,s-1.499328,s0.801259,s249.197175
020_19,s0.747336,s1.429990,s56.763263
021_0,s0.000000,s0.000000,s78.577022
021_1,s0.224381,s-0.556465,s83.502404
021_2,s0.459732,s0.385548,s74.160934
021_3,s0.528084,s-0.459486,s249.611542
021_4,s-0.330566,s0.835901,s67.480387
021_5,s-0.427445,s-0.959057,s262.133389
021_6,s-0.787352,s-0.141695,s190.489346
021_7,s0.344144,s0.992001,s280.382997
021_8,s-0.853122,s0.417950,s100.099075
021_9,s0.859967,s0.510349,s295.559752
021_10,s-1.060258,s-0.662083,s142.113722
021_11,s-0.768430,s-1.229640,s100.736456
021_12,s0.999637,s-0.033645,s219.861014
021_13,s0.415233,s-1.284555,s246.975621
021_14,s-0.252770,s-1.579907,s125.275554
021_15,s-0.395714,s1.368578,s26.762479
021_16,s1.225567,s-0.979616,s189.344110
021_17,s-1.641105,s1.143142,s187.981774
021_18,s-1.448613,s-0.063403,s159.685774
021_19,s0.465745,s1.844856,s100.456306
021_20,s1.346287,s1.316483,s257.130758
022_0,s-0.054829,s0.018317,s284.884703
022_1,s0.047349,s0.521595,s310.258137
022_2,s-0.208987,s-0.239982,s117.263894
022_3,s0.659185,s-0.239880,s335.176983
022_4,s-0.427642,s0.319569,s147.365552
022_5,s0.313885,s-0.613839,s117.970853
022_6,s0.784367,s0.585700,s3.430887
022_7,s-0.557780,s0.686928,s47.038901
022_8,s-0.499646,s-0.884659,s131.517348
022_9,s0.684648,s-0.705636,s268.463710
022_10,s0.392380,s-1.061587,s231.607821
022_11,s-1.074544,s0.101615,s131.165661
022_12,s-0.175966,s1.013800,s342.283093
022_13,s-1.541542,s0.304523,s15.561969
022_14,s1.130435,s-1.045483,s217.080988
022_15,s1.282984,s-0.388406,s18.260322
022_16,s-0.515464,s-1.500676,s243.309809
022_17,s1.331328,s1.025445,s15.612598
022_18,s-1.021872,s-0.532726,s134.741890
022_19,s1.446763,s0.231692,s299.443134
022_20,s-1.720897,s-0.911173,s124.411630
022_21,s-0.462885,s1.512761,s94.421425
023_0,s-0.072843,s-0.055562,s209.530011
023_1,s0.321193,s0.313155,s249.375885
023_2,s-0.419810,s0.233951,s67.719144
023_3,s-0.559318,s0.752711,s336.473847
023_4,s-0.211308,s-0.572542,s149.513290
023_5,s0.383076,s0.745413,s342.733421
023_6,s1.177696,s0.235025,s351.508770
023_7,s-0.693618,s-0.533259,s52.861663
023_8,s0.648949,s-0.820622,s7.529432
023_9,s-1.203205,s0.896878,s346.314727
023_10,s0.981037,s-1.031334,s244.630423
023_11,s-1.270880,s-0.711973,s56.380064
023_12,s-0.543857,s-1.471764,s249.632909
023_13,s1.691522,s0.707135,s186.576717
023_14,s-0.512312,s1.510988,s355.887426
023_15,s1.328502,s-0.474415,s295.935226
023_16,s0.301806,s-1.124074,s233.524611
023_17,s-1.588980,s0.260549,s0.501983
023_18,s-0.935605,s-1.752821,s42.615964
023_19,s-1.723757,s-0.893978,s103.895068
023_20,s1.263224,s1.292289,s8.809398
023_21,s1.071242,s-1.562687,s198.586878
023_22,s0.709141,s1.780355,s107.922338
024_0,s-0.030061,s0.034771,s194.047623
024_1,s0.236544,s0.401765,s249.439447
024_2,s-0.231828,s0.390198,s81.793030
024_3,s0.056974,s0.804827,s347.147583
024_4,s0.684000,s-0.733831,s104.526954
024_5,s-0.383433,s-0.413758,s87.885793
024_6,s1.043245,s0.356555,s309.031089
024_7,s1.158797,s-0.427050,s334.106620
024_8,s-1.223805,s-0.051855,s271.581889
024_9,s-0.652597,s0.796008,s331.720163
024_10,s-0.608813,s-0.859315,s122.182482
024_11,s0.975423,s0.863282,s338.714668
024_12,s-0.970099,s1.232377,s352.615389
024_13,s0.966838,s-0.958635,s250.919012
024_14,s-1.193707,s0.445409,s73.063171
024_15,s-1.203954,s-0.754307,s52.206813
024_16,s0.621526,s1.386737,s351.550087
024_17,s-0.168260,s-1.627524,s325.846311
024_18,s0.465961,s-1.630774,s296.808950
024_19,s1.896851,s0.585884,s311.947784
024_20,s1.718626,s-0.495679,s319.651986
024_21,s-0.244104,s1.599056,s43.630077
024_22,s-1.038111,s-1.486002,s141.322843
024_23,s-1.631813,s1.086227,s247.565241
025_0,s0.084301,s-0.025549,s250.569492
025_1,s-0.294515,s-0.128957,s79.406072
025_2,s-0.241998,s0.373664,s308.003660
025_3,s0.183446,s-0.526176,s147.271494
025_4,s0.519058,s0.551508,s290.403500
025_5,s0.662128,s-0.819466,s271.601958
025_6,s-0.443895,s-0.680988,s148.468455
025_7,s0.839183,s0.145220,s257.966933
025_8,s-0.236541,s0.909294,s12.859391
025_9,s-1.120484,s0.715314,s238.365269
025_10,s-1.040667,s-0.353189,s142.438118
025_11,s-0.363437,s-1.420203,s154.020004
025_12,s0.346620,s-1.300903,s200.258120
025_13,s0.525342,s1.229541,s248.939160
025_14,s-1.331692,s0.073309,s25.997225
025_15,s-1.159259,s-1.062387,s192.995537
025_16,s1.180040,s-1.226460,s143.099447
025_17,s0.123733,s1.655159,s185.384762
025_18,s1.166885,s-0.293896,s221.203714
025_19,s-0.805650,s1.554641,s146.103822
025_20,s-1.445380,s1.158209,s111.577382
025_21,s0.743380,s1.682302,s40.793112
025_22,s-1.650698,s-0.430207,s107.148260
025_23,s1.596348,s1.106038,s23.199167
025_24,s-1.931840,s0.403691,s45.903819
026_0,s0.008086,s-0.035809,s122.614274
026_1,s0.469368,s-0.060655,s182.735003
026_2,s0.319975,s0.784563,s203.415148
026_3,s-0.092374,s0.474179,s64.059480
026_4,s-0.765916,s0.275336,s85.209028
026_5,s-0.361107,s0.977118,s316.994017
026_6,s-0.893359,s-0.432825,s76.706584
026_7,s-0.542576,s-0.998878,s79.829488
026_8,s-1.060037,s0.855235,s102.600394
026_9,s0.895262,s-0.419617,s284.176874
026_10,s0.875813,s0.344044,s249.677562
026_11,s0.465534,s-1.066534,s174.366678
026_12,s1.048060,s1.050849,s90.489135
026_13,s1.138845,s-0.871196,s176.178220
026_14,s1.457283,s-0.735056,s286.605558
026_15,s-1.620227,s-0.953931,s209.156401
026_16,s0.573208,s1.584463,s140.210119
026_17,s-0.894162,s1.249545,s356.219404
026_18,s1.463704,s0.928526,s237.702801
026_19,s1.408963,s1.357791,s348.796850
026_20,s-1.841452,s0.967958,s344.358499
026_21,s-0.069900,s-1.190564,s132.290790
026_22,s-1.873208,s-0.347172,s98.738492
026_23,s0.653857,s1.923379,s312.825156
026_24,s-0.604402,s-1.935309,s234.124592
026_25,s-1.118458,s2.042434,s44.989977
027_0,s-0.000254,s-0.000161,s218.001901
027_1,s-0.330889,s0.217775,s96.325239
027_2,s0.377531,s0.520771,s200.602935
027_3,s-0.441623,s-0.534429,s56.349292
027_4,s0.329136,s-0.774516,s193.555774
027_5,s-0.338551,s0.660794,s282.661911
027_6,s0.849422,s0.403064,s246.046281
027_7,s0.784476,s-0.518561,s241.740756
027_8,s-0.512435,s-0.950230,s135.555754
027_9,s-0.628019,s0.765352,s104.980010
027_10,s-1.006143,s-0.803004,s108.261112
027_11,s-1.332887,s-0.101763,s155.502486
027_12,s-0.282165,s-1.407708,s180.045871
027_13,s0.486035,s0.999400,s257.646513
027_14,s-0.996262,s1.294555,s114.684286
027_15,s0.617793,s1.485172,s291.346228
027_16,s-0.188379,s1.137089,s28.872289
027_17,s1.364489,s0.690064,s288.816870
027_18,s1.288905,s-1.369916,s47.301599
027_19,s-1.747810,s0.695690,s43.237804
027_20,s1.763808,s-0.937860,s337.695439
027_21,s0.580353,s-1.737195,s223.181529
027_22,s-1.159044,s-1.666318,s113.589110
027_23,s1.169132,s-1.896023,s268.805321
027_24,s-1.911588,s-0.682563,s108.588218
027_25,s1.494039,s2.098529,s72.353684
027_26,s-0.915633,s1.976140,s283.978387
028_0,s0.052584,s0.050511,s182.598509
028_1,s0.473463,s-0.254183,s217.894530
028_2,s-0.477132,s-0.308947,s217.963878
028_3,s-0.288334,s0.390088,s116.739987
028_4,s0.496570,s0.161814,s354.399121
028_5,s0.137730,s-0.965578,s183.863336
028_6,s0.984389,s0.215953,s228.679808
028_7,s-0.702633,s0.830920,s299.445649
028_8,s0.143028,s0.944452,s295.163226
028_9,s-0.670303,s-0.748299,s174.907314
028_10,s-1.070426,s0.945635,s49.028186
028_11,s0.775092,s-1.001698,s205.297096
028_12,s0.937887,s1.045627,s215.052565
028_13,s-0.906965,s-0.247288,s115.251205
028_14,s-1.242096,s0.079242,s16.005044
028_15,s0.864087,s1.510119,s20.015742
028_16,s1.798548,s-0.469529,s5.356939
028_17,s-0.730561,s-1.851705,s321.638455
028_18,s1.599092,s0.587385,s310.577728
028_19,s1.219201,s-0.610905,s246.732855
028_20,s-0.580940,s1.402829,s47.981100
028_21,s-1.324273,s-0.938985,s220.680030
028_22,s-1.918357,s0.769660,s203.093884
028_23,s0.841730,s-2.072314,s11.517929
028_24,s-0.086844,s1.843294,s83.198096
028_25,s-0.219448,s-1.905972,s249.273874
028_26,s1.587762,s-1.227636,s201.028894
028_27,s1.402574,s1.387172,s290.617268
029_0,s-0.032880,s0.007590,s353.342145
029_1,s-0.327518,s-0.227671,s146.432051
029_2,s0.355974,s-0.236998,s227.362230
029_3,s0.774464,s0.235144,s185.467630
029_4,s-0.447168,s0.462820,s112.585640
029_5,s0.337345,s0.788449,s246.319594
029_6,s0.158579,s1.246305,s338.704952
029_7,s0.151904,s-0.720728,s184.224609
029_8,s-0.377659,s-0.969280,s176.370506
029_9,s1.088562,s-0.576750,s267.010914
029_10,s0.744815,s-0.974433,s164.989730
029_11,s-0.726724,s0.811240,s358.266292
029_12,s1.145035,s0.779302,s264.802626
029_13,s-1.352642,s0.482335,s156.701427
029_14,s-1.129734,s-0.381994,s205.658134
029_15,s-1.122453,s-1.118947,s116.000851
029_16,s-1.835209,s0.744664,s29.642289
029_17,s0.287903,s-1.658561,s133.622446
029_18,s1.344520,s0.263428,s237.557260
029_19,s-0.711605,s-1.471237,s130.871784
029_20,s-1.189782,s1.533632,s108.931440
029_21,s-0.664297,s1.753164,s59.647838
029_22,s1.527113,s1.258834,s65.638044
029_23,s-1.974268,s-0.160983,s212.741513
029_24,s0.905897,s1.784791,s53.800237
029_25,s1.297915,s-1.724089,s357.038678
029_26,s-0.798956,s-2.028812,s187.773810
029_27,s-1.841018,s-1.070106,s60.258587
029_28,s2.143052,s-0.295685,s160.095703
030_0,s0.027497,s-0.028163,s10.454428
030_1,s-0.369920,s-0.306029,s167.522853
030_2,s0.292295,s-0.217739,s209.026935
030_3,s-0.674149,s0.119688,s95.366812
030_4,s0.513394,s0.866887,s164.544341
030_5,s-1.108934,s-0.321287,s221.873070
030_6,s0.876635,s-0.546695,s236.616512
030_7,s-0.230321,s0.794345,s357.463704
030_8,s-0.796589,s0.767367,s118.432845
030_9,s0.462363,s-1.184218,s38.839781
030_10,s1.108222,s0.753983,s36.139362
030_11,s-0.563032,s-1.360995,s37.541159
030_12,s0.917782,s0.288829,s206.716748
030_13,s-0.540457,s1.409045,s109.039096
030_14,s-1.339376,s-0.777137,s155.904885
030_15,s1.507538,s1.059116,s342.673588
030_16,s1.506073,s-0.411690,s250.444653
030_17,s0.951746,s-1.122525,s212.802653
030_18,s-0.115856,s1.869063,s223.472646
030_19,s-0.078553,s-1.495707,s250.485316
030_20,s0.784925,s1.556935,s328.490840
030_21,s1.571259,s-1.078413,s262.162220
030_22,s1.849189,s0.196771,s200.500061
030_23,s-0.459553,s-1.763423,s220.519495
030_24,s0.892723,s-1.858995,s209.332902
030_25,s-1.820595,s0.601210,s202.417544
030_26,s-1.823579,s-0.659446,s49.289348
030_27,s-0.951800,s-1.737532,s176.458117
030_28,s1.972393,s0.620330,s332.106785
030_29,s-1.662372,s1.386483,s220.294088
031_0,s0.015560,s0.028943,s82.597904
031_1,s0.390708,s0.019867,s326.829227
031_2,s0.241199,s0.568898,s16.800666
031_3,s-0.021955,s-0.456220,s232.284866
031_4,s-0.747400,s-0.491579,s232.610811
031_5,s-0.375498,s0.449025,s50.073451
031_6,s0.964840,s-0.702335,s39.716121
031_7,s-1.078486,s0.121366,s4.525005
031_8,s1.066631,s0.270462,s193.668101
031_9,s-0.475762,s-1.171492,s217.047849
031_10,s-0.537666,s1.126663,s94.274752
031_11,s-1.068724,s-0.287194,s117.481103
031_12,s0.683786,s0.877747,s310.044287
031_13,s-1.463561,s0.656171,s55.507988
031_14,s0.349810,s1.249257,s342.272011
031_15,s1.289365,s0.648653,s343.603094
031_16,s1.499682,s-0.781332,s9.415498
031_17,s-0.463854,s1.682948,s313.849679
031_18,s0.408584,s-1.226710,s293.641273
031_19,s-1.553215,s0.016989,s62.640091
031_20,s-1.081649,s-1.372552,s22.126105
031_21,s0.964321,s-1.532073,s150.114025
031_22,s-2.069719,s-0.621185,s59.899663
031_23,s-0.887934,s1.539301,s63.781710
031_24,s-1.409644,s1.281706,s97.265339
031_25,s-0.604237,s2.169083,s18.478236
031_26,s-0.597025,s-1.664760,s157.940564
031_27,s1.868334,s0.673361,s327.892127
031_28,s0.424652,s2.328950,s243.772769
031_29,s1.348640,s-1.314555,s308.319100
031_30,s1.143498,s1.612675,s315.007738
032_0,s-0.011280,s0.009602,s104.659668
032_1,s0.136119,s-0.428326,s156.885610
032_2,s-0.146274,s0.452874,s65.292345
032_3,s0.528712,s0.060044,s19.113665
032_4,s0.594638,s-0.579296,s303.518682
032_5,s-0.546918,s-0.451471,s189.583582
032_6,s0.247203,s1.171123,s211.739493
032_7,s-0.912404,s-0.204956,s44.906094
032_8,s1.026557,s0.515404,s248.601555
032_9,s0.235649,s-1.153867,s280.559431
032_10,s-0.345417,s0.952115,s338.704999
032_11,s-0.962155,s-1.003306,s213.935183
032_12,s-0.774279,s0.969233,s54.688185
032_13,s-1.248907,s-0.613197,s111.594078
032_14,s-1.638985,s-0.278949,s48.472225
032_15,s1.421016,s-0.552580,s341.069018
032_16,s1.106329,s0.980127,s295.552309
032_17,s1.245750,s-1.032037,s189.799384
032_18,s-0.389895,s1.849116,s340.971738
032_19,s0.715725,s1.470624,s310.854054
032_20,s-0.311917,s-1.648372,s273.908661
032_21,s1.659650,s0.801371,s216.243621
032_22,s1.890963,s-0.264452,s265.211282
032_23,s-1.537073,s1.445437,s34.760899
032_24,s0.872657,s-1.480999,s127.070815
032_25,s-1.584875,s0.444396,s12.697036
032_26,s-1.344437,s-1.757089,s2.172033
032_27,s-0.492841,s-2.025820,s101.157084
032_28,s1.288244,s-2.000398,s112.395089
032_29,s0.374735,s1.993511,s310.439778
032_30,s-2.029297,s-1.101856,s196.669120
032_31,s-2.347354,s-0.207522,s174.329682
033_0,s-0.052586,s-0.009230,s90.000541
033_1,s0.172658,s0.377987,s9.187194
033_2,s0.239305,s-0.359721,s134.337722
033_3,s0.593107,s-0.230415,s337.126865
033_4,s-0.493825,s0.620549,s147.192330
033_5,s0.371637,s-0.806297,s224.644890
033_6,s-1.031475,s-0.498222,s4.336884
033_7,s0.570062,s0.677996,s284.353592
033_8,s-0.443918,s-1.247326,s307.372097
033_9,s-0.194415,s1.056829,s31.159205
033_10,s1.207357,s-0.127603,s11.416858
033_11,s0.842835,s-0.675556,s287.256526
033_12,s-0.772493,s0.902559,s61.127972
033_13,s-0.874943,s-0.785708,s161.083802
033_14,s-1.407338,s0.685433,s59.408323
033_15,s0.640914,s1.177153,s325.540077
033_16,s1.551365,s0.446616,s204.975959
033_17,s0.364287,s-1.351188,s179.346498
033_18,s1.492782,s-0.943960,s314.650329
033_19,s-1.507666,s-0.707502,s168.182821
033_20,s0.895217,s-1.607338,s188.982703
033_21,s1.325516,s1.406422,s357.384829
033_22,s0.369457,s1.590532,s6.293094
033_23,s-0.737194,s-1.641874,s95.406039
033_24,s-1.958215,s-0.900764,s121.377934
033_25,s-1.689062,s1.294315,s29.912987
033_26,s0.148212,s-2.373236,s31.524684
033_27,s1.944440,s0.839725,s16.221325
033_28,s1.889888,s-1.403912,s87.196848
033_29,s-0.470455,s2.116892,s129.354060
033_30,s2.612252,s0.231464,s116.847096
033_31,s-1.800491,s-1.831605,s231.583099
033_32,s-1.320474,s1.730682,s16.412207
034_0,s0.027834,s-0.084515,s334.098580
034_1,s-0.136650,s1.033929,s238.391534
034_2,s-0.640425,s0.807664,s201.860066
034_3,s-0.959816,s0.333324,s183.770577
034_4,s-1.083081,s-0.763660,s293.358110
034_5,s-0.606937,s-1.135392,s312.859003
034_6,s0.040318,s-1.267017,s358.953165
034_7,s1.075584,s-1.168011,s88.114311
034_8,s0.821752,s-0.568991,s317.111367
034_9,s1.644176,s0.181183,s173.542328
034_10,s1.067692,s1.003879,s195.792027
034_11,s0.712607,s1.772784,s193.570521
034_12,s0.140171,s1.379653,s24.757953
034_13,s-0.434368,s1.413890,s37.842214
034_14,s-0.951559,s1.432994,s77.826757
034_15,s-1.662336,s0.721778,s295.872005
034_16,s-1.938745,s0.022099,s299.963371
034_17,s-1.741286,s-0.557601,s302.844355
034_18,s-1.545768,s-1.007460,s236.935574
034_19,s-1.058755,s-1.640848,s226.023994
034_20,s-0.318892,s-1.960378,s242.510499
034_21,s0.622334,s-2.039505,s26.847051
034_22,s1.023231,s-1.921436,s333.532166
034_23,s1.853722,s-1.377218,s57.448474
034_24,s2.126325,s-0.931211,s29.419147
034_25,s2.132100,s-0.227243,s309.591025
034_26,s2.549909,s0.652608,s138.446604
034_27,s2.291977,s1.194665,s101.655456
034_28,s1.545533,s1.916674,s180.198477
034_29,s0.644445,s2.483476,s224.956194
034_30,s0.180711,s2.260541,s60.899493
034_31,s-0.616864,s2.912583,s136.560407
034_32,s-1.512136,s1.971005,s296.203425
034_33,s-1.918607,s1.558625,s53.362953
035_0,s0.000283,s0.002727,s266.741280
035_1,s-0.054096,s0.910943,s45.667874
035_2,s-0.754762,s0.959348,s190.157236
035_3,s-1.328349,s-0.084043,s325.679944
035_4,s-1.202848,s-0.526657,s232.343735
035_5,s-0.659920,s-1.352964,s279.524793
035_6,s0.290424,s-1.342751,s183.546718
035_7,s0.847481,s-1.216597,s315.527417
035_8,s1.579356,s-0.524602,s295.715569
035_9,s1.390152,s0.148400,s248.931768
035_10,s1.762629,s0.578147,s64.854861
035_11,s0.985827,s1.678739,s181.644287
035_12,s-0.160769,s1.756766,s262.429247
035_13,s-0.575745,s1.898604,s62.983538
035_14,s-1.037163,s1.402526,s40.067174
035_15,s-1.895590,s0.686408,s315.283264
035_16,s-1.965889,s0.141908,s45.305748
035_17,s-1.971011,s-0.622708,s237.537346
035_18,s-1.628530,s-1.265945,s167.535869
035_19,s-1.287842,s-1.746065,s269.793483
035_20,s-0.090662,s-2.352736,s28.692394
035_21,s0.490869,s-2.247310,s149.018196
035_22,s1.176073,s-2.023284,s355.022044
035_23,s1.751755,s-1.469290,s185.722760
035_24,s2.133313,s-0.949977,s275.314925
035_25,s2.589940,s-0.032451,s197.908178
035_26,s2.303942,s0.715889,s218.572766
035_27,s2.043065,s1.355939,s301.045207
035_28,s1.857866,s1.774739,s81.379403
035_29,s1.031858,s2.708127,s175.350504
035_30,s-0.073548,s2.567382,s277.503337
035_31,s-0.501516,s2.595336,s65.500006
035_32,s-1.669771,s2.374146,s290.897389
035_33,s-1.794446,s2.042902,s128.981075
035_34,s-2.591558,s1.001301,s354.635516
036_0,s-0.001177,s0.000674,s277.168029
036_1,s-0.197969,s-0.233358,s100.278048
036_2,s-0.434293,s0.239357,s53.182710
036_3,s0.307125,s-0.564165,s122.843272
036_4,s0.265766,s0.457199,s346.829435
036_5,s0.707582,s-0.690529,s226.116489
036_6,s0.931059,s0.523615,s26.968385
036_7,s-0.465524,s0.875020,s289.356845
036_8,s-1.046655,s-0.661429,s276.736748
036_9,s0.926309,s-0.155247,s295.215881
036_10,s-1.027244,s0.933099,s16.887001
036_11,s-0.661262,s-1.046080,s239.430075
036_12,s-0.394303,s1.535114,s248.503963
036_13,s-1.417095,s-0.590820,s19.470256
036_14,s-1.216481,s0.423926,s76.444088
036_15,s0.643551,s-1.170035,s178.780004
036_16,s-1.165208,s-0.999187,s171.040685
036_17,s-0.687438,s-1.536055,s136.546435
036_18,s1.246324,s1.083489,s58.969163
036_19,s1.308254,s0.377453,s328.454777
036_20,s1.416683,s-0.906058,s247.855399
036_21,s0.892013,s1.672947,s29.847499
036_22,s-1.784972,s-0.967285,s48.956676
036_23,s-0.694196,s1.695995,s3.564405
036_24,s1.139815,s-1.556557,s271.478102
036_25,s-0.568275,s-1.999487,s222.867998
036_26,s-1.507996,s1.573506,s118.592111
036_27,s2.112367,s-0.251206,s173.644979
036_28,s-2.100163,s0.817930,s42.085367
036_29,s1.969212,s0.868091,s205.707378
036_30,s0.796348,s-2.132091,s238.149303
036_31,s-2.044686,s0.383178,s180.973670
036_32,s1.580582,s1.533543,s330.516892
036_33,s-1.088573,s2.113242,s100.387581
036_34,s-1.769480,s-1.353896,s190.019357
036_35,s-0.206159,s2.131286,s291.741188
037_0,s0.000000,s0.000000,s258.435292
037_1,s-0.167742,s-0.417567,s201.727049
037_2,s-0.329647,s0.306321,s343.107429
037_3,s0.302145,s0.629810,s257.517808
037_4,s-0.856680,s0.275860,s36.912955
037_5,s-0.617562,s-0.425578,s121.797102
037_6,s0.653843,s-0.543129,s278.969495
037_7,s0.992705,s0.120571,s313.770068
037_8,s-0.584683,s0.811262,s58.055322
037_9,s0.866682,s1.162481,s232.023587
037_10,s0.980478,s-0.927988,s206.314438
037_11,s-0.782457,s1.338007,s8.193595
037_12,s-0.653517,s-0.884825,s159.965174
037_13,s0.745514,s-1.471974,s84.989491
037_14,s-1.625610,s0.547488,s219.209119
037_15,s-0.738742,s-1.750503,s244.285035
037_16,s-1.230801,s-1.172659,s55.143451
037_17,s0.466938,s-1.944728,s198.966140
037_18,s-0.126562,s1.444466,s51.978900
037_19,s1.814844,s0.358943,s146.912751
037_20,s1.599235,s-1.019567,s202.861702
037_21,s-1.848704,s0.069233,s190.247580
037_22,s0.812272,s1.436215,s52.737322
037_23,s1.435590,s1.193556,s306.766219
037_24,s-1.378571,s1.379145,s125.785565
037_25,s1.922402,s-0.326909,s279.495543
037_26,s-0.068819,s1.927863,s14.928345
037_27,s-1.776108,s-1.298245,s146.692008
037_28,s1.296853,s1.777124,s343.891737
037_29,s-0.968281,s-2.250541,s121.670634
037_30,s-1.161355,s2.157256,s300.296823
037_31,s0.383638,s2.217053,s280.328263
037_32,s-2.199650,s0.286447,s140.938084
037_33,s-0.610162,s-2.372805,s250.512867
037_34,s2.161219,s-1.190833,s313.652705
037_35,s-2.194558,s-1.021501,s356.554536
037_36,s1.298851,s-1.775665,s240.306407
038_0,s0.140953,s0.045576,s323.704829
038_1,s0.229460,s-0.451324,s254.110724
038_2,s-0.293321,s-0.162185,s163.541346
038_3,s0.180929,s0.841047,s13.825375
038_4,s0.726918,s-0.137284,s336.010738
038_5,s-0.155398,s-0.846898,s190.380722
038_6,s-0.860804,s0.270605,s191.457098
038_7,s0.886125,s-0.908244,s235.655501
038_8,s-0.209489,s0.423460,s62.651251
038_9,s1.150375,s0.677486,s273.774772
038_10,s-0.775564,s-0.634838,s112.189083
038_11,s0.860862,s0.995833,s13.788900
038_12,s0.240739,s-1.250225,s256.112407
038_13,s-1.269641,s0.863769,s168.067843
038_14,s-0.570185,s1.616362,s284.965760
038_15,s-0.701130,s-1.160500,s210.428082
038_16,s-1.607219,s-0.777467,s111.008314
038_17,s-0.798885,s1.119243,s18.688283
038_18,s-1.702656,s0.096225,s97.609980
038_19,s1.215445,s-0.490736,s345.469019
038_20,s-1.208016,s-1.261515,s154.304515
038_21,s0.553323,s-1.713465,s159.266386
038_22,s1.319640,s1.322652,s14.729378
038_23,s-1.892999,s0.883325,s348.859716
038_24,s-1.060085,s-1.803218,s204.412332
038_25,s0.811320,s-2.338430,s116.536599
038_26,s0.700402,s1.996998,s22.774723
038_27,s1.168849,s-1.532554,s192.228517
038_28,s1.613745,s-0.829428,s275.026737
038_29,s1.709643,s-1.619794,s263.477131
038_30,s1.794414,s1.167449,s293.023266
038_31,s-0.405949,s2.206899,s287.954347
038_32,s-0.942087,s2.281011,s353.374885
038_33,s-2.138339,s-0.416149,s132.142946
038_34,s2.036067,s0.567818,s174.998704
038_35,s-1.358327,s1.904491,s30.902842
038_36,s-2.293852,s1.471735,s146.466211
038_37,s1.636696,s1.805046,s342.333361
039_0,s0.070114,s-0.061680,s100.482924
039_1,s0.320127,s-0.335286,s234.020019
039_2,s0.045982,s0.392919,s288.442853
039_3,s-0.084237,s-0.560894,s151.836891
039_4,s0.700565,s0.193348,s246.066062
039_5,s-1.144691,s-0.025246,s231.798167
039_6,s-0.333180,s0.504157,s95.127553
039_7,s-0.852620,s-0.767849,s160.849728
039_8,s0.527826,s0.972990,s71.397579
039_9,s0.259897,s-0.944056,s233.397421
039_10,s-0.392344,s1.246572,s19.401205
039_11,s-1.261977,s0.606546,s352.695666
039_12,s1.129939,s0.670283,s226.229569
039_13,s-1.517717,s-0.556954,s46.532273
039_14,s1.088466,s-0.480107,s280.414711
039_15,s1.126636,s-0.952048,s211.131618
039_16,s-0.558503,s-1.290026,s185.731709
039_17,s0.731289,s1.364052,s258.120279
039_18,s-1.414490,s-0.993959,s152.501343
039_19,s1.732923,s0.870999,s223.382987
039_20,s0.284212,s-1.487706,s145.362024
039_21,s1.621006,s-0.962562,s239.471747
039_22,s0.979839,s-1.477882,s167.465080
039_23,s-1.490152,s1.708922,s268.572802
039_24,s-1.812103,s0.565780,s112.483752
039_25,s-1.480009,s-1.938209,s295.786990
039_26,s-1.629865,s1.009504,s65.213112
039_27,s0.944331,s2.008939,s257.247161
039_28,s1.720060,s1.327076,s295.473046
039_29,s1.488797,s-1.894303,s153.647124
039_30,s1.863580,s-1.560977,s200.100938
039_31,s1.952867,s-0.226995,s251.026070
039_32,s0.365968,s-2.248954,s246.465279
039_33,s-0.861572,s2.129498,s26.518778
039_34,s-2.051723,s-0.542874,s103.845350
039_35,s-2.162606,s-1.175167,s175.681089
039_36,s0.169143,s2.228126,s181.205610
039_37,s-2.352047,s0.754126,s15.560055
039_38,s2.180912,s-0.906958,s297.185569
040_0,s0.000000,s0.000000,s60.999782
040_1,s-0.381150,s-0.323612,s112.047075
040_2,s0.497183,s0.235179,s36.459434
040_3,s0.233840,s-0.441949,s303.527453
040_4,s-0.635534,s0.772073,s148.535891
040_5,s0.741412,s0.812593,s56.191564
040_6,s0.804541,s-0.505187,s248.355020
040_7,s0.161462,s-0.885398,s203.274116
040_8,s-1.152504,s0.601444,s84.255673
040_9,s-0.652221,s-0.822866,s146.485004
040_10,s0.050592,s1.549174,s260.068686
040_11,s-0.295589,s1.163025,s83.216637
040_12,s0.898214,s-1.159359,s262.698435
040_13,s-0.995734,s-0.092268,s115.002402
040_14,s-1.244080,s-0.744825,s103.498627
040_15,s1.377789,s0.248391,s61.540876
040_16,s-0.648303,s-1.679197,s77.062330
040_17,s1.101549,s0.942916,s252.580268
040_18,s-0.192412,s-1.285682,s182.239667
040_19,s1.692187,s-0.864003,s205.672891
040_20,s1.472357,s1.278540,s328.468048
040_21,s-0.308221,s1.925487,s291.184457
040_22,s-1.241640,s1.303200,s116.924543
040_23,s-1.958246,s-0.606441,s49.037654
040_24,s1.121710,s-1.595076,s228.454662
040_25,s1.072135,s1.628811,s63.817929
040_26,s-0.696461,s1.713897,s89.864639
040_27,s-1.616405,s-1.636225,s143.991089
040_28,s-1.691188,s0.172863,s60.728220
040_29,s1.612514,s-0.349714,s72.450062
040_30,s1.883162,s0.252387,s241.671984
040_31,s1.970130,s0.979074,s255.740708
040_32,s-0.065816,s-2.249037,s238.766187
040_33,s-0.990556,s2.131032,s59.884129
040_34,s-0.959173,s-2.308677,s267.936681
040_35,s2.014898,s-0.377738,s235.273837
040_36,s1.017473,s2.283582,s250.810787
040_37,s-2.045651,s-1.156638,s137.372588
040_38,s2.106435,s-1.844704,s331.958493
040_39,s2.218842,s1.788642,s353.412623
041_0,s-0.147643,s-0.079769,s70.334518
041_1,s0.137310,s0.925125,s132.844189
041_2,s-0.537140,s0.709275,s83.044567
041_3,s-1.140382,s0.316859,s48.409656
041_4,s-1.425812,s-0.138488,s190.401241
041_5,s-0.649657,s-1.321238,s41.277197
041_6,s0.305352,s-1.389970,s97.446441
041_7,s0.664635,s-1.181496,s306.407396
041_8,s1.419877,s-0.610284,s341.591209
041_9,s0.799063,s0.364179,s212.377317
041_10,s1.650490,s0.932711,s117.727196
041_11,s0.718384,s1.384183,s190.723942
041_12,s0.091284,s1.656967,s206.030033
041_13,s-0.471666,s1.415283,s339.739271
041_14,s-1.015438,s1.098751,s1.302936
041_15,s-1.538552,s1.146548,s114.335080
041_16,s-1.928886,s0.069378,s24.982380
041_17,s-1.769329,s-0.770244,s32.530455
041_18,s-1.433620,s-1.412129,s3.436396
041_19,s-1.109760,s-2.083272,s350.147991
041_20,s-0.041566,s-1.940536,s96.757407
041_21,s0.520888,s-1.926370,s185.979625
041_22,s1.008529,s-1.790330,s347.526025
041_23,s1.626279,s-1.618588,s12.891915
041_24,s1.963701,s-0.782789,s244.409038
041_25,s2.469369,s-0.101682,s111.976912
041_26,s2.018468,s0.607134,s321.806828
041_27,s1.800784,s1.439008,s270.308349
041_28,s1.445112,s1.729407,s154.977134
041_29,s0.602119,s2.098816,s220.844398
041_30,s0.128522,s2.244629,s9.166829
041_31,s-0.439359,s2.464642,s130.835736
041_32,s-1.297627,s2.182070,s174.612686
041_33,s-1.656702,s1.584379,s69.040008
041_34,s-2.401533,s1.517668,s163.797717
041_35,s-2.753548,s0.290473,s323.473471
041_36,s-2.477211,s-0.218977,s68.148532
041_37,s-2.373287,s-1.135019,s31.412142
041_38,s-2.275304,s-1.617678,s306.870175
041_39,s-1.840764,s-1.908607,s224.896458
041_40,s-1.066996,s-2.570594,s302.032826
042_0,s0.091088,s-0.117678,s169.118015
042_1,s-0.260577,s0.261524,s327.520398
042_2,s-0.650666,s0.025707,s87.492718
042_3,s0.473329,s0.151305,s239.713711
042_4,s0.478270,s0.556238,s16.459566
042_5,s-0.146866,s1.000430,s358.446853
042_6,s-0.654020,s0.608493,s355.715943
042_7,s0.373775,s-0.794060,s314.795382
042_8,s-0.337149,s-0.560367,s81.166403
042_9,s1.339365,s0.334874,s75.040111
042_10,s-0.790534,s-0.851794,s149.467081
042_11,s0.672601,s1.088963,s270.528637
042_12,s-1.352432,s0.513929,s319.133228
042_13,s-0.334564,s-1.338428,s293.817412
042_14,s-1.291779,s-0.481925,s57.584284
042_15,s0.835634,s-0.972585,s268.463176
042_16,s0.598963,s1.585874,s58.510359
042_17,s0.569841,s-1.293166,s166.331939
042_18,s-0.865720,s1.358457,s65.507195
042_19,s1.293510,s-0.599132,s350.376624
042_20,s-1.389982,s-0.903622,s143.089671
042_21,s1.870261,s0.417254,s176.435855
042_22,s-1.780504,s0.331669,s126.179135
042_23,s-0.846149,s-1.548515,s203.984115
042_24,s-0.319309,s1.899841,s47.389976
042_25,s1.805774,s-0.780177,s199.178548
042_26,s1.195547,s1.432952,s9.582056
042_27,s-1.901475,s-0.741848,s44.318299
042_28,s-1.365491,s-1.864966,s190.181621
042_29,s1.549087,s0.813187,s275.874475
042_30,s-1.676972,s0.865654,s89.382741
042_31,s0.383849,s-2.203249,s223.923239
042_32,s1.072694,s-1.497438,s237.901598
042_33,s-2.080545,s-1.219190,s125.133603
042_34,s2.155936,s-0.186003,s235.283706
042_35,s-1.829129,s1.464249,s98.763872
042_36,s-2.382058,s0.501279,s160.454376
042_37,s-1.535178,s1.941227,s72.276982
042_38,s-1.177322,s2.389150,s217.893613
042_39,s1.941633,s-1.776387,s292.160902
042_40,s1.648514,s1.667659,s241.288834
042_41,s-0.417881,s-2.595536,s96.681664
043_0,s0.000000,s0.000000,s150.594889
043_1,s0.207352,s-0.454978,s185.830209
043_2,s0.220720,s0.392151,s293.073994
043_3,s-0.519192,s0.391075,s181.341194
043_4,s-0.555292,s-0.708273,s169.121648
043_5,s-0.769343,s0.714571,s40.943985
043_6,s0.931834,s-0.976824,s26.502456
043_7,s0.053527,s0.898407,s318.624913
043_8,s-0.538558,s1.183197,s329.946020
043_9,s1.320618,s-0.464724,s196.196295
043_10,s1.027057,s0.796966,s259.640064
043_11,s-0.952943,s-0.549454,s99.088148
043_12,s0.977920,s1.328975,s27.373668
043_13,s-0.573395,s-1.653396,s231.359377
043_14,s-1.292452,s0.538116,s226.090338
043_15,s0.698603,s0.044196,s280.480262
043_16,s1.798092,s-0.613893,s291.707927
043_17,s-1.171608,s-1.089648,s114.506205
043_18,s1.103207,s-1.358468,s172.331360
043_19,s-1.171150,s1.621236,s278.838394
043_20,s1.445289,s1.290911,s219.717446
043_21,s-0.495051,s2.040815,s35.765916
043_22,s-1.582624,s1.737182,s101.690098
043_23,s-1.834359,s0.240057,s217.698890
043_24,s-1.221480,s-1.583662,s216.480502
043_25,s2.059096,s0.412463,s205.862425
043_26,s2.211540,s0.932251,s348.531162
043_27,s1.559680,s-1.621696,s200.019206
043_28,s-0.505601,s-2.243740,s177.961114
043_29,s-2.120163,s0.753266,s248.626914
043_30,s1.400462,s2.027550,s225.501167
043_31,s-1.952800,s-0.623758,s40.680497
043_32,s-1.236940,s2.172551,s12.575736
043_33,s0.530601,s-1.981935,s15.102013
043_34,s0.920707,s-2.324285,s233.864041
043_35,s0.830083,s2.144985,s333.631239
043_36,s-2.463193,s0.427413,s88.628547
043_37,s2.182520,s-1.113152,s335.147819
043_38,s-2.387451,s-1.462900,s322.851877
043_39,s-1.804944,s-1.871410,s189.230074
043_40,s2.672474,s0.648371,s175.416652
043_41,s-2.263971,s1.060395,s60.550558
043_42,s2.838289,s-0.458864,s163.137217
044_0,s0.011391,s-0.000753,s231.963014
044_1,s0.146418,s0.613168,s236.282949
044_2,s-0.323317,s0.209243,s9.982449
044_3,s-0.305482,s-0.633684,s246.399682
044_4,s-0.641288,s-0.077466,s177.854666
044_5,s0.894112,s-0.149578,s335.679746
044_6,s0.629332,s-0.645532,s241.158304
044_7,s0.601289,s0.799572,s294.779099
044_8,s-1.132482,s0.338824,s177.321824
044_9,s-0.943627,s-0.733659,s72.921302
044_10,s0.458633,s-1.166567,s161.901686
044_11,s-0.739089,s0.848100,s111.189405
044_12,s-0.674779,s1.265945,s289.525005
044_13,s0.957602,s-1.310280,s192.091458
044_14,s0.779627,s1.311642,s31.373149
044_15,s1.374766,s-0.289353,s209.380169
044_16,s-0.852372,s-1.225690,s261.706741
044_17,s-1.545792,s0.850479,s71.628384
044_18,s-0.630081,s1.776435,s1.451663
044_19,s1.413978,s0.710600,s301.986540
044_20,s-0.479917,s-2.058657,s275.163993
044_21,s-1.694184,s-0.254308,s358.562656
044_22,s-1.476819,s1.340350,s318.726080
044_23,s1.253421,s1.337304,s290.350268
044_24,s-1.175166,s-1.787965,s40.327061
044_25,s1.504895,s-1.056507,s174.599640
044_26,s-1.824881,s-0.831164,s82.020988
044_27,s1.333586,s1.964850,s74.062575
044_28,s1.979356,s0.465687,s300.537835
044_29,s-1.748592,s-1.711382,s70.726609
044_30,s0.598638,s-2.152478,s135.053273
044_31,s1.983860,s-0.354417,s29.080041
044_32,s-0.941787,s-2.101258,s162.243214
044_33,s-2.227136,s0.622408,s23.362150
044_34,s0.370754,s2.387808,s156.046849
044_35,s2.245951,s1.207048,s327.596708
044_36,s-1.930226,s1.411112,s42.331864
044_37,s1.764646,s-1.892870,s175.875856
044_38,s-1.529229,s1.868756,s33.453492
044_39,s2.359122,s-0.487529,s272.950021
044_40,s-1.141620,s2.243071,s332.531213
044_41,s1.413060,s-2.500253,s67.711987
044_42,s2.019734,s-1.507317,s342.709005
044_43,s2.410278,s0.246069,s258.385268
045_0,s-0.013020,s-0.199154,s288.878789
045_1,s-0.466941,s-0.499282,s205.800185
045_2,s-0.190031,s0.281495,s60.116583
045_3,s0.540917,s-0.479330,s175.888269
045_4,s-1.002308,s-0.153196,s191.342472
045_5,s1.002179,s-0.352707,s291.130906
045_6,s0.394067,s0.342535,s16.279405
045_7,s-0.912287,s0.350307,s106.120404
045_8,s-0.242043,s0.923788,s63.424957
045_9,s0.863115,s0.519622,s353.060467
045_10,s0.388225,s-1.521439,s296.260872
045_11,s-1.284840,s-0.618209,s122.893513
045_12,s-0.076441,s1.454704,s344.313885
045_13,s-0.008434,s-1.288559,s148.741127
045_14,s-1.045504,s1.029661,s115.939930
045_15,s1.550196,s0.160763,s28.806020
045_16,s0.532453,s1.176455,s14.867685
045_17,s-0.738880,s-1.228813,s70.998311
045_18,s1.260361,s-0.917385,s329.007473
045_19,s-0.605048,s1.612779,s40.675081
045_20,s1.335801,s-1.373717,s127.597411
045_21,s-1.639740,s1.137709,s359.734195
045_22,s-1.890737,s0.075464,s84.773852
045_23,s-0.954434,s-1.794039,s86.999115
045_24,s2.158367,s0.502399,s153.634919
045_25,s1.684178,s0.867513,s25.884671
045_26,s0.205136,s-1.921184,s183.749000
045_27,s1.736626,s-1.265989,s232.178964
045_28,s0.566295,s1.967346,s352.535204
045_29,s-1.941392,s0.775388,s103.004829
045_30,s1.437624,s1.788534,s350.573252
045_31,s2.311227,s0.977419,s270.725675
045_32,s1.853864,s-0.530809,s288.908445
045_33,s-0.359151,s2.051572,s1.075144
045_34,s0.745089,s-2.277988,s316.618426
045_35,s-1.475710,s-2.253053,s236.697725
045_36,s-0.453415,s-2.121234,s203.918650
045_37,s2.414163,s-0.835933,s172.182352
045_38,s-2.002444,s-1.443054,s148.078646
045_39,s-1.790580,s2.063119,s79.595717
045_40,s1.912689,s1.299296,s342.903450
045_41,s1.795393,s-1.817893,s165.331955
045_42,s-2.422429,s1.037693,s26.549007
045_43,s0.794007,s-2.799250,s287.574075
045_44,s-2.216777,s-0.323426,s175.652176
046_0,s0.000000,s0.000000,s151.871316
046_1,s0.416573,s-0.170196,s202.792200
046_2,s0.380949,s0.587263,s215.597567
046_3,s-0.155414,s0.501053,s358.636672
046_4,s-0.523067,s0.170003,s43.496608
046_5,s0.222189,s-0.726163,s164.174280
046_6,s-0.448969,s-0.780017,s213.529327
046_7,s-0.636514,s-0.291291,s129.074975
046_8,s0.217899,s0.924673,s317.615995
046_9,s0.942888,s-0.333109,s240.264896
046_10,s-0.613905,s0.851834,s12.854787
046_11,s0.937885,s0.665487,s228.116838
046_12,s0.562365,s-1.351839,s125.224899
046_13,s1.485914,s-0.205086,s274.646893
046_14,s1.021367,s1.231588,s292.173585
046_15,s0.946812,s-0.962313,s265.656393
046_16,s-1.383095,s0.891283,s212.576071
046_17,s-0.674962,s-1.226551,s106.428444
046_18,s-1.495237,s-0.808866,s80.147226
046_19,s-0.800084,s-1.723330,s134.590569
046_20,s0.989709,s-1.490381,s162.239708
046_21,s0.872167,s1.898672,s130.280621
046_22,s-1.180836,s-0.077988,s27.870108
046_23,s1.724883,s0.514567,s225.044361
046_24,s1.913419,s-0.801842,s249.951600
046_25,s-1.924877,s0.542999,s33.840558
046_26,s-1.762444,s1.183916,s291.796094
046_27,s-0.987453,s1.739235,s46.688662
046_28,s1.355559,s1.980520,s19.605891
046_29,s-2.214251,s-0.399489,s60.436611
046_30,s-0.053009,s1.549093,s337.656387
046_31,s-1.438894,s-1.718485,s119.007217
046_32,s1.590949,s-1.519312,s214.712370
046_33,s2.080775,s1.474067,s157.978477
046_34,s2.361631,s0.427431,s249.305769
046_35,s-0.453259,s1.998575,s318.809546
046_36,s0.060353,s-2.337148,s265.541356
046_37,s-2.076928,s-1.275372,s62.284622
046_38,s-0.795744,s-2.320048,s158.572828
046_39,s-2.121693,s2.005350,s160.329910
046_40,s2.209022,s-1.371212,s199.808842
046_41,s0.191087,s2.772656,s253.150832
046_42,s1.398068,s-2.192123,s123.679656
046_43,s-0.962945,s2.307106,s299.225446
046_44,s-2.536513,s0.925257,s104.583509
046_45,s-1.555119,s2.388327,s65.241118
047_0,s0.012640,s-0.013403,s224.348874
047_1,s0.529544,s0.253680,s233.839770
047_2,s-0.386520,s0.024537,s81.701049
047_3,s-0.138403,s-0.521018,s147.598590
047_4,s-0.132418,s0.420179,s12.405387
047_5,s-0.854012,s-0.287015,s120.371044
047_6,s0.476966,s0.630298,s357.898984
047_7,s0.892926,s-0.394737,s147.825879
047_8,s-0.639948,s0.594577,s37.941760
047_9,s-0.051182,s-1.113432,s180.543172
047_10,s0.917967,s0.900893,s301.592562
047_11,s0.772151,s-1.166098,s273.021164
047_12,s-1.423941,s0.106506,s87.988971
047_13,s0.147836,s1.079797,s54.312389
047_14,s1.276224,s-0.400768,s285.259967
047_15,s1.515903,s0.234588,s254.070367
047_16,s-1.313360,s-0.998706,s298.783289
047_17,s-1.391744,s0.646118,s25.988425
047_18,s0.929237,s-1.672245,s248.317435
047_19,s-0.732068,s-1.245091,s188.205490
047_20,s0.352930,s1.619080,s21.472690
047_21,s-0.632219,s1.334305,s69.181371
047_22,s-1.644036,s-0.430086,s105.177944
047_23,s1.861401,s0.672819,s249.273749
047_24,s-0.405312,s1.755519,s27.744134
047_25,s0.389868,s-1.739800,s1.324564
047_26,s1.723926,s-1.157271,s298.443792
047_27,s1.070995,s1.866885,s145.537248
047_28,s1.695022,s1.405364,s270.735868
047_29,s-1.324594,s-1.369165,s173.208268
047_30,s-1.976058,s0.646243,s34.646856
047_31,s-1.678578,s1.569998,s347.848809
047_32,s-0.516385,s-2.117056,s270.190196
047_33,s-1.915438,s-1.138763,s191.873989
047_34,s0.238503,s2.462384,s15.030749
047_35,s0.873116,s-2.205341,s170.295975
047_36,s-0.848302,s-2.426363,s217.031838
047_37,s2.363238,s-1.299916,s274.655153
047_38,s1.278781,s2.232588,s293.457229
047_39,s1.572218,s-2.343398,s265.413371
047_40,s2.238784,s-0.301428,s238.086207
047_41,s-2.697279,s-0.347895,s173.779897
047_42,s-2.056899,s-1.859763,s140.373160
047_43,s2.738473,s0.137552,s211.118588
047_44,s-1.268174,s-2.412597,s98.018111
047_45,s-1.022337,s2.223295,s49.745091
047_46,s-2.678714,s1.163384,s35.613154
048_0,s0.001990,s-0.000631,s277.928143
048_1,s-0.333053,s-0.146659,s184.692134
048_2,s0.208064,s-0.520134,s270.566227
048_3,s0.666843,s-0.881740,s155.948578
048_4,s-0.229180,s0.499976,s31.690817
048_5,s0.360410,s0.548462,s266.092158
048_6,s0.947573,s-0.083456,s220.870210
048_7,s-0.863167,s0.408267,s179.857369
048_8,s0.317213,s1.131969,s38.602135
048_9,s-0.820969,s-0.478027,s117.844373
048_10,s0.796717,s0.956822,s274.393230
048_11,s-0.936896,s0.813945,s45.040671
048_12,s0.629464,s1.588380,s35.880942
048_13,s-0.570891,s-1.017204,s131.792377
048_14,s1.330800,s0.446125,s318.063638
048_15,s-0.641809,s1.388961,s65.055628
048_16,s-1.525299,s0.560564,s153.053189
048_17,s0.879115,s-1.520129,s333.012875
048_18,s-1.816198,s-0.966208,s359.032891
048_19,s1.529543,s-0.769324,s290.458098
048_20,s0.070593,s-1.061104,s138.301108
048_21,s-1.399600,s-1.182385,s166.686562
048_22,s0.579662,s-1.826986,s140.106283
048_23,s1.896671,s0.264250,s256.696293
048_24,s1.194087,s1.454960,s275.394676
048_25,s1.873563,s-1.368263,s132.293828
048_26,s-0.544304,s1.926235,s295.271820
048_27,s-0.905964,s-1.721377,s163.894115
048_28,s-1.910952,s-1.418439,s141.162115
048_29,s2.109893,s-1.064226,s264.320603
048_30,s1.034303,s-1.988181,s237.509650
048_31,s2.301813,s0.590615,s332.020707
048_32,s-1.458869,s2.034636,s279.626179
048_33,s-1.933781,s1.403142,s202.742255
048_34,s1.095777,s1.919080,s345.382652
048_35,s-0.444506,s-1.989266,s192.671206
048_36,s-2.173795,s0.892209,s107.451546
048_37,s-1.638044,s-2.198680,s185.264654
048_38,s-1.840127,s1.695861,s13.097026
048_39,s-2.369889,s-0.847680,s43.813465
048_40,s0.802584,s-2.509274,s116.183607
048_41,s0.461317,s2.305632,s311.120044
048_42,s-0.159279,s2.547989,s311.302864
048_43,s-0.581251,s2.645634,s50.814938
048_44,s-2.492665,s1.287664,s30.674718
048_45,s2.011113,s1.794619,s24.452378
048_46,s-0.911696,s-2.546653,s177.952523
048_47,s-2.894076,s-1.306285,s205.249163
049_0,s0.168664,s0.053489,s80.817598
049_1,s-0.255940,s-0.390148,s85.467501
049_2,s0.503685,s0.553326,s79.705963
049_3,s0.297805,s-0.294802,s192.642878
049_4,s0.774528,s0.804738,s322.191986
049_5,s-0.431877,s0.549640,s52.239464
049_6,s0.605508,s-0.073135,s286.179253
049_7,s-0.856408,s0.167599,s114.385657
049_8,s-0.881140,s-0.854515,s30.020292
049_9,s-0.386420,s-0.873863,s198.427763
049_10,s0.369522,s1.086858,s12.473802
049_11,s0.740040,s-0.868113,s267.439007
049_12,s-0.544938,s1.214924,s41.980133
049_13,s1.231657,s0.372044,s350.885413
049_14,s-1.432276,s0.794534,s328.278822
049_15,s-1.456505,s-0.521340,s86.212485
049_16,s0.363957,s-1.308736,s192.197200
049_17,s-1.226591,s-1.179841,s198.476199
049_18,s1.145595,s-1.535686,s133.423227
049_19,s1.655766,s0.225794,s168.198115
049_20,s-1.662264,s-0.971734,s133.519810
049_21,s-1.439652,s1.534132,s120.549085
049_22,s1.650527,s-0.752782,s275.847184
049_23,s-1.653036,s0.092490,s35.793036
049_24,s0.855401,s1.416040,s17.435730
049_25,s-0.083126,s1.687246,s63.963519
049_26,s-0.121903,s-1.825780,s150.945218
049_27,s-1.478657,s-1.701901,s83.343543
049_28,s1.631798,s0.774095,s262.383208
049_29,s1.500874,s-1.335616,s229.499289
049_30,s0.509055,s-2.211748,s113.824069
049_31,s1.106285,s-2.080279,s188.389328
049_32,s2.005705,s1.589027,s133.764286
049_33,s1.116463,s1.968754,s266.198880
049_34,s-2.312579,s0.973800,s148.097779
049_35,s2.072127,s-1.081571,s201.406894
049_36,s-0.976747,s2.147889,s59.434575
049_37,s-0.742313,s-2.579053,s113.302310
049_38,s2.343209,s0.357795,s143.931050
049_39,s-0.390221,s2.481718,s229.589386
049_40,s-2.354117,s-1.174555,s82.766912
049_41,s1.009270,s2.342917,s354.844675
049_42,s2.628524,s-0.670064,s232.773968
049_43,s2.673614,s0.634632,s272.799791
049_44,s-1.976616,s1.879787,s146.488706
049_45,s2.199582,s1.987138,s329.158767
049_46,s2.269371,s1.157990,s268.159446
049_47,s-1.655824,s-2.260629,s273.819437
049_48,s-2.574578,s-0.429900,s304.987249
050_0,s-0.025394,s0.005077,s342.752925
050_1,s0.269560,s-0.223049,s238.353263
050_2,s0.673423,s0.077837,s284.087214
050_3,s-0.253524,s-0.313365,s175.498302
050_4,s0.012374,s0.925514,s271.179819
050_5,s-0.795229,s0.401677,s214.833827
050_6,s0.156393,s-0.783738,s177.922157
050_7,s-0.812150,s-0.332986,s131.689056
050_8,s-0.599784,s0.936981,s95.822005
050_9,s0.685159,s1.325780,s54.157413
050_10,s0.687330,s-1.141182,s319.541348
050_11,s-1.320917,s0.189038,s18.797755
050_12,s1.193809,s0.543695,s337.194257
050_13,s-0.452993,s-1.354129,s20.922754
050_14,s1.373618,s-0.199051,s183.982377
050_15,s-0.588966,s1.371396,s280.275277
050_16,s1.704244,s0.298067,s246.122731
050_17,s-1.000010,s1.553904,s341.089579
050_18,s-1.703394,s-0.666628,s359.778024
050_19,s1.154881,s-1.209866,s271.284007
050_20,s-0.100661,s-1.790661,s133.970717
050_21,s0.958694,s-1.709926,s86.557734
050_22,s1.713004,s0.983585,s276.461969
050_23,s-1.086937,s-1.217507,s63.908727
050_24,s-1.477218,s1.098373,s43.150550
050_25,s0.818009,s1.829281,s359.122712
050_26,s-1.458008,s-1.880415,s303.265048
050_27,s-1.713752,s-1.301854,s144.044067
050_28,s-1.621392,s1.722085,s0.514152
050_29,s0.248916,s2.055654,s43.173127
050_30,s-1.980097,s0.335927,s152.990665
050_31,s1.419673,s1.528637,s135.356662
050_32,s0.558035,s-2.116184,s131.066454
050_33,s2.325542,s0.339851,s287.360288
050_34,s1.851231,s-0.439379,s294.793996
050_35,s-2.103780,s-0.996877,s113.548612
050_36,s1.175923,s-2.213639,s310.073166
050_37,s1.301819,s2.155094,s249.685109
050_38,s-0.838418,s2.473344,s57.726350
050_39,s-1.939157,s0.774728,s76.573207
050_40,s2.280498,s-0.784065,s249.836080
050_41,s2.239508,s-1.414872,s140.569937
050_42,s-1.453879,s-2.234628,s173.880148
050_43,s-0.571625,s-2.645630,s298.208961
050_44,s0.540106,s2.624267,s63.361723
050_45,s2.318566,s1.645724,s9.399997
050_46,s2.288059,s-1.983029,s170.022187
050_47,s-2.308810,s1.427225,s337.187667
050_48,s-2.587928,s-0.402996,s45.474773
050_49,s2.738311,s-0.136350,s203.844044
051_0,s0.020511,s-0.005010,s153.571306
051_1,s-0.224939,s0.441304,s126.292436
051_2,s0.166279,s0.307980,s277.257576
051_3,s0.256628,s0.738847,s30.882801
051_4,s0.085268,s-0.860918,s335.540975
051_5,s-0.721203,s-0.283416,s62.828073
051_6,s-0.534257,s0.801308,s92.206997
051_7,s1.185405,s-0.440095,s95.770809
051_8,s1.317278,s0.405949,s116.974944
051_9,s-0.614942,s-1.232685,s4.360031
051_10,s0.696082,s0.862027,s328.913692
051_11,s0.514058,s-1.084794,s269.479842
051_12,s-0.428889,s1.335430,s52.821751
051_13,s-1.289519,s-0.410784,s162.779479
051_14,s0.479816,s1.388068,s60.032929
051_15,s-0.054865,s-1.721277,s333.861927
051_16,s-1.053604,s-1.487097,s88.283081
051_17,s1.370876,s0.892832,s303.009454
051_18,s1.587539,s-0.705435,s172.508118
051_19,s-1.404104,s0.651640,s81.791626
051_20,s0.592449,s-1.651607,s198.846956
051_21,s-0.599293,s-1.710585,s182.290659
051_22,s0.967740,s1.936664,s103.271854
051_23,s1.844525,s0.402625,s154.068937
051_24,s-0.500782,s1.929822,s26.091517
051_25,s-1.879936,s-0.837783,s136.587976
051_26,s-1.084889,s1.149644,s44.040050
051_27,s2.260226,s0.671945,s215.198519
051_28,s-1.761441,s0.131347,s156.513224
051_29,s1.108887,s-1.829669,s296.675450
051_30,s2.190978,s-0.259067,s103.459942
051_31,s1.587344,s1.586054,s314.090124
051_32,s-2.431449,s-0.381020,s5.130659
051_33,s2.065257,s-0.987266,s197.569704
051_34,s-1.139411,s-2.225251,s41.596798
051_35,s-1.936817,s1.176828,s35.816402
051_36,s1.294418,s2.033449,s348.837605
051_37,s-0.553572,s-2.692200,s243.295247
051_38,s1.633523,s-2.017731,s240.714087
051_39,s0.492993,s-2.552014,s240.918520
051_40,s-1.468614,s1.914095,s309.012121
051_41,s-2.666984,s0.639605,s7.664613
051_42,s0.295140,s2.138703,s69.448228
051_43,s2.934151,s-0.246773,s359.141296
051_44,s-2.428888,s-0.752289,s116.991926
051_45,s-0.659965,s2.734446,s17.897008
051_46,s2.627066,s1.373700,s189.391826
051_47,s-1.812601,s-2.145686,s153.421910
051_48,s-1.665735,s-2.707626,s238.087898
051_49,s2.774107,s-0.884482,s22.379918
051_50,s2.671418,s-1.455768,s211.123163
052_0,s-0.021736,s-0.017733,s75.224362
052_1,s0.303935,s0.518888,s67.159399
052_2,s-0.594540,s-0.289392,s100.184952
052_3,s0.212429,s-0.271186,s245.966844
052_4,s-0.661061,s0.524023,s10.576447
052_5,s-0.469699,s1.180610,s293.010167
052_6,s0.632438,s0.106905,s288.066906
052_7,s-0.304106,s-0.683983,s168.720708
052_8,s0.915541,s0.706937,s44.130726
052_9,s0.387672,s-0.807028,s164.846564
052_10,s0.914968,s-1.012940,s228.101600
052_11,s-1.381541,s0.495014,s233.545224
052_12,s-0.839192,s-0.781686,s143.624244
052_13,s1.568231,s0.524243,s314.508059
052_14,s1.410566,s-0.933335,s296.595247
052_15,s-0.528994,s-1.585499,s199.067927
052_16,s-1.474516,s-0.722857,s189.187691
052_17,s-1.151142,s1.137839,s133.183494
052_18,s0.606443,s1.665274,s94.456747
052_19,s0.667091,s-1.517459,s149.237624
052_20,s0.965749,s1.419718,s294.399060
052_21,s-1.912391,s-0.564760,s341.196324
052_22,s-0.992506,s-1.685225,s161.328879
052_23,s-0.832505,s1.959607,s144.946258
052_24,s-1.901488,s1.136593,s310.307267
052_25,s0.559115,s2.111841,s302.226436
052_26,s-1.898552,s0.302851,s17.439855
052_27,s-1.799564,s-1.169249,s146.323401
052_28,s-1.510388,s1.842042,s72.119198
052_29,s1.758750,s-1.378078,s285.746727
052_30,s-1.800305,s-1.787039,s222.645270
052_31,s0.717714,s-2.075541,s240.324978
052_32,s-2.234699,s-0.814150,s51.048366
052_33,s1.884857,s1.212604,s350.336520
052_34,s-0.848384,s-2.245328,s213.865432
052_35,s1.559954,s-2.264589,s324.369006
052_36,s1.627754,s2.097719,s111.208887
052_37,s-0.123475,s-2.519466,s233.659815
052_38,s2.048407,s-0.323705,s297.025186
052_39,s2.431095,s0.597787,s10.612501
052_40,s-2.571030,s0.276481,s220.781375
052_41,s0.835973,s-2.775461,s280.248328
052_42,s-2.446294,s1.217271,s162.632778
052_43,s-1.465385,s2.372679,s337.934359
052_44,s2.566447,s-0.500212,s258.044736
052_45,s2.244583,s-1.699510,s240.442375
052_46,s-2.396553,s-1.180964,s142.328098
052_47,s2.344555,s1.504737,s289.905342
052_48,s0.597116,s2.585488,s355.683037
052_49,s-2.293213,s-2.055635,s112.710772
052_50,s-1.676379,s-2.496624,s150.272071
052_51,s-2.425086,s1.720764,s123.722976
053_0,s-0.097185,s0.024157,s357.038466
053_1,s-0.743174,s-0.096704,s341.717147
053_2,s0.373728,s-0.192625,s154.651541
053_3,s-0.159623,s-0.342647,s120.045273
053_4,s0.450963,s0.238881,s340.976023
053_5,s-0.420897,s0.907669,s329.710296
053_6,s-0.180037,s-1.000787,s108.686293
053_7,s0.522080,s-0.970228,s126.402032
053_8,s0.853052,s-0.480685,s250.635497
053_9,s0.926470,s0.377977,s272.850675
053_10,s-0.843121,s0.516117,s27.391714
053_11,s0.911833,s1.013270,s356.515319
053_12,s-1.239473,s-0.657703,s295.104050
053_13,s-1.450416,s0.247472,s37.155890
053_14,s1.285410,s0.008218,s230.661417
053_15,s0.949593,s-1.045338,s233.975454
053_16,s0.256674,s1.805916,s204.956423
053_17,s-0.694859,s-1.628905,s100.425653
053_18,s-0.280926,s-1.946980,s185.080143
053_19,s-1.328900,s-1.047634,s136.111101
053_20,s1.858375,s-0.637547,s245.049169
053_21,s-0.984913,s1.375142,s278.945033
053_22,s0.415474,s-1.990352,s47.896959
053_23,s-0.085161,s2.034593,s115.369862
053_24,s1.494536,s0.707454,s308.211115
053_25,s-1.428795,s0.998509,s49.557823
053_26,s1.618212,s1.492889,s251.421263
053_27,s2.013995,s0.584253,s280.864131
053_28,s0.929644,s-1.590142,s180.411930
053_29,s-1.895798,s-0.622844,s311.578884
053_30,s-1.483572,s-1.994046,s124.605301
053_31,s1.022257,s2.135256,s87.120158
053_32,s1.229739,s-2.231419,s282.473487
053_33,s-1.055203,s1.952004,s310.865106
053_34,s1.380480,s1.983449,s284.130471
053_35,s2.575542,s0.202805,s320.599478
053_36,s-0.561517,s-2.571989,s138.857289
053_37,s-2.384336,s-0.649320,s192.906496
053_38,s-1.967411,s1.780320,s294.153306
053_39,s1.831741,s-1.327219,s222.632912
053_40,s2.303602,s1.697844,s268.572785
053_41,s-2.108211,s1.036339,s67.334250
053_42,s-1.195747,s2.439243,s61.482045
053_43,s2.270184,s-0.362423,s289.219793
053_44,s-2.536691,s-0.163573,s263.385559
053_45,s0.590048,s-2.400223,s178.772440
053_46,s-2.066837,s-1.800377,s116.930668
053_47,s2.419750,s-1.395370,s319.159974
053_48,s-2.323323,s1.649195,s60.281967
053_49,s0.190672,s2.554551,s263.267183
053_50,s-0.588709,s2.656698,s41.074154
053_51,s-1.215493,s-2.589143,s322.484631
053_52,s2.025703,s-2.318759,s238.830781
054_0,s0.011693,s0.021700,s296.846262
054_1,s-0.129163,s-0.276604,s106.789416
054_2,s-0.456969,s0.145442,s75.455543
054_3,s0.302857,s-0.391100,s183.720902
054_4,s0.225306,s0.576101,s328.439085
054_5,s0.873031,s-0.348057,s295.229590
054_6,s-0.996433,s-0.503491,s163.142761
054_7,s-0.570123,s-0.840039,s242.005244
054_8,s-0.758720,s0.915248,s136.696568
054_9,s0.788048,s0.466156,s233.619229
054_10,s0.830938,s1.046051,s291.920277
054_11,s0.624407,s-1.125109,s238.179754
054_12,s-0.159691,s0.977014,s336.869591
054_13,s1.280887,s0.592995,s315.835357
054_14,s-1.674567,s-0.532227,s1.996738
054_15,s-1.467149,s0.825791,s127.786281
054_16,s1.240910,s-0.687916,s231.926092
054_17,s-0.577249,s1.421946,s324.276037
054_18,s-1.037779,s-1.404570,s250.820075
054_19,s0.502848,s1.553790,s11.168901
054_20,s-1.489052,s-1.229693,s121.969867
054_21,s0.219140,s-1.373362,s149.374314
054_22,s1.004088,s1.589969,s307.633458
054_23,s1.821617,s-0.460655,s207.315917
054_24,s1.509489,s-1.606096,s267.987561
054_25,s2.075582,s0.105119,s29.104175
054_26,s-0.558073,s-1.909025,s184.397278
054_27,s2.075570,s1.310962,s223.823424
054_28,s-1.057713,s1.827549,s178.617030
054_29,s-1.218935,s-1.865469,s115.333956
054_30,s-2.282424,s0.662689,s184.747865
054_31,s-1.439633,s1.358403,s88.679045
054_32,s-0.653965,s2.077595,s336.629929
054_33,s0.495581,s2.676731,s128.884581
054_34,s2.452684,s0.370306,s242.360390
054_35,s-1.273994,s2.179754,s46.939179
054_36,s0.949043,s-1.793677,s98.006016
054_37,s-2.030709,s-0.917221,s23.285885
054_38,s1.133569,s-2.310727,s134.215415
054_39,s-2.115144,s1.714892,s65.100170
054_40,s1.689090,s-2.101647,s177.709955
054_41,s-2.750798,s1.246703,s5.930556
054_42,s2.379492,s-0.466503,s220.270571
054_43,s1.722307,s2.357904,s92.129443
054_44,s-0.866566,s-2.371528,s102.790517
054_45,s-1.838289,s-2.427031,s122.577340
054_46,s-0.522608,s-2.797756,s241.935625
054_47,s-2.522974,s-1.025034,s164.628094
054_48,s2.488931,s-1.158548,s191.204730
054_49,s-0.974104,s2.753382,s58.580310
054_50,s1.160792,s-2.840844,s169.143290
054_51,s2.393713,s1.796682,s210.773579
054_52,s-2.031468,s2.234486,s9.577395
054_53,s-2.855899,s-0.818088,s76.070186
055_0,s0.000000,s0.000000,s271.261010
055_1,s-0.436284,s-0.411894,s262.782104
055_2,s-0.253488,s0.241337,s74.337637
055_3,s0.464287,s0.770998,s121.926641
055_4,s0.429077,s-0.675198,s169.463839
055_5,s0.896213,s0.547085,s309.833099
055_6,s-0.746485,s-0.072528,s151.814647
055_7,s-0.344403,s0.831497,s323.934442
055_8,s-0.356615,s-0.934203,s224.486056
055_9,s0.903434,s-0.789814,s308.462820
055_10,s-0.756459,s0.866181,s83.899125
055_11,s1.079960,s0.209014,s232.280059
055_12,s0.658803,s1.120704,s30.591778
055_13,s-0.960225,s-1.086494,s203.342151
055_14,s-1.405387,s-0.356914,s186.726302
055_15,s0.740003,s-1.361946,s140.447828
055_16,s-0.422136,s1.387192,s37.633094
055_17,s-1.178375,s1.426160,s133.129624
055_18,s-1.749180,s-0.861898,s75.272275
055_19,s0.762841,s1.856512,s34.068537
055_20,s1.589358,s-0.946806,s332.771673
055_21,s-1.195098,s-1.663067,s109.614083
055_22,s1.879875,s0.935987,s48.863335
055_23,s2.025907,s0.313368,s70.513023
055_24,s1.613247,s-1.708782,s58.095356
055_25,s-1.699996,s0.415347,s23.431235
055_26,s-2.315144,s0.632539,s18.227171
055_27,s-0.486826,s-1.991356,s217.834851
055_28,s-1.367877,s1.849030,s69.032135
055_29,s0.654855,s-1.995286,s255.622895
055_30,s-0.168913,s1.992854,s81.618264
055_31,s1.179157,s1.857307,s293.392460
055_32,s2.493877,s-0.532050,s43.992669
055_33,s1.992022,s1.428409,s337.941476
055_34,s-2.209868,s-1.272393,s196.901735
055_35,s-1.217000,s2.354020,s306.990630
055_36,s2.318400,s0.384083,s249.012249
055_37,s2.129476,s-1.106947,s258.685283
055_38,s-0.649588,s-2.620694,s261.726165
055_39,s-1.285679,s-2.374243,s66.270582
055_40,s1.521149,s-2.410105,s220.350932
055_41,s2.298123,s1.105048,s253.081560
055_42,s2.815791,s-0.879672,s288.869946
055_43,s1.353791,s2.450969,s75.721840
055_44,s-2.344488,s1.620455,s97.074804
055_45,s-2.599128,s-1.498176,s67.163932
055_46,s-2.069937,s-2.307674,s178.172904
055_47,s2.031707,s-1.778248,s298.634648
055_48,s-2.783818,s0.976144,s55.120938
055_49,s-0.661478,s3.130886,s253.365791
055_50,s3.188939,s0.265832,s308.499256
055_51,s0.930243,s-2.481360,s148.315748
055_52,s-2.330097,s2.119705,s53.682173
055_53,s0.717699,s2.890490,s46.540573
055_54,s2.385044,s-2.133440,s186.686774
056_0,s-0.027758,s-0.012180,s15.079546
056_1,s0.176972,s-0.358721,s252.854203
056_2,s0.368840,s0.311732,s287.979662
056_3,s-0.490518,s0.096914,s105.210945
056_4,s-0.290423,s-0.702089,s241.756269
056_5,s0.105639,s1.044672,s262.920857
056_6,s0.980632,s-0.278075,s313.614643
056_7,s-0.722236,s0.537283,s359.116347
056_8,s0.664302,s-0.985313,s303.834868
056_9,s-0.717959,s-0.688944,s96.239181
056_10,s-1.218452,s0.603130,s26.481963
056_11,s-0.226244,s1.172016,s2.743101
056_12,s-0.523693,s-1.362257,s56.669450
056_13,s1.223892,s0.656566,s262.971868
056_14,s1.158260,s-1.126148,s226.807505
056_15,s-1.585432,s-0.436195,s158.555897
056_16,s0.668368,s1.286773,s303.272278
056_17,s-0.902569,s1.375242,s14.107493
056_18,s1.605503,s-0.931015,s329.544269
056_19,s1.735789,s0.961277,s10.221047
056_20,s0.316369,s-1.671461,s87.559026
056_21,s0.172074,s2.259355,s212.618119
056_22,s-1.920555,s1.009925,s13.544547
056_23,s-0.975542,s-1.688437,s71.427412
056_24,s-0.344534,s-1.970101,s129.523509
056_25,s-2.097309,s-1.060091,s146.230379
056_26,s0.924493,s-1.602440,s126.306865
056_27,s2.352540,s-0.257146,s157.800161
056_28,s0.770070,s-2.273102,s286.296367
056_29,s2.035317,s-1.271803,s217.173613
056_30,s-0.251869,s-2.432694,s213.378297
056_31,s-1.878445,s-1.784336,s118.175978
056_32,s-0.482869,s2.109722,s74.185681
056_33,s-2.242208,s-0.187089,s158.720506
056_34,s0.925157,s2.018995,s301.329111
056_35,s2.159449,s0.235377,s282.786712
056_36,s2.243974,s1.204934,s255.500830
056_37,s-1.288091,s-2.200755,s209.214816
056_38,s1.504325,s-2.410440,s159.694628
056_39,s-1.509080,s1.930072,s9.071231
056_40,s0.661784,s-2.695853,s145.450766
056_41,s-2.416419,s1.109079,s107.145673
056_42,s-0.873875,s2.594969,s37.477879
056_43,s-0.154062,s2.730021,s52.418088
056_44,s1.974525,s1.727710,s355.904612
056_45,s2.668705,s-1.271145,s188.261070
056_46,s-0.419194,s-2.920064,s143.624720
056_47,s-1.933601,s2.227933,s78.446985
056_48,s0.993313,s2.901670,s239.660831
056_49,s2.353280,s-2.099532,s220.524888
056_50,s-2.819607,s-0.986399,s354.806186
056_51,s2.895062,s-0.737215,s6.210369
056_52,s-1.504672,s2.936999,s111.877430
056_53,s-2.873576,s-1.408035,s188.602940
056_54,s-1.866554,s-2.284398,s184.716178
056_55,s-2.751010,s1.721903,s19.472828
057_0,s-0.089555,s-0.127514,s359.522523
057_1,s-0.615100,s0.091130,s359.191898
057_2,s-0.227863,s-0.414605,s191.279065
057_3,s-0.660529,s-0.266686,s110.181046
057_4,s0.319394,s-0.294705,s249.952603
057_5,s0.376522,s0.178968,s294.927638
057_6,s0.327415,s0.711953,s1.301243
057_7,s-0.548217,s-0.788566,s148.459712
057_8,s0.356233,s-0.870974,s257.922203
057_9,s-0.353665,s0.831146,s332.017366
057_10,s1.172555,s-0.436433,s249.571950
057_11,s1.124567,s0.183292,s245.119859
057_12,s0.433544,s1.601383,s274.591960
057_13,s-0.142588,s-1.272094,s219.497027
057_14,s0.904694,s0.883009,s280.005667
057_15,s-1.054884,s-0.849740,s121.220064
057_16,s-1.168458,s0.579898,s188.934387
057_17,s0.691057,s-1.345086,s180.608855
057_18,s-1.580602,s-0.518018,s118.708297
057_19,s1.356114,s-1.010421,s200.489235
057_20,s-1.008527,s1.098822,s119.992848
057_21,s-1.176462,s-1.695348,s57.690660
057_22,s1.946809,s-0.807363,s278.584589
057_23,s-0.678376,s1.729800,s176.569985
057_24,s-1.228933,s1.618275,s64.323606
057_25,s-0.689189,s-1.569209,s189.784714
057_26,s-0.316821,s2.076635,s45.002423
057_27,s2.298228,s1.189972,s97.355209
057_28,s0.061319,s1.765451,s349.031808
057_29,s-2.336915,s-0.448356,s332.666804
057_30,s1.254046,s1.882484,s6.040606
057_31,s1.586697,s1.550227,s291.167982
057_32,s-1.189579,s-2.122147,s194.384786
057_33,s1.128169,s-2.152028,s106.208679
057_34,s-2.311992,s0.462181,s300.227985
057_35,s1.630104,s0.387655,s308.861775
057_36,s1.801385,s-1.883671,s223.013314
057_37,s-2.090924,s-1.102418,s162.771358
057_38,s2.135171,s-1.337185,s208.649873
057_39,s2.515661,s1.498597,s325.100381
057_40,s2.253120,s0.254932,s342.147556
057_41,s-1.756418,s-1.849642,s175.392181
057_42,s-3.132082,s0.520804,s246.834945
057_43,s1.390007,s2.763090,s304.030186
057_44,s-2.675932,s-1.476532,s178.649323
057_45,s1.944229,s-0.254153,s295.358104
057_46,s-2.229622,s1.137246,s309.804117
057_47,s1.432552,s-2.559626,s251.771541
057_48,s0.295206,s2.843039,s237.373196
057_49,s-0.438619,s-2.675734,s339.792877
057_50,s2.571071,s-1.076491,s254.078917
057_51,s-0.754919,s-2.987166,s163.472004
057_52,s-1.176394,s2.149980,s20.564900
057_53,s-2.769441,s-0.951811,s126.268505
057_54,s2.923247,s-0.573618,s320.354180
057_55,s-0.501287,s2.955791,s217.851109
057_56,s2.722026,s0.971705,s288.621560
058_0,s-0.010305,s-0.002308,s130.261825
058_1,s0.007951,s0.426480,s257.423685
058_2,s-0.409276,s0.206513,s20.968674
058_3,s0.254525,s-0.650924,s339.264513
058_4,s-0.472615,s-0.755218,s123.083392
058_5,s0.912414,s-0.251730,s170.918935
058_6,s-0.712875,s-0.204123,s51.965923
058_7,s-1.120682,s-0.522934,s154.134928
058_8,s0.453606,s0.851253,s46.611596
058_9,s-0.648294,s1.223755,s303.375643
058_10,s-0.914481,s0.831782,s80.473291
058_11,s-0.222534,s-1.268049,s139.015881
058_12,s0.909651,s0.723704,s188.228906
058_13,s0.304149,s-1.101058,s198.389522
058_14,s1.319073,s-0.818078,s148.439253
058_15,s1.039812,s1.203115,s10.707539
058_16,s0.494793,s1.485574,s50.793408
058_17,s0.921257,s-1.710067,s162.202575
058_18,s-1.169962,s1.285010,s52.980170
058_19,s-1.748007,s-0.340938,s337.483067
058_20,s-0.904726,s1.815441,s36.706783
058_21,s1.377739,s0.725709,s338.431324
058_22,s1.653452,s-0.252759,s179.193908
058_23,s-1.847143,s0.348338,s3.840819
058_24,s-1.683021,s-1.118220,s120.746206
058_25,s1.875385,s0.899173,s283.785205
058_26,s-0.263489,s-1.862929,s222.831793
058_27,s2.247339,s0.110026,s163.579474
058_28,s-0.799077,s-1.972970,s87.289393
058_29,s1.530081,s-1.453045,s321.423906
058_30,s-2.219339,s-0.705598,s164.295492
058_31,s0.377038,s2.192921,s50.566221
058_32,s-1.906615,s1.422859,s75.107862
058_33,s-1.710034,s-1.788745,s120.592124
058_34,s1.904715,s1.732015,s99.992633
058_35,s-2.565309,s-0.338918,s143.772075
058_36,s0.916586,s2.215795,s344.473063
058_37,s-2.302779,s0.903404,s139.769397
058_38,s2.235277,s-0.842585,s339.593109
058_39,s1.679831,s-2.333141,s3.962610
058_40,s2.224647,s-1.294078,s192.052077
058_41,s-1.472873,s2.017653,s102.742624
058_42,s2.867202,s-0.169977,s170.719807
058_43,s2.914652,s0.202138,s43.931072
058_44,s-1.194818,s2.609371,s310.447096
058_45,s2.596140,s1.444065,s44.800171
058_46,s-0.572425,s-2.408253,s231.256934
058_47,s-2.654655,s-1.330055,s140.030596
058_48,s2.501249,s-2.137286,s175.630786
058_49,s-1.820124,s2.345347,s49.989414
058_50,s-0.794892,s-2.913310,s186.102813
058_51,s1.663340,s-2.721915,s227.364053
058_52,s-2.688140,s1.307482,s97.364430
058_53,s0.940843,s-2.972438,s42.316670
058_54,s-1.315180,s-2.440138,s94.737321
058_55,s1.494793,s2.960496,s188.629419
058_56,s0.696732,s2.732813,s52.432345
058_57,s2.790721,s-1.280228,s200.112296
059_0,s0.000000,s0.000000,s280.274768
059_1,s-0.200563,s-0.286835,s107.553602
059_2,s-0.397932,s0.206482,s84.214697
059_3,s-0.031474,s0.549099,s40.149317
059_4,s0.476932,s-0.364055,s160.148606
059_5,s-0.962999,s-0.192590,s89.763890
059_6,s-0.573637,s-0.757258,s171.993403
059_7,s0.481115,s0.639163,s25.529636
059_8,s-0.843833,s0.841025,s132.861294
059_9,s0.848397,s-0.726123,s260.448992
059_10,s0.461815,s-1.246542,s205.985079
059_11,s-1.194667,s-0.628706,s153.695060
059_12,s-1.073061,s-1.360888,s168.832924
059_13,s-0.445538,s1.588709,s143.383113
059_14,s1.312628,s0.796272,s73.762218
059_15,s1.039540,s-1.185098,s213.953605
059_16,s0.493566,s1.365701,s273.331354
059_17,s-1.310915,s0.988048,s34.113774
059_18,s-1.732625,s0.535327,s146.647158
059_19,s-0.438071,s-1.745879,s121.801147
059_20,s1.632867,s-1.211018,s295.881835
059_21,s-1.692034,s-0.859256,s56.337272
059_22,s-1.854637,s0.990502,s102.605438
059_23,s0.805688,s1.907344,s97.824448
059_24,s-0.134419,s-2.296069,s80.381397
059_25,s1.528835,s0.238269,s311.669088
059_26,s0.938151,s-2.045085,s162.121574
059_27,s-1.663676,s-1.588138,s175.846231
059_28,s-1.009002,s1.550618,s37.878554
059_29,s2.154631,s0.125237,s202.907917
059_30,s1.696919,s1.128675,s352.191737
059_31,s-1.913628,s1.605567,s23.874109
059_32,s-0.510178,s1.984303,s35.472793
059_33,s1.241539,s2.201253,s196.757611
059_34,s2.282478,s0.890391,s6.267072
059_35,s0.892735,s2.538998,s47.101379
059_36,s2.135779,s-1.414842,s225.839158
059_37,s0.372275,s-2.218989,s146.339833
059_38,s1.435467,s-2.111495,s201.812073
059_39,s-2.284142,s-1.242052,s203.618627
059_40,s-2.575509,s-0.356023,s57.718076
059_41,s2.804393,s0.507820,s1.040574
059_42,s-2.462549,s-0.877891,s83.830431
059_43,s2.588873,s-0.675885,s283.212300
059_44,s-0.322806,s2.468024,s11.699549
059_45,s-1.513921,s2.295766,s55.544646
059_46,s-2.438869,s1.408141,s115.755064
059_47,s1.758023,s2.364954,s224.220507
059_48,s-0.851167,s-2.614960,s86.819406
059_49,s-1.266230,s2.820610,s46.650033
059_50,s1.274807,s2.638810,s281.865833
059_51,s2.620405,s1.734809,s242.074003
059_52,s2.085641,s-1.917359,s195.420988
059_53,s2.864297,s-1.571936,s289.446858
059_54,s0.393925,s-3.022797,s82.978676
059_55,s-2.507005,s-1.953338,s70.208679
059_56,s0.956366,s3.091073,s29.741046
059_57,s3.327706,s0.616805,s294.005751
059_58,s-2.803132,s0.251414,s356.328066
060_0,s0.000000,s0.000000,s152.700724
060_1,s-0.376836,s0.245956,s82.580606
060_2,s0.127067,s0.326120,s281.262734
060_3,s0.430179,s-0.487284,s126.827573
060_4,s0.860758,s-0.509014,s246.749111
060_5,s-0.677746,s-0.175103,s145.998171
060_6,s0.648056,s-1.009962,s208.382895
060_7,s-0.554702,s0.891519,s125.295390
060_8,s-1.247787,s0.074349,s139.720903
060_9,s0.744210,s0.876728,s257.793062
060_10,s-0.486471,s-0.930508,s165.838969
060_11,s0.295440,s1.007579,s80.918862
060_12,s-0.584802,s1.435447,s105.197360
060_13,s-1.352090,s0.649501,s72.373300
060_14,s0.559147,s1.283493,s297.325627
060_15,s1.616336,s0.670789,s327.834595
060_16,s1.767446,s-1.038574,s349.843713
060_17,s0.247828,s-1.377890,s115.687778
060_18,s-0.876987,s-1.908113,s266.088961
060_19,s0.724023,s1.864347,s325.060389
060_20,s-0.998810,s-1.119097,s119.225878
060_21,s-0.578128,s1.966791,s350.727493
060_22,s1.338628,s1.127198,s354.276220
060_23,s1.366699,s-1.594407,s24.475966
060_24,s0.304476,s-1.824772,s233.171259
060_25,s-1.278571,s1.728513,s107.047441
060_26,s1.679098,s0.265763,s270.001788
060_27,s-1.942398,s-0.798180,s270.396862
060_28,s-2.130908,s1.104188,s85.752040
060_29,s-1.622927,s-1.699590,s130.149377
060_30,s-0.651099,s-2.361900,s159.348799
060_31,s1.856065,s-1.599226,s204.828040
060_32,s-2.114225,s-0.390579,s16.935862
060_33,s-2.589714,s0.231045,s132.151498
060_34,s2.160338,s1.354783,s353.623833
060_35,s1.132545,s-1.944182,s240.542059
060_36,s2.356982,s-0.668681,s346.725894
060_37,s0.189958,s1.639029,s42.650577
060_38,s-1.082644,s2.473435,s127.975364
060_39,s2.204332,s-1.179374,s269.912280
060_40,s1.142514,s2.827925,s258.654047
060_41,s0.183379,s-2.392984,s242.242723
060_42,s-2.004975,s2.429521,s187.438617
060_43,s1.629583,s1.961367,s295.006381
060_44,s0.336179,s2.275299,s44.917079
060_45,s-2.077176,s-1.202224,s175.662324
060_46,s-1.183100,s-2.647692,s31.009717
060_47,s-2.390085,s-1.023471,s64.704755
060_48,s-2.820380,s0.864844,s114.389195
060_49,s-2.489643,s-2.010392,s357.670998
060_50,s1.536569,s-2.576617,s121.147428
060_51,s-2.308929,s1.583934,s24.526531
060_52,s-1.833439,s-2.374553,s149.157136
060_53,s-0.348107,s3.130706,s304.738172
060_54,s2.914663,s-0.455237,s332.264677
060_55,s2.462101,s-1.624979,s236.556587
060_56,s-0.963955,s2.998881,s77.852149
060_57,s0.815683,s3.094295,s331.019255
060_58,s2.680397,s1.455324,s300.883238
060_59,s3.079431,s0.663026,s143.022951
061_0,s0.033781,s-0.227322,s150.076691
061_1,s0.188367,s0.290734,s25.336628
061_2,s-0.306703,s0.293657,s95.750934
061_3,s0.434924,s0.113068,s189.598234
061_4,s0.535679,s-1.020460,s86.695759
061_5,s0.972099,s0.308196,s301.115224
061_6,s-0.603203,s0.719391,s346.813370
061_7,s-0.518627,s-0.275938,s97.495204
061_8,s-1.077919,s0.617323,s89.124402
061_9,s0.331277,s0.863638,s333.792197
061_10,s1.111610,s-0.232597,s137.770200
061_11,s-0.941367,s-0.852872,s249.041306
061_12,s-0.189275,s-1.407628,s256.828846
061_13,s1.472035,s-0.503868,s321.380612
061_14,s-1.322335,s-1.158176,s27.127244
061_15,s-1.368693,s0.117799,s96.679749
061_16,s-0.328699,s1.792403,s91.167292
061_17,s1.004708,s-0.931319,s229.069357
061_18,s-0.913817,s-1.349343,s183.737308
061_19,s0.855197,s0.946908,s258.239807
061_20,s0.137083,s1.518325,s317.696164
061_21,s1.044448,s-1.461989,s164.000600
061_22,s-1.232411,s1.123735,s66.019017
061_23,s-1.949283,s-0.318149,s176.902537
061_24,s0.920093,s1.638429,s265.589202
061_25,s1.592258,s1.244164,s248.450874
061_26,s-1.477767,s1.753309,s77.179992
061_27,s-1.921185,s0.783362,s84.363366
061_28,s2.211302,s-0.739106,s104.269108
061_29,s-1.383998,s-1.600299,s103.193325
061_30,s0.281289,s-1.909262,s228.992063
061_31,s-0.264818,s2.345638,s341.672418
061_32,s2.252344,s0.489631,s93.098298
061_33,s-2.313415,s-0.829146,s83.920465
061_34,s-0.975355,s2.076518,s50.629476
061_35,s-0.391349,s-2.031466,s117.059800
061_36,s1.016122,s2.306013,s87.939477
061_37,s-1.559878,s-2.065299,s171.193725
061_38,s1.558717,s-1.681282,s186.657279
061_39,s1.988332,s-1.402452,s300.975300
061_40,s-2.274347,s-1.645019,s103.712379
061_41,s-2.306938,s1.182482,s38.392467
061_42,s-1.798412,s2.482400,s130.213374
061_43,s2.098067,s-1.985338,s307.146961
061_44,s1.989405,s1.661221,s247.722893
061_45,s-0.708674,s-2.584595,s148.377514
061_46,s1.012285,s-2.436940,s180.838816
061_47,s1.460560,s1.930523,s302.785555
061_48,s-1.022746,s2.635980,s3.711213
061_49,s-2.502339,s-0.209371,s69.612791
061_50,s0.429022,s2.676283,s29.569411
061_51,s2.777459,s-1.267977,s265.599673
061_52,s-0.103492,s-2.891548,s329.302947
061_53,s-0.552733,s-3.077421,s229.006024
061_54,s1.311811,s2.578214,s318.884508
061_55,s1.349115,s-2.919438,s285.536877
061_56,s2.759675,s1.773223,s27.510298
061_57,s2.509002,s0.940667,s305.880303
061_58,s-2.013834,s-2.215047,s78.636709
061_59,s-1.453288,s-2.949728,s160.968979
061_60,s-2.695710,s-1.170557,s146.217214
062_0,s-0.002049,s0.013272,s291.699794
062_1,s-0.028488,s0.836286,s24.742554
062_2,s-0.709720,s0.792580,s170.942861
062_3,s-1.202311,s-0.001636,s240.395451
062_4,s-1.050062,s-0.531062,s162.503023
062_5,s-0.333031,s-1.136843,s89.857083
062_6,s0.016244,s-1.394857,s294.068992
062_7,s1.027598,s-1.138057,s141.541062
062_8,s1.093247,s-0.642656,s281.699114
062_9,s1.603940,s0.364187,s170.463948
062_10,s1.329556,s0.857452,s124.902587
062_11,s1.176277,s1.282409,s49.785784
062_12,s0.028713,s1.664216,s297.101155
062_13,s-0.399622,s1.984205,s157.920496
062_14,s-0.866233,s1.200381,s74.615776
062_15,s-1.745345,s0.542927,s351.035441
062_16,s-1.923849,s0.220544,s101.963516
062_17,s-1.836846,s-0.824086,s11.639989
062_18,s-1.409360,s-1.385266,s85.377426
062_19,s-1.147008,s-1.800853,s299.622423
062_20,s-0.273117,s-1.884045,s151.331183
062_21,s0.294245,s-2.070817,s141.736829
062_22,s1.206552,s-1.739429,s101.040910
062_23,s1.541347,s-1.566762,s358.744317
062_24,s2.218452,s-0.592484,s150.470580
062_25,s2.029732,s-0.087254,s301.353799
062_26,s2.077467,s0.807343,s234.059325
062_27,s2.101191,s1.154630,s351.289709
062_28,s1.342203,s1.976148,s242.149754
062_29,s0.859027,s2.264328,s282.534726
062_30,s0.026016,s2.587876,s234.512171
062_31,s-0.632400,s2.313491,s359.477222
062_32,s-1.266755,s2.251693,s219.027206
062_33,s-1.993490,s2.027039,s205.579819
062_34,s-2.042361,s1.071411,s56.321718
062_35,s-2.653161,s0.411909,s353.754311
062_36,s-2.727563,s-0.267087,s131.118081
062_37,s-2.721623,s-0.818359,s221.687904
062_38,s-2.326690,s-1.577288,s202.644500
062_39,s-1.763246,s-2.206378,s260.676183
062_40,s-1.014029,s-2.735561,s331.272975
062_41,s-0.705836,s-2.996154,s265.884651
062_42,s0.180305,s-2.936613,s240.964090
062_43,s1.413057,s-2.718996,s117.827224
062_44,s1.651240,s-2.424045,s291.476626
062_45,s2.467845,s-1.759528,s85.798338
062_46,s2.925513,s-1.450476,s48.441945
062_47,s3.002244,s-0.382830,s185.557762
062_48,s3.414838,s-0.059648,s58.008958
062_49,s3.071902,s0.562016,s36.055704
062_50,s2.598427,s1.978303,s187.143543
062_51,s2.358068,s2.300847,s95.505133
062_52,s1.843756,s2.683148,s74.279645
062_53,s1.121286,s3.149331,s325.015271
062_54,s0.274661,s3.207743,s297.500102
062_55,s-0.633204,s3.465773,s244.704935
062_56,s-0.927801,s3.270914,s138.851103
062_57,s-2.160434,s2.761983,s284.246404
062_58,s-2.665491,s2.398948,s261.793435
062_59,s-3.111198,s2.145400,s209.053457
062_60,s-3.288690,s0.954362,s338.711615
062_61,s-3.325456,s0.416069,s140.036013
063_0,s0.022332,s-0.006182,s162.916382
063_1,s-0.128045,s0.268832,s357.412309
063_2,s0.385266,s-0.524445,s120.236424
063_3,s0.465349,s0.514130,s22.038580
063_4,s-1.038535,s-0.468546,s258.344546
063_5,s-0.558303,s0.116016,s90.879741
063_6,s0.750205,s0.219822,s293.890711
063_7,s0.782815,s-0.389756,s270.072141
063_8,s-0.500027,s0.748899,s120.510668
063_9,s0.192527,s-1.066116,s215.825003
063_10,s0.899831,s-0.917172,s166.716245
063_11,s0.963357,s0.917970,s41.350877
063_12,s-1.250763,s0.807694,s333.749796
063_13,s1.169291,s-1.603175,s115.993003
063_14,s0.381121,s1.587289,s104.359622
063_15,s-0.691895,s-0.905011,s153.684988
063_16,s-1.424286,s-0.190762,s174.025603
063_17,s-0.488869,s-1.662594,s105.067158
063_18,s-1.864279,s-0.504519,s80.092774
063_19,s-1.309823,s-1.141444,s156.310630
063_20,s1.440861,s0.027588,s324.984236
063_21,s-0.491377,s1.712663,s158.441261
063_22,s1.645757,s1.010736,s127.727542
063_23,s1.418649,s-0.885564,s290.752063
063_24,s0.931925,s1.523315,s5.072308
063_25,s-0.294672,s2.070365,s284.943727
063_26,s-1.916459,s0.807506,s322.761402
063_27,s-1.102084,s1.635576,s0.504539
063_28,s2.052790,s0.287358,s251.177165
063_29,s1.576245,s-1.642718,s243.059297
063_30,s1.481260,s1.544820,s335.291856
063_31,s2.004808,s-1.119775,s248.596299
063_32,s2.112193,s1.003584,s215.840619
063_33,s0.266001,s-1.682480,s173.682753
063_34,s2.278899,s-0.321324,s256.510348
063_35,s-2.170384,s0.191016,s6.197201
063_36,s0.821596,s-2.147102,s220.536682
063_37,s-0.523525,s-2.224089,s162.819486
063_38,s-1.770662,s1.559197,s20.226709
063_39,s-0.734962,s2.415127,s345.776802
063_40,s2.675016,s-0.882429,s293.471533
063_41,s1.624737,s-2.172615,s161.069897
063_42,s-2.115974,s-1.284669,s15.989772
063_43,s-1.078009,s-2.283401,s71.663291
063_44,s-2.172947,s-1.641538,s202.732968
063_45,s0.623887,s2.409254,s346.540583
063_46,s1.535967,s2.366002,s343.600681
063_47,s-2.496747,s0.956385,s51.720343
063_48,s-1.603888,s2.239195,s305.805898
063_49,s2.597578,s0.969243,s256.828540
063_50,s-1.679695,s-2.514741,s192.756570
063_51,s2.424804,s1.379828,s53.017642
063_52,s-2.625496,s-0.741977,s140.617392
063_53,s0.635275,s-2.854626,s187.725322
063_54,s2.343059,s-2.228845,s260.626748
063_55,s-1.121379,s2.892739,s24.226510
063_56,s-2.272603,s1.917164,s104.970854
063_57,s2.974687,s1.484142,s234.950961
063_58,s-0.983539,s-2.963224,s161.203507
063_59,s-2.254087,s-2.297001,s134.098000
063_60,s-3.091707,s0.805192,s51.475133
063_61,s-2.134188,s2.730562,s104.236909
063_62,s-2.627826,s-1.506822,s166.560088
064_0,s-0.025782,s-0.165402,s351.501582
064_1,s-0.387805,s-0.320517,s172.143155
064_2,s0.522336,s-0.044453,s166.062702
064_3,s-0.668080,s0.294543,s159.013745
064_4,s0.360947,s0.474843,s239.949196
064_5,s-0.345367,s0.607212,s328.033430
064_6,s0.884537,s-0.607281,s134.315328
064_7,s-0.919365,s-0.766910,s203.397326
064_8,s-0.172524,s-1.252507,s160.116185
064_9,s-0.767080,s1.118427,s112.516315
064_10,s1.221493,s0.544568,s228.686380
064_11,s1.243746,s-0.915196,s306.426345
064_12,s0.382900,s1.111984,s229.908419
064_13,s0.741970,s-1.399209,s131.556420
064_14,s-1.304307,s-0.822380,s116.725750
064_15,s-1.710444,s-0.509923,s69.408221
064_16,s1.141225,s1.125107,s252.960878
064_17,s-1.167984,s0.156062,s97.510109
064_18,s-1.602745,s0.619847,s73.308222
064_19,s0.725508,s1.573813,s314.656527
064_20,s2.038046,s0.079278,s311.271909
064_21,s0.137001,s1.469208,s52.953394
064_22,s1.034845,s-1.835799,s149.083774
064_23,s-1.406636,s1.364940,s118.468000
064_24,s-0.641800,s-2.071013,s150.220993
064_25,s-1.096975,s1.788113,s51.681284
064_26,s-1.801922,s-1.398310,s137.954554
064_27,s-1.093102,s-1.528539,s176.585453
064_28,s1.768639,s-1.303277,s140.574408
064_29,s1.576107,s1.411231,s327.292963
064_30,s-2.161791,s0.164029,s72.694922
064_31,s-0.748744,s2.071105,s355.169479
064_32,s-1.785968,s1.797578,s112.060051
064_33,s0.013305,s2.047616,s298.704563
064_34,s-1.411480,s2.467329,s24.552698
064_35,s-1.616058,s-1.867579,s210.579162
064_36,s2.023050,s0.856932,s316.132700
064_37,s1.298938,s-2.349117,s161.336050
064_38,s2.404133,s-1.271456,s141.244729
064_39,s2.095517,s-2.052436,s210.596249
064_40,s2.100753,s1.641369,s267.223113
064_41,s2.042862,s-0.502279,s300.515606
064_42,s0.349015,s-2.231989,s97.364278
064_43,s0.955857,s2.642885,s222.116631
064_44,s0.222188,s-2.746387,s138.645118
064_45,s0.141762,s2.630219,s323.439684
064_46,s-2.462188,s0.855165,s13.451810
064_47,s-2.596049,s-1.625777,s165.626131
064_48,s-2.693480,s-0.489033,s37.407848
064_49,s1.847665,s2.246210,s44.363152
064_50,s2.592952,s-0.894667,s343.417051
064_51,s-2.314827,s-2.428423,s100.884148
064_52,s2.672731,s1.077245,s285.102282
064_53,s-2.923944,s1.109910,s72.526302
064_54,s-3.048576,s-0.776616,s79.084186
064_55,s-0.674654,s3.078909,s342.852766
064_56,s1.024077,s3.176787,s58.262694
064_57,s2.844926,s-1.493905,s305.821758
064_58,s-2.314861,s2.106197,s319.595935
064_59,s3.066333,s-0.659096,s298.530727
064_60,s-3.136835,s0.422599,s103.609591
064_61,s-2.894319,s1.722950,s80.710409
064_62,s-1.502603,s-2.666562,s100.013227
064_63,s1.936641,s2.914791,s89.151365
065_0,s0.061381,s0.044824,s282.613973
065_1,s-0.367381,s0.459928,s292.098378
065_2,s0.399625,s-0.497253,s279.457735
065_3,s-0.409180,s-0.174201,s45.870416
065_4,s-0.813744,s0.569721,s40.491019
065_5,s0.739805,s0.477202,s40.115523
065_6,s-0.861776,s-0.605241,s14.935868
065_7,s1.104539,s-0.118336,s289.991415
065_8,s-0.013519,s-0.528373,s154.657888
065_9,s0.719093,s-1.245367,s64.860379
065_10,s1.154393,s-0.653518,s187.677970
065_11,s-0.449930,s1.152189,s247.970126
065_12,s0.779737,s1.177526,s37.157562
065_13,s-0.691877,s-1.393550,s265.530278
065_14,s-1.444125,s-0.224006,s348.825671
065_15,s1.235839,s0.394326,s313.187371
065_16,s-1.155304,s-1.083478,s290.348587
065_17,s1.646160,s-0.290692,s208.922045
065_18,s-1.000229,s1.274148,s355.017736
065_19,s1.166822,s1.540934,s348.454386
065_20,s0.579262,s-1.673802,s251.751768
065_21,s0.407899,s2.018495,s345.579724
065_22,s-1.771925,s0.514852,s340.204730
065_23,s-0.315595,s1.737513,s231.921627
065_24,s-1.048927,s-1.594826,s145.228454
065_25,s-0.061710,s-1.752788,s205.021991
065_26,s-1.689174,s-0.984704,s317.436905
065_27,s-1.997874,s-0.254342,s128.749473
065_28,s-1.364363,s1.623215,s70.043774
065_29,s1.849905,s-1.541163,s330.973124
065_30,s2.188941,s0.545004,s164.820660
065_31,s2.032535,s1.095305,s63.991878
065_32,s0.595617,s-2.263860,s147.747402
065_33,s-1.868355,s1.386857,s161.340967
065_34,s1.646502,s1.783296,s297.578402
065_35,s-1.999933,s-1.696057,s304.640631
065_36,s-1.053527,s2.255930,s63.328977
065_37,s2.463475,s0.979786,s218.017435
065_38,s2.398579,s-0.793590,s238.536632
065_39,s-2.356763,s0.555509,s65.936885
065_40,s-1.904592,s-2.153235,s115.452466
065_41,s1.130486,s-2.289250,s250.550463
065_42,s-2.717167,s-0.954827,s172.403124
065_43,s-2.518835,s1.380625,s356.097614
065_44,s1.334324,s-2.778757,s213.185760
065_45,s-2.582029,s-0.215781,s17.618844
065_46,s0.975313,s2.350733,s358.108986
065_47,s-0.869162,s2.769667,s49.201283
065_48,s2.702985,s-1.438364,s125.329952
065_49,s-0.581605,s-2.029265,s160.753242
065_50,s-1.052521,s-2.416023,s120.698228
065_51,s2.687637,s-0.378934,s2.198728
065_52,s-0.329322,s2.291529,s305.762327
065_53,s2.535712,s1.560593,s235.961477
065_54,s-1.975909,s2.560314,s116.043921
065_55,s1.523639,s2.426884,s273.914849
065_56,s1.599906,s-1.888661,s211.929067
065_57,s1.485107,s2.948968,s36.343233
065_58,s3.165156,s0.412734,s249.295964
065_59,s-0.408892,s-2.805907,s162.619187
065_60,s0.713127,s3.083114,s114.506278
065_61,s3.036604,s-0.758793,s314.222581
065_62,s-0.718225,s3.213291,s305.595375
065_63,s0.330766,s-3.228956,s277.758538
065_64,s2.289867,s-2.207189,s246.679702
066_0,s-0.021452,s0.018390,s289.794969
066_1,s0.147873,s0.504889,s340.666750
066_2,s-0.398790,s-0.066927,s46.932755
066_3,s0.156238,s-0.580094,s318.569701
066_4,s0.776195,s0.436933,s290.996327
066_5,s-0.285590,s-0.683383,s60.649944
066_6,s-0.525237,s0.552981,s311.141394
066_7,s0.827623,s-0.255605,s225.143436
066_8,s-0.035814,s-1.028303,s188.042446
066_9,s-0.985280,s0.705047,s353.649904
066_10,s-1.326985,s-0.243859,s183.678518
066_11,s0.585993,s-0.925944,s232.501294
066_12,s-0.357914,s1.156047,s17.097982
066_13,s-1.404723,s0.853593,s116.425600
066_14,s-0.608760,s-1.197417,s141.080028
066_15,s0.944938,s1.431022,s138.335183
066_16,s1.664175,s-0.486001,s213.912502
066_17,s1.641595,s0.808840,s350.776780
066_18,s1.934762,s0.179991,s342.727262
066_19,s0.450401,s1.623059,s11.880104
066_20,s1.523321,s-1.181270,s209.898807
066_21,s-1.641251,s-1.135435,s40.503414
066_22,s-1.668591,s-1.603613,s292.653489
066_23,s1.313317,s1.624226,s292.792555
066_24,s1.045163,s-1.580644,s164.939410
066_25,s-1.495402,s1.371125,s71.587917
066_26,s-2.238271,s0.411514,s72.810970
066_27,s-0.896697,s-1.963367,s240.738861
066_28,s0.770680,s2.350756,s237.640275
066_29,s1.491671,s-1.913600,s192.591028
066_30,s-0.035876,s-2.173192,s264.115208
066_31,s-2.442511,s-0.634465,s213.387026
066_32,s-0.981966,s1.865700,s6.073159
066_33,s2.408839,s-0.975410,s166.417598
066_34,s-1.206155,s-2.162440,s139.693172
066_35,s-2.068955,s-1.583358,s109.525632
066_36,s2.326191,s1.100477,s249.675320
066_37,s-1.472860,s2.165617,s33.812715
066_38,s-0.181005,s1.869691,s3.290680
066_39,s0.550923,s-2.586753,s227.022693
066_40,s0.430351,s2.636960,s332.341925
066_41,s1.513128,s2.380205,s25.768104
066_42,s2.107142,s-0.373885,s329.973315
066_43,s2.196463,s1.465873,s3.428376
066_44,s-2.428849,s1.792972,s60.050157
066_45,s-2.836213,s0.954977,s54.846003
066_46,s-1.746847,s-2.216983,s86.158271
066_47,s-0.419089,s-2.691219,s79.664236
066_48,s-2.735351,s-0.513129,s20.330898
066_49,s1.940032,s-2.249822,s296.387671
066_50,s-3.107980,s0.468439,s102.471050
066_51,s2.917489,s-0.929504,s293.456625
066_52,s-0.468313,s-3.134362,s130.044117
066_53,s-0.250743,s2.867821,s83.991196
066_54,s2.908435,s-1.400762,s215.038307
066_55,s-2.549022,s-1.355434,s48.570885
066_56,s-1.098759,s-2.919726,s106.845315
066_57,s2.670009,s1.965928,s181.725124
066_58,s1.788283,s-2.852710,s127.860636
066_59,s-2.242975,s-2.577074,s118.969610
066_60,s-1.259648,s2.715912,s16.028198
066_61,s2.759519,s0.259921,s217.609760
066_62,s-3.211678,s-1.428681,s18.102250
066_63,s2.088234,s2.381048,s328.652426
066_64,s2.670859,s-2.208377,s226.468926
066_65,s-0.969663,s3.345673,s277.927493
067_0,s0.124589,s0.138974,s115.002271
067_1,s0.367487,s0.467107,s24.157281
067_2,s0.137876,s-0.361888,s189.811055
067_3,s-0.240519,s0.462203,s68.146697
067_4,s-0.421611,s-0.476200,s169.078740
067_5,s0.518290,s1.266713,s49.057101
067_6,s0.498483,s-0.071162,s334.583866
067_7,s0.837483,s-0.429835,s156.620903
067_8,s-2.024765,s0.256527,s254.238434
067_9,s1.025058,s0.035300,s274.694923
067_10,s-0.983273,s-0.669628,s157.549402
067_11,s-0.206552,s-1.250003,s178.832409
067_12,s-0.623420,s1.070281,s292.174352
067_13,s0.320398,s-1.329307,s219.275029
067_14,s-1.238228,s0.350163,s340.197246
067_15,s1.392351,s0.543395,s51.356656
067_16,s-1.416297,s1.098683,s131.416370
067_17,s1.452879,s-0.392980,s154.828214
067_18,s-0.939741,s-0.049037,s134.795353
067_19,s-0.964129,s1.407037,s82.771783
067_20,s1.763211,s0.643297,s245.723566
067_21,s-0.802179,s1.757636,s347.173128
067_22,s1.048863,s1.877854,s103.987492
067_23,s1.959889,s-0.421099,s337.697252
067_24,s-0.916958,s-1.335798,s227.138142
067_25,s-1.833844,s-0.419591,s54.324822
067_26,s0.741120,s-2.152376,s177.809371
067_27,s0.241751,s2.027146,s91.180892
067_28,s1.316318,s1.077035,s2.005866
067_29,s1.644921,s-1.059614,s309.815576
067_30,s-1.498755,s-2.022181,s351.025433
067_31,s-0.052555,s-2.357383,s322.554748
067_32,s1.023737,s-1.736594,s340.206607
067_33,s-1.444518,s1.907215,s318.439644
067_34,s1.857671,s1.197500,s302.032897
067_35,s-1.892386,s1.529898,s38.359563
067_36,s1.220204,s2.322236,s19.410305
067_37,s-0.773210,s-1.926982,s132.582806
067_38,s-1.497350,s-0.915742,s116.074718
067_39,s-2.169175,s1.212943,s96.676065
067_40,s2.430859,s1.023231,s189.838755
067_41,s-2.313533,s-0.845570,s133.218128
067_42,s1.703088,s1.811800,s285.930293
067_43,s-0.451560,s-2.495615,s85.204115
067_44,s1.768187,s-1.497291,s182.403501
067_45,s2.517032,s-0.675927,s317.636203
067_46,s1.395457,s-2.041217,s156.812438
067_47,s-1.003742,s2.629405,s311.313796
067_48,s-1.949862,s-1.624541,s103.605814
067_49,s2.713446,s1.297311,s354.373066
067_50,s-2.685478,s-0.254436,s111.678423
067_51,s-2.229164,s0.577780,s52.337962
067_52,s1.405125,s-2.801608,s235.128753
067_53,s-1.250512,s-2.793407,s94.949352
067_54,s0.294502,s2.643145,s110.379502
067_55,s-2.131588,s-2.095148,s184.733149
067_56,s2.266922,s-1.175418,s246.795710
067_57,s0.884416,s-3.154955,s89.152648
067_58,s2.802982,s0.226715,s238.936154
067_59,s-0.143239,s-2.795953,s196.357995
067_60,s0.332398,s3.212493,s265.823351
067_61,s1.985748,s-2.362171,s198.692626
067_62,s-2.681951,s0.388191,s124.665378
067_63,s1.772937,s2.472244,s266.307126
067_64,s-1.547135,s2.405769,s43.473867
067_65,s2.210873,s-1.849696,s287.616158
067_66,s1.422830,s3.104328,s318.046900
068_0,s0.052580,s0.212002,s144.022858
068_1,s-0.503294,s0.226391,s121.800405
068_2,s0.335888,s0.516835,s276.428794
068_3,s0.215063,s-0.358501,s260.186249
068_4,s-1.039055,s-0.387161,s229.444095
068_5,s-0.601307,s1.002764,s243.259228
068_6,s0.006251,s-0.969239,s260.002790
068_7,s-1.298464,s0.295121,s172.696499
068_8,s0.723635,s1.255305,s120.618680
068_9,s1.197745,s-0.314980,s194.535226
068_10,s-0.362386,s-1.010899,s156.797676
068_11,s-0.138177,s1.236905,s303.151742
068_12,s-0.853053,s-1.106500,s87.039570
068_13,s1.538242,s0.186940,s199.012094
068_14,s-0.981556,s0.530874,s1.873866
068_15,s1.221351,s1.244123,s7.206096
068_16,s-1.596359,s0.642288,s124.474119
068_17,s1.311457,s0.704248,s293.704768
068_18,s0.368094,s-1.509773,s237.239937
068_19,s-1.470867,s1.028175,s335.150193
068_20,s-0.770565,s1.597088,s279.425240
068_21,s1.778231,s-1.278796,s342.986874
068_22,s-1.538011,s-0.652376,s144.010926
068_23,s-1.213477,s-1.502426,s140.282636
068_24,s-0.841644,s-1.962149,s257.767934
068_25,s-2.221837,s0.677800,s94.697162
068_26,s0.852136,s-1.265871,s255.430648
068_27,s-0.156771,s2.134051,s247.635813
068_28,s0.993405,s2.160415,s75.059930
068_29,s0.611991,s-2.067101,s172.588816
068_30,s-2.020259,s-0.131219,s122.817978
068_31,s-1.982808,s-1.415210,s108.673509
068_32,s-1.986563,s1.284643,s51.383180
068_33,s2.301183,s-0.397373,s217.231978
068_34,s1.552341,s-1.750411,s158.538663
068_35,s1.583249,s1.606403,s275.167433
068_36,s2.425834,s-1.444483,s160.102273
068_37,s-1.713308,s2.115146,s242.365355
068_38,s0.326623,s2.606485,s19.396465
068_39,s-0.889027,s2.054058,s318.300667
068_40,s-0.910688,s-2.440110,s128.135050
068_41,s1.350767,s-2.793045,s271.918051
068_42,s-2.757996,s0.283371,s125.911142
068_43,s-1.958775,s-2.090601,s69.864973
068_44,s2.031635,s0.656527,s179.123241
068_45,s-2.187494,s-0.852274,s95.096725
068_46,s2.703516,s0.789124,s200.750226
068_47,s-1.651162,s-2.358423,s170.116898
068_48,s2.176648,s1.177539,s318.961111
068_49,s1.355447,s2.291089,s241.195063
068_50,s-0.373995,s-2.759296,s120.074753
068_51,s2.262321,s2.330132,s68.942165
068_52,s3.016464,s-0.258855,s64.672467
068_53,s-2.849484,s-0.366502,s127.871569
068_54,s-2.658312,s1.260924,s146.737508
068_55,s1.594376,s2.834356,s342.210047
068_56,s0.719693,s-2.909820,s239.833391
068_57,s-2.449727,s2.126131,s224.121870
068_58,s-1.522869,s2.539232,s292.091762
068_59,s-2.833865,s1.795189,s44.803490
068_60,s3.280275,s0.962006,s62.602933
068_61,s2.831865,s-1.614334,s295.148513
068_62,s-2.344233,s2.577393,s49.966747
068_63,s-2.842289,s-1.400915,s48.873621
068_64,s-0.650651,s3.185486,s240.783727
068_65,s2.866459,s1.817807,s241.736511
068_66,s-2.413802,s-2.391897,s172.396295
068_67,s-3.303947,s0.734361,s106.230927
069_0,s0.077336,s0.102441,s135.451962
069_1,s0.580769,s-0.052384,s202.084075
069_2,s-0.346448,s0.476676,s45.921150
069_3,s-1.142645,s-0.463496,s338.575009
069_4,s0.322791,s0.601515,s56.100814
069_5,s0.087923,s-0.464588,s186.339804
069_6,s-0.560479,s-0.520232,s196.699237
069_7,s0.647659,s-0.877331,s153.765613
069_8,s0.779834,s0.281315,s328.380700
069_9,s-1.078734,s0.472336,s159.247918
069_10,s-0.612430,s1.153597,s317.472031
069_11,s1.194749,s-0.422069,s356.254887
069_12,s0.642946,s1.053541,s317.069071
069_13,s-1.140227,s0.983672,s130.249177
069_14,s-1.017554,s-1.155473,s36.835564
069_15,s-1.721718,s-0.309506,s61.864252
069_16,s1.331459,s0.505937,s270.853605
069_17,s0.533958,s-1.668659,s230.858687
069_18,s-0.485297,s-1.457383,s117.798586
069_19,s0.996485,s-1.362659,s328.175444
069_20,s1.659465,s-0.634906,s222.627590
069_21,s-1.575680,s-0.986594,s131.177228
069_22,s-1.039477,s1.394896,s4.999165
069_23,s-0.656589,s-2.007822,s148.785432
069_24,s1.308226,s1.898768,s99.102890
069_25,s-1.923603,s0.781311,s109.309584
069_26,s0.579901,s-2.472049,s290.756095
069_27,s1.674188,s-1.353822,s138.299677
069_28,s2.003761,s-0.037542,s192.131920
069_29,s0.058297,s1.171871,s1.848636
069_30,s1.463622,s1.064682,s335.312731
069_31,s-0.110817,s-1.865476,s224.236175
069_32,s-1.546366,s1.385378,s51.245635
069_33,s-2.083852,s-0.736792,s112.718068
069_34,s0.322972,s2.482610,s140.710337
069_35,s-1.301184,s-2.018656,s158.326112
069_36,s2.047725,s1.249098,s205.304384
069_37,s-1.862868,s-1.848203,s61.535177
069_38,s1.634301,s-2.165910,s159.381424
069_39,s0.994401,s2.303815,s46.543385
069_40,s-0.893166,s2.345711,s311.043734
069_41,s-0.220372,s-2.462828,s176.958770
069_42,s2.047278,s-1.771716,s206.809868
069_43,s-1.924627,s2.142442,s280.352610
069_44,s-2.212043,s1.276380,s22.435680
069_45,s-2.757097,s1.107628,s114.912393
069_46,s2.410384,s-1.330119,s234.844095
069_47,s-2.594919,s0.286442,s167.016326
069_48,s-0.753449,s-2.855952,s158.048055
069_49,s2.575976,s-0.276287,s196.746661
069_50,s-2.885699,s-1.199116,s77.059743
069_51,s1.835135,s1.871933,s275.119715
069_52,s0.875929,s-2.831808,s175.425384
069_53,s1.866160,s2.358885,s29.177835
069_54,s-2.731752,s1.736734,s106.811664
069_55,s2.270815,s0.229157,s295.487455
069_56,s0.903934,s2.879029,s323.412533
069_57,s-2.218669,s-2.540784,s306.094292
069_58,s-3.152959,s0.318969,s51.650614
069_59,s0.175053,s2.799954,s27.271409
069_60,s-1.525098,s-2.986717,s109.839866
069_61,s-1.326814,s2.713516,s48.849113
069_62,s-2.187497,s2.352521,s67.209240
069_63,s3.378210,s-0.842254,s118.948545
069_64,s2.581063,s0.895654,s282.961313
069_65,s-2.991325,s-0.479063,s128.901946
069_66,s3.059163,s1.361368,s31.540205
069_67,s-2.633231,s-1.735892,s152.613207
069_68,s3.115076,s0.481434,s301.011302
070_0,s-0.005521,s-0.022280,s136.389283
070_1,s0.285113,s0.048135,s325.686649
070_2,s0.176189,s-0.505092,s191.745032
070_3,s-0.712230,s0.247845,s191.009709
070_4,s-0.481346,s-0.774528,s231.466803
070_5,s-0.249056,s0.486430,s282.251257
070_6,s0.727319,s-0.310251,s283.416166
070_7,s0.703067,s-0.712053,s204.091316
070_8,s-1.052865,s0.726590,s166.867169
070_9,s0.906992,s0.359120,s250.833337
070_10,s-0.412380,s0.861949,s346.176362
070_11,s0.431615,s1.128543,s52.954936
070_12,s-0.894309,s-0.549926,s66.845660
070_13,s-0.547030,s-1.364760,s66.114955
070_14,s0.901207,s0.823618,s333.526712
070_15,s-0.781451,s1.183945,s95.199659
070_16,s1.207456,s-0.844787,s266.055808
070_17,s-0.511781,s1.642498,s62.821739
070_18,s-1.388247,s-1.032308,s18.190129
070_19,s1.403899,s0.799811,s280.336282
070_20,s0.463575,s1.627433,s351.917366
070_21,s-0.296710,s-1.605785,s267.349264
070_22,s-1.521218,s0.354106,s94.214219
070_23,s-1.158210,s-1.469467,s176.531720
070_24,s1.499717,s1.456974,s283.833341
070_25,s-0.243211,s2.118525,s299.956472
070_26,s-1.877858,s-0.349791,s100.253738
070_27,s1.703059,s-0.294498,s211.058862
070_28,s0.929475,s-1.689418,s278.566691
070_29,s0.561643,s-1.881635,s156.772616
070_30,s0.996580,s1.838318,s334.096427
070_31,s-0.402483,s-2.354560,s300.047328
070_32,s-1.776189,s1.030231,s136.588395
070_33,s1.856241,s-1.350754,s285.611277
070_34,s-1.448004,s1.700950,s354.689202
070_35,s-1.922603,s1.563861,s119.145812
070_36,s2.449607,s0.749152,s319.653750
070_37,s0.929232,s-2.258247,s207.182163
070_38,s-1.515882,s-1.894285,s124.466253
070_39,s-2.486683,s0.235460,s24.644925
070_40,s1.672859,s-1.868568,s230.631505
070_41,s0.392670,s2.792320,s232.091812
070_42,s-0.777565,s-2.583744,s178.731648
070_43,s2.325360,s0.396956,s131.148690
070_44,s2.277312,s-0.317346,s289.193156
070_45,s-0.785403,s2.556943,s275.197801
070_46,s2.066633,s2.069176,s97.446031
070_47,s2.633369,s-0.777580,s273.136274
070_48,s2.435757,s-1.893480,s180.621751
070_49,s-2.575409,s-0.922766,s250.497555
070_50,s-1.784438,s2.188549,s29.712392
070_51,s2.569201,s1.604563,s142.597146
070_52,s1.640627,s2.638676,s306.264628
070_53,s1.687708,s-2.513114,s235.231695
070_54,s-2.888908,s-1.471279,s270.985095
070_55,s-1.572688,s-2.500637,s127.773444
070_56,s-2.524439,s1.604269,s64.245682
070_57,s3.103902,s0.728228,s328.614375
070_58,s2.678287,s-1.492744,s278.104883
070_59,s-1.288401,s2.672697,s56.797813
070_60,s1.667571,s-3.110384,s232.541047
070_61,s-0.737341,s3.062709,s29.624379
070_62,s-2.312736,s2.248855,s94.395555
070_63,s-2.946950,s-0.154554,s267.259316
070_64,s2.602193,s2.225812,s213.845021
070_65,s-2.302441,s-1.886467,s140.277316
070_66,s-3.484723,s-0.388342,s330.727780
070_67,s-1.604969,s3.428634,s318.233938
070_68,s0.616771,s-3.093814,s274.216273
070_69,s1.088792,s2.832007,s12.236850
071_0,s0.041059,s-0.130373,s66.997746
071_1,s0.551569,s0.153408,s175.345139
071_2,s-0.220561,s0.550099,s101.578307
071_3,s0.529468,s0.594236,s334.841447
071_4,s-0.516483,s-0.356841,s89.301772
071_5,s-0.728541,s0.867455,s2.027696
071_6,s0.132081,s0.955605,s11.626624
071_7,s0.295999,s-0.757695,s118.431206
071_8,s1.256149,s-0.289274,s26.251788
071_9,s-0.604881,s-0.854379,s123.014598
071_10,s-1.162554,s0.782510,s68.585565
071_11,s0.676767,s-1.063787,s267.645631
071_12,s1.034349,s0.705847,s263.798399
071_13,s-1.544642,s-0.398185,s82.164090
071_14,s-0.500913,s-1.624599,s309.250019
071_15,s0.715923,s-1.577421,s156.413608
071_16,s0.625155,s1.504557,s325.896480
071_17,s-1.051569,s1.711314,s122.556533
071_18,s1.238425,s1.152480,s12.651180
071_19,s-1.053468,s-1.635996,s91.926190
071_20,s2.063373,s-0.268519,s59.532175
071_21,s-1.313710,s-0.961432,s85.526757
071_22,s-1.610540,s0.280791,s270.395408
071_23,s1.298932,s-1.416978,s214.231184
071_24,s1.639759,s1.071967,s270.629241
071_25,s1.410355,s-0.703525,s211.383750
071_26,s-0.698277,s-1.946341,s215.707220
071_27,s-2.066958,s0.951646,s152.223783
071_28,s-0.178943,s2.342178,s186.668516
071_29,s0.454571,s1.992985,s7.546840
071_30,s1.876251,s0.448016,s283.057411
071_31,s1.277275,s2.008385,s289.738735
071_32,s2.319577,s-0.630158,s141.738589
071_33,s-0.893816,s2.105017,s334.938481
071_34,s1.943428,s1.537558,s286.087752
071_35,s-2.405546,s-0.590384,s205.234818
071_36,s-1.884409,s-1.892003,s183.050000
071_37,s-1.573961,s1.898033,s17.644538
071_38,s-1.988606,s1.438505,s14.537241
071_39,s0.806408,s-2.391501,s331.838319
071_40,s-2.579921,s0.693095,s65.861166
071_41,s2.563412,s-0.370225,s8.692348
071_42,s1.583758,s-2.228433,s184.473866
071_43,s-2.654445,s-0.474702,s23.436145
071_44,s2.267365,s-1.525065,s331.553319
071_45,s-1.128888,s-2.323298,s123.386219
071_46,s0.883911,s2.418182,s48.601879
071_47,s-2.640252,s1.167010,s28.677693
071_48,s-2.361418,s-1.911890,s50.794213
071_49,s-2.689844,s-0.999067,s129.541168
071_50,s0.968063,s-2.834750,s133.783146
071_51,s1.971054,s-1.946627,s217.240779
071_52,s2.963961,s0.702856,s178.413522
071_53,s-0.375789,s-2.781623,s130.754278
071_54,s2.554571,s1.201603,s249.264779
071_55,s-1.410356,s2.576707,s286.715971
071_56,s2.342290,s2.483260,s209.466906
071_57,s3.054590,s-1.015812,s6.594685
071_58,s-3.214132,s0.464293,s188.616024
071_59,s0.370345,s3.146570,s30.198699
071_60,s3.469564,s-0.570443,s346.368391
071_61,s-2.188977,s2.452272,s329.323888
071_62,s1.396752,s2.622055,s258.118826
071_63,s-0.281639,s2.756861,s344.231608
071_64,s-1.468167,s-2.990096,s222.046465
071_65,s3.056253,s1.635890,s25.664490
071_66,s2.794067,s-1.431732,s243.941808
071_67,s1.696680,s3.022214,s336.882871
071_68,s1.146758,s-3.526691,s333.219921
071_69,s2.037682,s-2.890600,s290.475392
071_70,s-2.365658,s-2.419342,s232.004178
072_0,s0.047110,s0.095165,s65.368698
072_1,s0.314356,s-0.490518,s280.802605
072_2,s0.403707,s0.035886,s315.948134
072_3,s-0.549864,s-0.039240,s123.337444
072_4,s0.640156,s0.713329,s70.762260
072_5,s-0.095105,s-0.548116,s92.384704
072_6,s-0.204422,s0.742604,s112.715215
072_7,s0.942932,s-1.119618,s345.324329
072_8,s0.024768,s-1.045093,s248.656630
072_9,s-1.250551,s0.519292,s324.514075
072_10,s-0.513299,s-0.923733,s170.287200
072_11,s1.215135,s0.547981,s316.011714
072_12,s-1.588477,s-0.241732,s310.959037
072_13,s-1.134206,s-0.675933,s115.845721
072_14,s1.218031,s0.055275,s233.717914
072_15,s-1.111736,s-1.148316,s213.189557
072_16,s-1.481674,s1.102303,s117.971517
072_17,s0.531456,s1.359153,s239.967377
072_18,s-0.166487,s1.685297,s106.438240
072_19,s0.761067,s-1.661317,s65.315220
072_20,s1.438534,s1.273340,s44.881437
072_21,s-0.829814,s-1.988731,s173.407770
072_22,s1.587601,s-0.576905,s181.395300
072_23,s-2.035648,s0.328970,s186.349896
072_24,s2.090122,s1.055200,s136.012392
072_25,s1.857592,s0.358378,s246.938042
072_26,s-0.571128,s2.281438,s112.895716
072_27,s1.400276,s-1.627134,s282.758442
072_28,s1.088865,s-1.855497,s189.800231
072_29,s-2.039060,s1.235962,s67.028643
072_30,s2.046785,s-0.316387,s264.565734
072_31,s0.569914,s2.339174,s197.264077
072_32,s0.245775,s-1.971818,s179.003104
072_33,s-1.987364,s-0.957750,s29.462399
072_34,s-1.720789,s-1.304426,s188.560067
072_35,s-0.308093,s2.196615,s287.829045
072_36,s-2.415578,s0.698703,s153.392740
072_37,s1.704652,s-2.204918,s294.992952
072_38,s-0.244646,s-2.301561,s127.947154
072_39,s1.416788,s1.916843,s227.357306
072_40,s-1.405451,s2.094005,s115.848107
072_41,s2.570861,s0.772056,s186.201489
072_42,s2.808138,s-0.759717,s126.687810
072_43,s-2.584668,s-0.447362,s78.162181
072_44,s2.149408,s1.825161,s22.982597
072_45,s-2.194171,s-1.375690,s157.180738
072_46,s0.312597,s2.720679,s18.776907
072_47,s-2.596582,s-1.166280,s100.285938
072_48,s-1.519228,s-2.453266,s45.202603
072_49,s0.821980,s-2.416791,s129.106963
072_50,s2.302711,s1.357245,s268.880013
072_51,s1.181854,s2.178571,s340.996268
072_52,s-2.855888,s0.919086,s116.631892
072_53,s-0.422088,s-2.866457,s219.306501
072_54,s2.565728,s-1.365084,s184.481896
072_55,s-1.334901,s-2.809329,s155.276321
072_56,s0.978326,s2.887471,s58.878909
072_57,s-2.384911,s1.866952,s302.205641
072_58,s3.130683,s-1.307019,s286.870040
072_59,s1.428935,s-2.679004,s251.423511
072_60,s-0.502346,s2.694370,s336.764585
072_61,s-2.232505,s-2.460946,s190.914320
072_62,s-1.976594,s2.502701,s33.752237
072_63,s-1.294822,s2.957669,s143.780793
072_64,s3.107934,s0.911505,s281.788013
072_65,s0.452867,s-3.072608,s170.253173
072_66,s3.070118,s-0.345372,s304.917709
072_67,s1.134602,s-3.272359,s228.143277
072_68,s1.776978,s2.800280,s41.141039
072_69,s2.823624,s-2.294411,s287.289301
072_70,s2.473862,s2.357429,s18.725166
072_71,s-0.617320,s-3.498361,s231.515128
073_0,s0.183716,s0.374149,s163.240804
073_1,s-0.503618,s0.677356,s289.181731
073_2,s-0.685523,s0.428165,s106.998476
073_3,s-0.974661,s-0.546000,s49.416914
073_4,s-0.360078,s-0.092496,s149.043526
073_5,s-0.516157,s-0.850054,s224.037617
073_6,s0.322931,s-1.260898,s216.977583
073_7,s1.151336,s-0.705674,s146.251695
073_8,s0.484032,s-0.095838,s239.423942
073_9,s1.456507,s0.270234,s163.937486
073_10,s1.043403,s0.608963,s306.849713
073_11,s0.953040,s1.343196,s151.988649
073_12,s0.296521,s1.159249,s7.087990
073_13,s-0.249764,s1.553138,s74.977637
073_14,s-0.840662,s0.991205,s17.217619
073_15,s-1.496618,s1.159482,s172.277600
073_16,s-1.775841,s0.244165,s150.605445
073_17,s-1.775281,s-0.409909,s224.819512
073_18,s-1.633780,s-1.558284,s319.292655
073_19,s-0.991864,s-1.858995,s338.532761
073_20,s-0.494622,s-1.852617,s287.363278
073_21,s0.040303,s-2.226827,s294.523003
073_22,s1.220952,s-2.015285,s38.906028
073_23,s1.280958,s-1.259784,s233.267861
073_24,s2.301239,s-1.045648,s82.925297
073_25,s1.646275,s-0.673268,s354.672619
073_26,s2.506537,s0.543291,s120.122369
073_27,s1.774683,s1.389871,s222.826067
073_28,s1.374043,s1.595189,s42.109488
073_29,s0.993487,s2.486566,s118.960168
073_30,s0.039678,s1.975271,s356.347648
073_31,s-0.791314,s2.480389,s220.165682
073_32,s-1.701268,s2.353921,s252.570096
073_33,s-1.368422,s1.869263,s143.407039
073_34,s-2.568381,s0.862340,s296.555203
073_35,s-2.771951,s0.348195,s229.330154
073_36,s-2.976155,s-0.194405,s235.825632
073_37,s-2.240014,s-0.654760,s173.975750
073_38,s-1.958940,s-1.956537,s12.718890
073_39,s-1.350811,s-1.952107,s137.132876
073_40,s-1.093318,s-2.897600,s356.426110
073_41,s-0.563030,s-2.611634,s264.823786
073_42,s0.539922,s-2.625095,s169.726967
073_43,s0.985854,s-2.441471,s194.545830
073_44,s1.734972,s-2.183273,s154.482784
073_45,s2.125486,s-2.034187,s290.257763
073_46,s2.858394,s-1.048692,s194.564878
073_47,s2.691460,s-0.618795,s8.793442
073_48,s2.870596,s0.124303,s259.631807
073_49,s2.894581,s0.984171,s223.430920
073_50,s2.401437,s1.474693,s183.104029
073_51,s2.316015,s2.275662,s169.065807
073_52,s1.431742,s2.535242,s266.330796
073_53,s1.064498,s3.088044,s115.836070
073_54,s0.426194,s3.119561,s80.482768
073_55,s-0.486461,s3.319532,s143.877414
073_56,s-1.149871,s2.814894,s58.536060
073_57,s-1.895949,s2.699199,s6.468954
073_58,s-2.380815,s2.300737,s236.614399
073_59,s-2.742790,s1.745139,s230.071712
073_60,s-3.237659,s1.482432,s214.857591
073_61,s-3.150211,s0.791253,s185.409429
073_62,s-3.622295,s-0.831583,s326.460039
073_63,s-2.756902,s-1.452835,s31.382897
073_64,s-3.130082,s-1.748471,s217.373284
073_65,s-2.369361,s-2.261342,s162.754897
073_66,s-2.439409,s-3.167308,s253.911586
073_67,s-1.431737,s-3.219354,s51.137466
073_68,s-0.644228,s-3.596767,s49.686793
073_69,s0.295632,s-3.544437,s103.467425
073_70,s0.826189,s-3.465373,s142.416876
073_71,s1.816125,s-3.203325,s102.291074
073_72,s1.973204,s-2.846020,s309.126009
074_0,s0.004185,s0.069979,s210.429368
074_1,s-0.178827,s0.588526,s278.084154
074_2,s-0.452626,s0.701272,s107.569515
074_3,s-0.710017,s0.137885,s124.687804
074_4,s-1.584810,s-0.821201,s278.092801
074_5,s0.020762,s-0.725507,s70.294248
074_6,s0.164665,s-1.065892,s212.544222
074_7,s0.818360,s-1.156296,s23.311705
074_8,s1.156091,s-0.594172,s34.201735
074_9,s1.305407,s0.063872,s224.663838
074_10,s1.135210,s0.530574,s261.817883
074_11,s1.098319,s1.037112,s58.260420
074_12,s-0.038167,s1.085501,s318.462451
074_13,s-0.454794,s1.435665,s80.582831
074_14,s-1.230566,s0.719000,s4.241069
074_15,s-2.033716,s0.879038,s224.836644
074_16,s-1.399780,s0.251199,s158.673109
074_17,s-1.949574,s-1.470105,s352.314126
074_18,s-0.935019,s-1.154383,s120.032349
074_19,s-0.267583,s-1.193875,s129.159882
074_20,s-0.301761,s-1.857912,s99.617499
074_21,s0.524169,s-2.242054,s52.894248
074_22,s0.710632,s-1.788101,s284.748792
074_23,s1.500934,s-1.008852,s190.285650
074_24,s2.025313,s-0.908952,s310.541508
074_25,s2.017631,s-0.294930,s316.263066
074_26,s2.223629,s0.367155,s34.969542
074_27,s1.937488,s1.372087,s86.463274
074_28,s1.400948,s2.006614,s141.012830
074_29,s0.782273,s2.237688,s162.815941
074_30,s-0.164256,s2.146795,s236.955242
074_31,s-0.597501,s2.571762,s191.922023
074_32,s-1.134763,s2.218033,s236.727217
074_33,s-1.481926,s1.672992,s44.011178
074_34,s-1.950608,s1.475619,s114.922884
074_35,s-2.281842,s0.245338,s21.733571
074_36,s-2.853799,s0.018353,s244.446958
074_37,s-2.137944,s-0.559940,s172.734135
074_38,s-2.403591,s-1.559898,s183.074186
074_39,s-1.853331,s-2.089755,s305.214642
074_40,s-1.294615,s-2.443259,s351.069431
074_41,s-0.331484,s-2.414429,s108.887197
074_42,s0.152965,s-2.570145,s163.471031
074_43,s1.044157,s-2.380198,s136.017127
074_44,s1.583001,s-2.444456,s9.800248
074_45,s2.095658,s-1.543479,s159.017989
074_46,s2.587809,s-1.176075,s183.880244
074_47,s2.888426,s-0.398950,s279.560380
074_48,s2.928182,s0.157189,s344.450209
074_49,s2.785858,s0.867475,s85.474543
074_50,s2.739113,s1.385498,s61.553715
074_51,s1.976942,s1.955669,s343.916603
074_52,s1.822088,s2.618878,s96.256911
074_53,s0.823571,s2.764805,s125.261241
074_54,s0.363121,s3.266588,s150.654638
074_55,s-0.386231,s2.913613,s324.943029
074_56,s-1.203829,s2.770356,s311.109161
074_57,s-1.852224,s2.904256,s217.973540
074_58,s-2.483385,s1.980444,s325.754790
074_59,s-3.159825,s1.813508,s229.748600
074_60,s-2.900559,s1.060694,s90.673563
074_61,s-3.364484,s0.041595,s324.072655
074_62,s-3.153958,s-0.490994,s129.177024
074_63,s-3.278206,s-1.115664,s253.465556
074_64,s-2.950460,s-1.726438,s161.292307
074_65,s-2.428659,s-2.586275,s187.787454
074_66,s-1.886804,s-3.111418,s0.617704
074_67,s-1.240536,s-3.292567,s18.432607
074_68,s-0.715369,s-3.475770,s1.048443
074_69,s-0.047235,s-3.474960,s238.969628
074_70,s0.535824,s-3.302060,s264.641081
074_71,s1.329865,s-2.943187,s244.206131
074_72,s2.277247,s-3.030583,s23.321874
074_73,s2.390541,s-2.160482,s199.368739
075_0,s0.315406,s0.225615,s157.768295
075_1,s0.098179,s0.715967,s102.827214
075_2,s-0.228226,s-0.370711,s64.564696
075_3,s0.855672,s0.125948,s289.134315
075_4,s0.292020,s-0.724918,s250.253929
075_5,s-0.118535,s-0.788308,s110.207797
075_6,s-0.504803,s0.900792,s53.848918
075_7,s-0.828252,s0.178556,s3.758753
075_8,s1.313717,s-0.285316,s111.451071
075_9,s0.858628,s0.799482,s76.957043
075_10,s0.112786,s-1.449633,s295.652032
075_11,s-0.452713,s-1.455734,s179.668195
075_12,s1.247245,s1.095248,s221.668580
075_13,s-0.393768,s1.363661,s322.760122
075_14,s-1.255750,s0.170938,s158.142493
075_15,s-1.023197,s-1.234263,s158.881652
075_16,s-1.639677,s0.449056,s339.280091
075_17,s0.727856,s1.309544,s343.834305
075_18,s1.354602,s-0.861690,s304.025348
075_19,s1.324216,s-1.202452,s145.019687
075_20,s-1.529317,s-1.548162,s76.761972
075_21,s-1.936332,s-0.507045,s359.877453
075_22,s1.939688,s0.860940,s238.988785
075_23,s-0.960326,s-2.051002,s232.110313
075_24,s-1.448105,s1.752469,s258.902554
075_25,s-1.607589,s-0.882866,s123.256760
075_26,s-0.078816,s2.154674,s52.756735
075_27,s0.883325,s-2.056962,s213.522910
075_28,s1.696540,s-1.496885,s304.702440
075_29,s1.688499,s1.471234,s303.585952
075_30,s-1.701741,s1.171812,s9.412211
075_31,s2.222018,s-0.751156,s349.799828
075_32,s0.566045,s2.093927,s350.890673
075_33,s-2.209113,s1.946096,s354.542864
075_34,s-1.551841,s-2.095714,s188.370494
075_35,s1.210901,s2.200349,s264.483631
075_36,s2.618762,s0.215972,s207.671560
075_37,s-2.433119,s0.869060,s212.795914
075_38,s-2.448105,s-0.821989,s5.867823
075_39,s2.239920,s-1.689550,s295.283620
075_40,s-2.008938,s-1.819304,s165.544292
075_41,s-1.041982,s-2.891530,s165.119667
075_42,s2.689522,s0.898182,s267.253605
075_43,s-2.179340,s1.323276,s56.171605
075_44,s-0.972624,s2.590376,s315.877631
075_45,s1.928779,s2.571354,s255.509244
075_46,s0.980606,s-2.870098,s207.998807
075_47,s1.670018,s-1.872099,s174.434508
075_48,s0.726793,s3.100429,s71.881147
075_49,s-2.632453,s-1.113210,s197.186981
075_50,s-0.090143,s-2.646377,s320.336306
075_51,s-1.908950,s-2.769572,s190.999020
075_52,s0.185354,s-3.031475,s252.552871
075_53,s-0.314932,s-3.051114,s119.701696
075_54,s-2.763858,s0.207526,s166.829336
075_55,s-3.000446,s-0.821603,s114.873554
075_56,s2.091633,s-2.237634,s191.143927
075_57,s-1.459821,s2.785518,s85.469338
075_58,s2.813525,s-0.707293,s203.695154
075_59,s2.549757,s1.771213,s276.265987
075_60,s-2.542262,s2.712317,s10.002444
075_61,s-0.832612,s3.452401,s110.456731
075_62,s1.576028,s-2.828497,s212.545596
075_63,s1.447415,s2.954694,s140.134398
075_64,s2.883440,s-1.782916,s224.148995
075_65,s3.344537,s0.528619,s224.126360
075_66,s0.924278,s3.489810,s247.439570
075_67,s-3.080145,s1.567381,s232.137794
075_68,s-3.511257,s0.007897,s198.905603
075_69,s3.349091,s-1.196726,s288.267971
075_70,s-2.607292,s-2.058169,s209.413153
075_71,s-2.723223,s2.345371,s138.129521
075_72,s-3.133838,s-1.516019,s118.405335
075_73,s-3.458648,s0.533584,s349.533884
075_74,s-2.879343,s-2.600530,s234.545841
076_0,s0.000000,s0.000000,s299.370941
076_1,s-0.203454,s-0.344393,s225.843461
076_2,s-0.258962,s0.368020,s103.837559
076_3,s0.469255,s-0.286879,s203.022115
076_4,s-0.556362,s-0.707433,s87.856552
076_5,s0.873463,s0.582720,s183.095711
076_6,s-1.111050,s0.572773,s308.366661
076_7,s0.254414,s1.026603,s260.773529
076_8,s-0.165777,s-1.196674,s105.205458
076_9,s0.555808,s-1.119633,s195.318442
076_10,s-0.560137,s1.283062,s7.624545
076_11,s0.965183,s-0.413426,s233.931334
076_12,s-1.421546,s0.285842,s167.509514
076_13,s1.316285,s0.679757,s4.673485
076_14,s0.056586,s1.398856,s304.222604
076_15,s-1.294053,s-1.137838,s95.960652
076_16,s-1.586289,s0.739044,s22.867406
076_17,s1.168156,s-1.369456,s189.455161
076_18,s1.391500,s-0.154037,s267.780926
076_19,s1.289141,s1.593931,s49.503959
076_20,s-0.730738,s-1.644999,s170.039246
076_21,s1.697267,s1.057962,s322.550518
076_22,s-1.190979,s1.415651,s354.794200
076_23,s1.822390,s-0.938827,s234.992310
076_24,s-2.037931,s-0.222123,s23.640274
076_25,s-0.755644,s2.119316,s335.654122
076_26,s-0.214524,s-1.854328,s222.808322
076_27,s-1.728823,s1.591751,s22.232582
076_28,s-2.205578,s-0.946270,s26.373968
076_29,s2.289090,s0.873251,s333.682207
076_30,s-2.165094,s0.776122,s37.774251
076_31,s1.637627,s-1.757094,s291.943842
076_32,s-1.241455,s-1.755360,s62.555145
076_33,s1.415041,s-2.358158,s208.976923
076_34,s-0.288964,s-2.482597,s263.936454
076_35,s1.621168,s1.903106,s353.528620
076_36,s-2.170110,s-1.520895,s170.550230
076_37,s-1.755346,s2.353106,s269.403389
076_38,s0.726158,s2.444421,s81.271295
076_39,s2.662568,s-1.255508,s243.892785
076_40,s-1.053315,s-2.594326,s151.238649
076_41,s-2.225534,s1.615394,s80.607369
076_42,s1.996744,s-2.272115,s250.716597
076_43,s2.242850,s1.790506,s275.851830
076_44,s-2.595272,s0.156719,s49.859994
076_45,s1.656941,s0.252025,s299.204947
076_46,s-2.652742,s-1.171734,s87.295727
076_47,s2.346574,s-0.545589,s0.774610
076_48,s-2.845075,s1.352052,s135.056046
076_49,s2.406134,s-1.771668,s207.422293
076_50,s2.792676,s0.613803,s216.383818
076_51,s1.188716,s2.603546,s326.930997
076_52,s0.674889,s-1.988599,s211.101115
076_53,s0.651710,s-2.774406,s241.213750
076_54,s-1.726015,s-2.228648,s204.707924
076_55,s2.266031,s2.329722,s18.377297
076_56,s2.963264,s-0.425036,s282.024163
076_57,s0.353574,s3.017681,s128.469810
076_58,s-0.741755,s2.958429,s341.983391
076_59,s-0.354257,s-3.226170,s175.519730
076_60,s-1.837673,s-2.800974,s146.081334
076_61,s0.817213,s3.113380,s335.918999
076_62,s-2.825737,s-2.230518,s337.437822
076_63,s-1.971715,s3.014353,s297.588205
076_64,s3.074817,s1.451035,s145.602542
076_65,s-3.395087,s-0.451667,s264.971523
076_66,s-3.407313,s1.290762,s99.884337
076_67,s-3.435863,s0.666968,s113.691841
076_68,s-2.844835,s2.038851,s56.367252
076_69,s-2.217269,s2.691208,s107.499077
076_70,s2.205235,s-3.155858,s102.515561
076_71,s-3.130223,s-1.836739,s52.407205
076_72,s2.933921,s2.241580,s289.779351
076_73,s0.759967,s-3.365256,s232.220113
076_74,s3.011286,s-2.149921,s295.555278
076_75,s-2.721454,s-2.506729,s161.337408
077_0,s-0.018631,s-0.006130,s236.135497
077_1,s-0.328602,s0.242366,s1.368264
077_2,s-0.185073,s-0.559756,s53.019647
077_3,s0.375507,s0.250127,s341.898665
077_4,s-0.798508,s0.256044,s33.905721
077_5,s0.785974,s-0.464454,s176.272693
077_6,s-0.912916,s-0.677517,s16.472940
077_7,s-0.820918,s-1.214683,s92.136557
077_8,s0.338948,s1.043279,s82.107791
077_9,s-0.797992,s1.023905,s72.436356
077_10,s1.349198,s-0.778028,s150.088756
077_11,s0.848908,s0.384850,s247.399574
077_12,s1.042282,s0.781513,s29.315176
077_13,s1.269138,s-0.157037,s220.674255
077_14,s-1.374220,s-0.158419,s85.942561
077_15,s0.385194,s-0.884343,s87.670792
077_16,s0.388315,s-1.386793,s121.334859
077_17,s-0.505267,s-1.745333,s146.592484
077_18,s0.945744,s1.665628,s211.843133
077_19,s-0.567092,s1.638363,s54.369351
077_20,s-1.679665,s1.142397,s166.448517
077_21,s-1.522538,s-0.735350,s143.681272
077_22,s0.347651,s1.561312,s61.207611
077_23,s1.642963,s0.421211,s9.662606
077_24,s1.926078,s-0.855668,s161.704277
077_25,s-2.111299,s0.390010,s83.894486
077_26,s0.771895,s-1.731625,s284.722082
077_27,s2.006584,s0.905464,s230.456098
077_28,s0.456406,s-2.149822,s237.504446
077_29,s-1.836394,s1.467737,s340.937526
077_30,s-1.197034,s-1.638106,s173.748825
077_31,s1.315154,s-2.106946,s294.111450
077_32,s0.739797,s2.240979,s168.109757
077_33,s1.560883,s1.847646,s200.489775
077_34,s-0.239945,s-2.322668,s313.217141
077_35,s-0.672035,s2.197966,s337.702643
077_36,s-2.053918,s-1.590509,s158.183846
077_37,s2.295590,s-1.160572,s262.367068
077_38,s-2.366923,s1.133685,s353.684397
077_39,s2.477076,s1.063686,s320.747401
077_40,s-0.277891,s-2.733080,s173.770502
077_41,s2.730279,s-0.364844,s196.422782
077_42,s0.311055,s2.531123,s314.735124
077_43,s1.069373,s2.539779,s283.531493
077_44,s-2.271155,s-0.926554,s148.030707
077_45,s2.217181,s2.088284,s23.956562
077_46,s0.529518,s-2.646328,s194.203711
077_47,s-1.816650,s2.310021,s44.033841
077_48,s-1.244946,s-2.562834,s238.563194
077_49,s-2.084321,s-2.474193,s238.176963
077_50,s2.022186,s-2.142314,s228.792171
077_51,s-2.394031,s-0.103878,s81.978146
077_52,s1.363030,s-2.633387,s175.294424
077_53,s-0.183613,s2.956915,s335.819366
077_54,s2.825467,s0.814107,s170.400942
077_55,s1.161135,s3.133475,s267.746947
077_56,s-3.180221,s0.587673,s359.316634
077_57,s-2.778791,s-0.471893,s173.521573
077_58,s2.467391,s-1.786571,s236.719915
077_59,s-1.108150,s2.527564,s354.190995
077_60,s-2.619906,s1.759127,s69.989665
077_61,s-2.889061,s-1.680783,s108.545854
077_62,s-3.398144,s-0.229480,s30.125413
077_63,s2.671275,s2.252159,s323.055070
077_64,s-1.598914,s-3.091425,s124.131063
077_65,s-1.023477,s-3.141463,s207.683064
077_66,s-2.553351,s-2.291673,s142.968969
077_67,s-1.374126,s3.171232,s49.454247
077_68,s2.987500,s-0.120187,s303.233745
077_69,s3.119138,s-1.675774,s254.845894
077_70,s3.149728,s1.160042,s332.502894
077_71,s-3.480607,s-1.354452,s326.257923
077_72,s3.421174,s-1.066581,s205.978677
077_73,s-0.739285,s3.338029,s328.389600
077_74,s1.087621,s-3.434777,s155.854356
077_75,s2.110602,s-2.877144,s237.004103
077_76,s0.627357,s3.492525,s281.714159
078_0,s0.000000,s0.000000,s256.406132
078_1,s-0.339570,s0.295283,s326.880871
078_2,s0.366834,s-0.766768,s57.251526
078_3,s-0.409066,s-0.568036,s133.951197
078_4,s0.201246,s0.565243,s285.760082
078_5,s0.852406,s-0.419409,s175.262891
078_6,s-0.809409,s-0.259533,s14.557260
078_7,s-0.638817,s0.833314,s295.299404
078_8,s-1.195976,s-0.626213,s189.281199
078_9,s0.434168,s1.118704,s33.931489
078_10,s-0.350125,s-1.095405,s160.068658
078_11,s1.149119,s-0.045014,s73.481235
078_12,s1.035687,s0.606097,s287.532785
078_13,s-1.303555,s0.351060,s132.771722
078_14,s-0.588374,s1.325261,s9.391275
078_15,s-0.962988,s1.016196,s94.634532
078_16,s0.913119,s1.492888,s24.227680
078_17,s1.385648,s-0.427176,s323.735490
078_18,s0.528057,s-1.187921,s139.671173
078_19,s1.233677,s-0.853253,s235.584647
078_20,s-1.716392,s0.690288,s116.141807
078_21,s-1.478621,s-1.491201,s21.026997
078_22,s1.551665,s1.339715,s219.427011
078_23,s0.769794,s-1.791624,s113.343242
078_24,s-0.672144,s-2.147259,s284.258917
078_25,s-0.971195,s1.974026,s111.023136
078_26,s-1.696545,s1.237632,s33.512690
078_27,s1.226365,s-1.451217,s225.504741
078_28,s0.621012,s2.369988,s35.579575
078_29,s-1.985080,s-0.948397,s126.227024
078_30,s-0.181089,s1.941573,s42.469822
078_31,s0.546711,s-2.388223,s112.428842
078_32,s-1.611465,s-1.911329,s134.805378
078_33,s1.532808,s1.846753,s31.953399
078_34,s-2.198367,s0.962904,s94.120219
078_35,s2.132638,s1.736190,s28.868629
078_36,s2.252864,s-0.463253,s128.867891
078_37,s2.040152,s0.200701,s322.339374
078_38,s2.152514,s-1.170122,s208.797556
078_39,s1.553464,s-2.329538,s42.048168
078_40,s-2.532348,s0.299519,s172.517195
078_41,s-0.881069,s-2.499243,s168.940647
078_42,s2.593485,s0.914515,s270.814757
078_43,s-2.327686,s1.729705,s139.343081
078_44,s2.525463,s-0.802830,s308.145211
078_45,s-1.517090,s2.111501,s59.695962
078_46,s-0.672356,s2.666540,s67.671512
078_47,s1.724532,s-2.695550,s127.961970
078_48,s1.195489,s2.751510,s322.100511
078_49,s2.852430,s-1.336466,s315.790871
078_50,s-2.709406,s-1.033981,s10.134478
078_51,s-2.716094,s-1.784750,s241.354643
078_52,s2.809619,s0.478062,s213.847084
078_53,s0.156753,s3.196158,s48.286595
078_54,s-2.979458,s1.418742,s30.490831
078_55,s-1.450681,s-2.511080,s97.067904
078_56,s2.643317,s1.619529,s123.952929
078_57,s-3.013407,s-1.574605,s114.291759
078_58,s-3.264053,s-0.753963,s153.571411
078_59,s0.540500,s-3.103282,s60.055655
078_60,s-1.539605,s2.748112,s103.127490
078_61,s2.595494,s2.037992,s350.963338
078_62,s3.111995,s1.489291,s213.199258
078_63,s1.992287,s-1.967433,s224.283796
078_64,s2.695342,s-1.903978,s172.765844
078_65,s-0.580984,s3.552810,s56.899594
078_66,s-2.951466,s0.537449,s32.247402
078_67,s-1.668287,s-2.962569,s186.880377
078_68,s3.367650,s-0.467902,s322.659417
078_69,s2.288879,s-2.713583,s143.043689
078_70,s-3.047274,s-0.128932,s56.689173
078_71,s0.922409,s3.531524,s81.826757
078_72,s2.000982,s2.560971,s311.274286
078_73,s-2.457870,s2.126352,s46.070607
078_74,s3.093887,s-1.840615,s251.575330
078_75,s-2.340022,s2.866059,s50.989539
078_76,s-3.518979,s1.295872,s110.453602
078_77,s-1.974477,s-3.421102,s85.856215
079_0,s0.000000,s0.000000,s28.965667
079_1,s-0.329336,s-0.440497,s46.104690
079_2,s0.332937,s-0.221705,s298.339789
079_3,s0.439397,s0.408571,s290.741149
079_4,s0.565266,s-0.763527,s184.480578
079_5,s-0.714079,s-0.700065,s182.230707
079_6,s0.262744,s0.808372,s335.447802
079_7,s0.908632,s-0.526202,s277.829590
079_8,s-0.576581,s0.936779,s288.901296
079_9,s-0.893790,s0.321931,s0.649539
079_10,s1.219614,s0.273938,s220.503773
079_11,s-1.502405,s0.381155,s198.814423
079_12,s0.939922,s1.104105,s223.451491
079_13,s-1.074238,s-1.185754,s70.747556
079_14,s-1.630601,s-0.252271,s122.399230
079_15,s1.691236,s0.616216,s250.123609
079_16,s-0.917291,s1.310945,s63.327032
079_17,s-1.378675,s0.708346,s9.807466
079_18,s-0.164216,s-1.188711,s351.687027
079_19,s0.201584,s1.788677,s254.098388
079_20,s-0.420332,s-1.801616,s63.659662
079_21,s1.575676,s-1.061717,s89.459182
079_22,s1.300286,s1.453189,s39.488940
079_23,s1.416746,s-1.747950,s78.940675
079_24,s-2.084235,s0.704249,s1.711691
079_25,s-1.184770,s-1.912804,s61.833536
079_26,s1.937463,s-1.144000,s195.778649
079_27,s-1.961475,s-1.294262,s41.674114
079_28,s-0.883178,s1.849999,s343.746835
079_29,s2.477729,s0.787945,s63.138943
079_30,s1.044515,s2.435465,s207.902872
079_31,s1.901176,s-0.620910,s305.094953
079_32,s-1.355952,s1.919347,s26.050795
079_33,s1.293401,s-2.312923,s156.443983
079_34,s2.591351,s0.211896,s313.935701
079_35,s0.295684,s-1.876851,s2.628843
079_36,s1.755575,s1.485920,s285.386546
079_37,s-1.278868,s-2.320990,s140.930067
079_38,s-2.474022,s1.081302,s73.903497
079_39,s-2.245602,s1.672504,s43.119850
079_40,s-2.421331,s-0.373705,s102.575120
079_41,s-2.521513,s0.380094,s34.922716
079_42,s-2.549863,s-1.273067,s163.733151
079_43,s2.377632,s-0.772570,s231.859555
079_44,s1.752255,s1.987990,s298.196514
079_45,s-1.188100,s2.480104,s350.984123
079_46,s0.293696,s2.734272,s266.471649
079_47,s2.578182,s1.533942,s283.083673
079_48,s-0.306224,s-2.077553,s235.146063
079_49,s-0.408345,s-2.567733,s154.474394
079_50,s2.272507,s-2.252934,s113.584160
079_51,s-2.300556,s-2.151730,s339.138138
079_52,s-2.997488,s-0.968280,s108.821440
079_53,s1.645294,s2.744632,s25.921220
079_54,s-1.766704,s2.846270,s33.262685
079_55,s3.234980,s-1.336002,s269.455885
079_56,s2.606656,s-1.677899,s178.669887
079_57,s2.580635,s2.136076,s291.318811
079_58,s-2.657624,s-2.277507,s117.920225
079_59,s-3.063224,s0.476087,s127.710704
079_60,s-0.844879,s3.499454,s41.318977
079_61,s1.328567,s-3.183930,s153.873891
079_62,s2.875873,s-0.657155,s329.142255
079_63,s3.346299,s1.025807,s354.922830
079_64,s-2.045980,s-2.715505,s193.281576
079_65,s-2.300807,s2.224025,s354.362979
079_66,s0.357977,s3.330819,s120.930703
079_67,s2.064259,s-2.888137,s282.785239
079_68,s2.955987,s-2.387915,s193.650916
079_69,s0.131759,s-3.547554,s37.924937
079_70,s-2.649298,s-3.158810,s208.024694
079_71,s2.151939,s2.567422,s354.625671
079_72,s3.589048,s-0.280591,s152.845221
079_73,s-3.411198,s1.433085,s38.974777
079_74,s-0.940181,s-3.526834,s35.709145
079_75,s-3.066917,s2.069787,s220.336788
079_76,s-0.399010,s3.426849,s302.672985
079_77,s3.740112,s0.272144,s358.874158
079_78,s-2.805679,s2.636412,s346.081495
080_0,s0.017254,s-0.078277,s176.673265
080_1,s-0.166744,s0.921018,s189.310008
080_2,s-0.646861,s0.864736,s135.583856
080_3,s-1.374651,s0.030481,s250.566604
080_4,s-1.055974,s-0.884402,s323.657815
080_5,s-0.503633,s-1.224020,s352.164599
080_6,s0.065532,s-1.427569,s351.360289
080_7,s0.624686,s-1.363344,s297.431150
080_8,s1.524888,s-0.689291,s60.402873
080_9,s1.534684,s0.396180,s189.459108
080_10,s1.620972,s0.971645,s85.288713
080_11,s0.601701,s1.527723,s243.615864
080_12,s0.233199,s1.884409,s153.433238
080_13,s-0.457674,s1.770933,s143.633738
080_14,s-1.138071,s1.422140,s118.669245
080_15,s-1.835242,s0.836975,s218.225173
080_16,s-1.931346,s0.251425,s206.078599
080_17,s-1.850282,s-0.723273,s57.387571
080_18,s-1.380357,s-1.168915,s138.640787
080_19,s-1.027275,s-1.845012,s352.309484
080_20,s-0.408714,s-2.081468,s230.607060
080_21,s0.253713,s-2.219891,s291.298760
080_22,s1.299435,s-1.794277,s149.386551
080_23,s1.802955,s-1.548381,s75.447260
080_24,s2.186479,s-1.056790,s36.059865
080_25,s2.369920,s-0.032552,s184.967501
080_26,s2.267094,s0.718631,s207.057268
080_27,s1.999339,s1.280764,s242.915115
080_28,s1.588523,s1.971072,s164.697897
080_29,s0.875126,s2.313793,s203.043036
080_30,s0.139673,s2.457411,s293.727624
080_31,s-0.571753,s2.279356,s29.197189
080_32,s-1.161568,s1.966864,s11.576739
080_33,s-1.883539,s1.874805,s181.409524
080_34,s-2.321663,s1.192418,s5.872205
080_35,s-2.649376,s0.353682,s357.801359
080_36,s-2.741668,s-0.098757,s134.378789
080_37,s-2.562969,s-1.186088,s355.028869
080_38,s-2.562158,s-1.649089,s252.962028
080_39,s-1.718518,s-2.172407,s92.928560
080_40,s-1.318430,s-2.517528,s303.653755
080_41,s-0.405814,s-3.040921,s40.545471
080_42,s0.590269,s-2.943799,s104.363937
080_43,s1.100700,s-2.694624,s201.850230
080_44,s1.829155,s-2.466682,s85.959866
080_45,s2.505912,s-1.757198,s126.199567
080_46,s3.013770,s-1.405644,s64.841475
080_47,s3.004343,s-0.844499,s351.805646
080_48,s3.119602,s0.246488,s235.729992
080_49,s2.981304,s1.138631,s189.660174
080_50,s2.714732,s1.643236,s297.561127
080_51,s2.317503,s2.329932,s170.028286
080_52,s1.716798,s2.731955,s334.834525
080_53,s1.116001,s3.059608,s64.862855
080_54,s0.253583,s3.335311,s146.084057
080_55,s-0.410331,s3.470894,s127.185458
080_56,s-1.196028,s3.162630,s61.447271
080_57,s-2.061949,s3.015039,s240.478472
080_58,s-2.412825,s2.386228,s57.012958
080_59,s-3.046255,s1.739756,s298.121157
080_60,s-3.278284,s1.068910,s13.565446
080_61,s-3.508172,s0.326633,s297.978525
080_62,s-3.478989,s-0.422686,s28.693148
080_63,s-3.334745,s-1.166028,s96.298662
080_64,s-3.175448,s-1.693096,s229.309535
080_65,s-2.877862,s-2.466603,s224.058430
080_66,s-2.079975,s-2.852763,s220.467306
080_67,s-1.492391,s-3.726899,s318.865629
080_68,s-0.325118,s-3.635969,s85.984878
080_69,s0.245002,s-3.843811,s36.514018
080_70,s0.845531,s-3.625280,s237.454300
080_71,s1.646058,s-3.413027,s195.022313
080_72,s2.212701,s-3.142100,s9.098411
080_73,s2.619445,s-2.834686,s303.051976
080_74,s3.488335,s-1.793754,s168.961573
080_75,s3.597160,s-1.370362,s322.103449
080_76,s3.975082,s-0.461583,s132.425718
080_77,s3.882857,s0.309361,s205.922446
080_78,s3.790686,s0.988429,s160.672653
080_79,s3.558089,s1.685016,s223.429264
081_0,s0.000000,s0.000000,s40.980377
081_1,s-0.195452,s-0.514100,s83.022915
081_2,s-0.269496,s0.858704,s82.208203
081_3,s0.435445,s-0.113524,s250.086015
081_4,s0.154684,s-0.733875,s229.228727
081_5,s0.083918,s0.543560,s339.007805
081_6,s0.877163,s0.480193,s196.350725
081_7,s0.872137,s-0.964042,s324.360909
081_8,s0.659016,s1.178218,s332.948079
081_9,s-0.727680,s0.439297,s123.367393
081_10,s-0.824008,s1.253400,s340.675330
081_11,s-0.898492,s-1.073645,s16.366715
081_12,s1.459508,s0.521859,s343.019956
081_13,s-1.311005,s0.491187,s46.550621
081_14,s-0.149317,s1.693430,s192.708059
081_15,s1.511997,s-0.660579,s223.469508
081_16,s-1.508024,s-0.534661,s162.846548
081_17,s-0.694729,s-1.441302,s232.793773
081_18,s-1.403668,s1.494060,s205.153697
081_19,s-1.223528,s-1.518381,s86.126622
081_20,s0.467557,s1.789941,s334.012405
081_21,s1.245324,s1.873945,s242.759885
081_22,s0.785409,s-1.451080,s225.929754
081_23,s1.904711,s-1.460163,s233.222208
081_24,s1.899921,s0.439089,s202.787245
081_25,s-0.521544,s-1.982547,s174.562499
081_26,s-1.967303,s-0.867305,s111.968024
081_27,s-2.041513,s0.819892,s98.880003
081_28,s-2.134525,s-0.257494,s290.167429
081_29,s2.445759,s-0.144100,s221.889133
081_30,s0.437311,s-1.746070,s186.155149
081_31,s1.922688,s1.168662,s262.465959
081_32,s-1.092287,s1.967081,s71.251433
081_33,s2.356932,s-1.211351,s291.619672
081_34,s0.836981,s-2.302599,s279.964244
081_35,s-0.643596,s2.260151,s254.682518
081_36,s-1.386231,s-2.020115,s176.112909
081_37,s-2.032130,s-1.700867,s181.365950
081_38,s-2.201881,s1.562600,s286.729469
081_39,s1.592006,s2.242324,s253.974399
081_40,s-2.338068,s2.035544,s332.544180
081_41,s-0.151326,s-2.595593,s134.734350
081_42,s-2.550973,s-1.379325,s180.530809
081_43,s1.039188,s-2.867506,s72.168795
081_44,s0.328790,s2.931620,s239.911976
081_45,s-1.025781,s2.551524,s343.369014
081_46,s-2.657558,s1.029508,s57.670193
081_47,s2.768278,s-1.796284,s154.274574
081_48,s-0.508905,s2.753364,s300.083639
081_49,s1.382060,s2.774871,s267.501400
081_50,s2.799186,s0.757996,s91.049620
081_51,s0.524371,s-3.258072,s69.009921
081_52,s2.203812,s1.559876,s331.449368
081_53,s1.617345,s-2.933717,s354.699764
081_54,s1.234110,s3.221719,s338.757720
081_55,s3.122126,s-1.346227,s328.813134
081_56,s-0.394096,s-3.326738,s218.522898
081_57,s1.297246,s-3.196819,s153.566623
081_58,s-2.545426,s0.152659,s179.297066
081_59,s2.784812,s2.120099,s274.927276
081_60,s3.395407,s0.176668,s28.888743
081_61,s2.862777,s1.429862,s235.046206
081_62,s-1.857922,s-2.966164,s35.456487
081_63,s-1.055580,s-2.808158,s169.562372
081_64,s-2.990868,s-0.988537,s169.805714
081_65,s2.119774,s-2.463546,s211.151489
081_66,s-3.005217,s-1.982088,s191.198948
081_67,s-3.529986,s1.108694,s205.949602
081_68,s-2.585053,s1.522334,s24.197053
081_69,s-0.716006,s3.630060,s126.548987
081_70,s-3.166004,s-0.734110,s358.836851
081_71,s-2.760516,s2.611427,s128.671541
081_72,s3.649375,s-1.059273,s286.139572
081_73,s0.608478,s3.497464,s293.031982
081_74,s-2.177070,s2.867118,s56.689405
081_75,s-1.770212,s3.191998,s211.950061
081_76,s-3.355730,s1.558550,s90.125769
081_77,s2.903976,s2.603252,s23.668202
081_78,s-1.494323,s3.828214,s91.442892
081_79,s2.916300,s-2.513503,s300.285058
081_80,s-0.997011,s3.976930,s323.166670
082_0,s0.139132,s-0.121728,s63.423051
082_1,s0.039589,s0.969847,s166.435141
082_2,s-0.798153,s0.765328,s230.429193
082_3,s-1.451082,s0.052031,s300.710991
082_4,s-0.790643,s-0.532259,s70.968138
082_5,s-0.215550,s-1.216115,s65.611269
082_6,s-0.196898,s-1.792437,s326.072437
082_7,s0.563417,s-1.317480,s328.112135
082_8,s1.752445,s-0.451116,s108.326727
082_9,s1.492865,s0.032238,s25.823529
082_10,s1.444033,s1.197668,s131.642941
082_11,s0.748838,s1.017599,s15.499120
082_12,s0.235307,s1.429233,s39.664151
082_13,s-0.356412,s1.324528,s15.214140
082_14,s-1.243361,s1.490837,s236.570311
082_15,s-1.566262,s1.027604,s159.653314
082_16,s-1.756610,s0.077010,s115.972313
082_17,s-1.791444,s-0.558506,s253.086824
082_18,s-1.671367,s-1.264597,s304.567812
082_19,s-0.832834,s-1.485951,s127.040027
082_20,s-0.692600,s-1.977889,s241.199590
082_21,s0.823329,s-2.221008,s96.160158
082_22,s1.016513,s-1.652870,s216.307416
082_23,s1.645649,s-1.515161,s169.161212
082_24,s2.233672,s-0.703012,s147.801369
082_25,s2.486151,s0.084080,s139.539742
082_26,s2.060296,s0.334366,s0.567125
082_27,s1.761476,s1.647896,s193.145660
082_28,s1.245680,s1.756497,s355.980410
082_29,s0.685188,s2.069057,s325.679090
082_30,s0.329874,s2.389782,s111.793509
082_31,s-1.051114,s2.585860,s235.549109
082_32,s-1.298908,s2.024735,s79.953506
082_33,s-1.672419,s1.524573,s84.868707
082_34,s-2.195011,s1.252021,s140.094310
082_35,s-2.554558,s0.322778,s303.421200
082_36,s-2.840687,s-0.317592,s242.950066
082_37,s-2.524818,s-0.824345,s187.807586
082_38,s-2.037309,s-1.538631,s141.208803
082_39,s-1.713538,s-2.237492,s347.470477
082_40,s-1.147919,s-2.573882,s291.355531
082_41,s-0.609535,s-2.736522,s232.349068
082_42,s0.555677,s-2.826695,s85.385941
082_43,s1.110195,s-2.870040,s355.933104
082_44,s1.600902,s-2.632315,s297.413184
082_45,s2.199507,s-1.735219,s229.576296
082_46,s2.539620,s-1.163494,s229.262928
082_47,s3.144869,s-0.587201,s100.735837
082_48,s2.796529,s0.491543,s196.109115
082_49,s2.994672,s0.999881,s111.485915
082_50,s2.796091,s1.708210,s101.331064
082_51,s2.268604,s2.135258,s78.253613
082_52,s1.877411,s2.830346,s107.557028
082_53,s1.045797,s3.057678,s288.000186
082_54,s0.322786,s3.478596,s172.434747
082_55,s-0.301368,s3.291716,s148.537533
082_56,s-1.123006,s3.010418,s12.121582
082_57,s-1.763051,s2.656411,s62.913409
082_58,s-2.483706,s2.402203,s180.316028
082_59,s-2.751878,s1.717646,s117.010433
082_60,s-3.147986,s0.926444,s306.508847
082_61,s-3.235812,s0.456174,s109.845039
082_62,s-3.579243,s-0.375999,s313.240960
082_63,s-3.271488,s-0.856582,s176.290931
082_64,s-2.724062,s-1.878328,s76.293397
082_65,s-2.743931,s-3.020855,s6.231630
082_66,s-2.194876,s-2.737057,s288.730467
082_67,s-1.301378,s-3.307595,s54.527774
082_68,s-0.883076,s-3.445503,s223.849827
082_69,s0.044834,s-3.758432,s136.977863
082_70,s0.967729,s-3.619585,s121.835520
082_71,s1.613953,s-3.092463,s145.061041
082_72,s2.543419,s-3.136774,s85.096063
082_73,s2.590025,s-2.629221,s312.551846
082_74,s3.641114,s-1.753723,s137.815223
082_75,s3.553762,s-1.204232,s69.615624
082_76,s3.806905,s-0.553120,s63.717634
082_77,s3.824500,s0.164815,s57.711624
082_78,s3.741709,s0.897806,s58.795356
082_79,s3.395718,s1.597268,s349.706719
082_80,s3.043799,s2.227520,s3.787478
082_81,s2.577976,s2.779063,s50.828365
083_0,s0.017892,s-0.015975,s81.544446
083_1,s0.332660,s0.228052,s313.300870
083_2,s-0.324170,s0.471810,s71.853681
083_3,s0.478533,s-0.276181,s285.886427
083_4,s-0.257843,s-0.513865,s260.259515
083_5,s-0.528711,s-0.775467,s114.532733
083_6,s0.616897,s-0.888662,s156.699350
083_7,s-0.861172,s-0.257700,s43.124515
083_8,s1.010463,s-0.548937,s181.639273
083_9,s-0.393343,s1.040867,s58.291068
083_10,s0.868142,s1.025045,s61.901205
083_11,s-1.184758,s0.617045,s54.061247
083_12,s1.330848,s0.683221,s15.135655
083_13,s1.478220,s0.326293,s275.467860
083_14,s-1.309036,s-0.577461,s107.188285
083_15,s0.775305,s-1.603474,s103.787827
083_16,s1.611988,s-0.162616,s161.107781
083_17,s-0.567783,s-1.298281,s137.090758
083_18,s1.281324,s-1.382190,s253.850932
083_19,s-0.858922,s1.770523,s242.981410
083_20,s-1.431679,s-1.053693,s145.738793
083_21,s0.465443,s1.740130,s255.505321
083_22,s-1.686517,s-0.151242,s91.889232
083_23,s1.003491,s-1.937745,s182.634353
083_24,s1.715028,s0.988555,s332.882478
083_25,s0.796638,s2.073893,s342.480324
083_26,s-1.360843,s1.771966,s24.547952
083_27,s2.283855,s-0.381757,s344.400563
083_28,s0.435711,s2.418921,s51.154398
083_29,s-0.015143,s-2.030185,s188.382220
083_30,s1.975715,s-1.107853,s319.271735
083_31,s-2.236761,s0.539486,s156.215658
083_32,s-0.605348,s-1.873649,s173.152502
083_33,s-2.001387,s0.976460,s37.438107
083_34,s-2.144566,s-0.760269,s129.005432
083_35,s1.567568,s1.602885,s38.449846
083_36,s-2.079384,s-1.722784,s58.850193
083_37,s2.261793,s0.666167,s358.310201
083_38,s-1.522255,s-2.113011,s246.677690
083_39,s-1.974261,s2.115674,s338.642386
083_40,s-0.635961,s-2.764229,s136.495870
083_41,s1.464280,s-2.152508,s267.564838
083_42,s-0.783476,s2.651264,s200.477327
083_43,s1.394985,s2.378265,s274.535908
083_44,s-2.763269,s0.595389,s132.110416
083_45,s2.674245,s-1.154866,s129.835796
083_46,s1.036581,s-2.861228,s123.599581
083_47,s2.514745,s1.683577,s67.669024
083_48,s-2.666428,s1.306679,s80.646647
083_49,s-1.200370,s2.740488,s35.457220
083_50,s2.892050,s-0.777788,s347.412788
083_51,s0.471761,s2.924489,s17.199925
083_52,s-1.448951,s-2.689857,s158.052580
083_53,s-2.312205,s1.845416,s49.942065
083_54,s2.017750,s-2.583889,s238.509401
083_55,s-2.476656,s-2.050158,s118.537451
083_56,s-0.555029,s2.983321,s356.101948
083_57,s-2.073327,s2.723550,s17.788880
083_58,s-2.912276,s-1.465884,s127.282944
083_59,s2.866068,s1.279448,s174.562573
083_60,s1.602180,s-2.758979,s198.932779
083_61,s2.716797,s-1.620336,s176.339219
083_62,s-3.358810,s-0.619138,s229.678670
083_63,s2.004013,s2.763475,s13.899785
083_64,s3.076281,s-1.295571,s284.813235
083_65,s-1.945563,s-2.927919,s107.542277
083_66,s2.627832,s2.124790,s290.544514
083_67,s3.435687,s1.122327,s254.862393
083_68,s-3.275312,s0.663989,s107.902602
083_69,s-1.299699,s3.438650,s5.472479
083_70,s0.954757,s-3.404991,s220.655851
083_71,s0.832774,s3.354634,s332.520162
083_72,s3.042598,s-2.070799,s230.424288
083_73,s-3.284101,s2.338610,s192.144619
083_74,s-1.127815,s-3.472370,s125.665697
083_75,s-2.653778,s2.640608,s46.089180
083_76,s3.557067,s-0.711129,s9.219604
083_77,s2.950963,s-2.888766,s273.649761
083_78,s-3.451528,s-1.319310,s35.620232
083_79,s-0.310193,s-3.265607,s241.716237
083_80,s-3.312284,s-2.419458,s172.749518
083_81,s3.729390,s0.294432,s224.775621
083_82,s-1.951060,s-3.695055,s119.347301
084_0,s0.000000,s0.000000,s281.688037
084_1,s-0.315919,s-0.245347,s201.992920
084_2,s0.334400,s-0.371721,s197.857188
084_3,s-0.114994,s0.435059,s74.555726
084_4,s-0.563399,s-0.636460,s164.607534
084_5,s0.781773,s-0.773842,s240.569636
084_6,s0.425681,s0.422842,s348.613321
084_7,s-0.536899,s0.902352,s334.036299
084_8,s-0.879187,s0.359903,s98.254078
084_9,s0.904244,s-0.291278,s297.848992
084_10,s1.078099,s0.400252,s26.844144
084_11,s-1.362080,s-0.497231,s25.449311
084_12,s0.619531,s1.310985,s28.975351
084_13,s-1.159155,s0.785086,s32.805826
084_14,s-0.218163,s-1.180002,s271.644394
084_15,s1.531254,s0.614624,s245.433809
084_16,s-1.019230,s-1.031344,s81.705853
084_17,s1.503681,s-0.679297,s348.665485
084_18,s1.140437,s-1.392625,s214.568848
084_19,s-0.575805,s1.599515,s66.344203
084_20,s-1.881177,s-0.513491,s105.333433
084_21,s-1.685440,s0.877094,s77.917764
084_22,s0.270135,s-1.526279,s221.125923
084_23,s1.019853,s1.167219,s327.967320
084_24,s-0.164174,s1.993250,s292.341087
084_25,s-0.528269,s-1.510275,s165.032333
084_26,s-1.503041,s-1.394048,s112.725756
084_27,s1.745500,s-0.976335,s222.368338
084_28,s-1.737090,s1.582726,s79.657713
084_29,s1.189578,s-2.141822,s114.481949
084_30,s1.952097,s0.901008,s296.022333
084_31,s-0.715345,s2.238478,s65.713774
084_32,s-0.177475,s-2.242990,s283.763459
084_33,s1.705707,s1.467332,s255.923544
084_34,s0.660483,s2.359293,s9.075107
084_35,s-0.994182,s-2.293818,s240.503774
084_36,s2.327839,s-0.911682,s334.163314
084_37,s1.879072,s-1.938837,s204.051308
084_38,s-2.074200,s-1.104625,s82.256640
084_39,s-1.572200,s2.007657,s29.425681
084_40,s1.197944,s2.079646,s268.532649
084_41,s-1.328174,s-2.464945,s121.126076
084_42,s-2.242075,s2.140818,s87.539706
084_43,s-2.014432,s0.380216,s144.445618
084_44,s2.254632,s1.823906,s273.054193
084_45,s-1.785596,s-1.889880,s162.762582
084_46,s2.970145,s-0.887827,s10.339956
084_47,s-2.640154,s1.073352,s53.645448
084_48,s0.602309,s-2.836763,s110.119272
084_49,s1.345930,s-2.568749,s254.071582
084_50,s1.343821,s2.626147,s324.931089
084_51,s-1.026283,s2.872150,s282.120781
084_52,s2.756913,s-1.182975,s195.177467
084_53,s-2.689991,s-1.639038,s20.447941
084_54,s-2.299415,s-2.225465,s61.809109
084_55,s-1.417941,s3.090217,s27.161181
084_56,s-3.427732,s0.707567,s349.501333
084_57,s1.135210,s-2.884666,s162.173690
084_58,s-0.692735,s-2.867511,s138.180114
084_59,s2.656887,s2.200785,s16.665010
084_60,s3.355822,s0.800600,s58.219142
084_61,s-3.071134,s-2.151892,s93.600355
084_62,s-1.494805,s-2.998009,s179.162314
084_63,s1.554534,s-3.191540,s219.149822
084_64,s-1.875900,s-3.419210,s130.591058
084_65,s2.563581,s-2.598183,s324.227982
084_66,s3.484664,s0.327292,s136.505610
084_67,s-2.190589,s-2.793532,s153.571774
084_68,s-3.168051,s-0.923824,s43.671545
084_69,s3.364882,s-1.279677,s200.487070
084_70,s0.908152,s3.276471,s32.743774
084_71,s-0.586388,s3.450529,s255.323405
084_72,s-2.748072,s2.624520,s301.169457
084_73,s1.516608,s3.374893,s358.997795
084_74,s2.067797,s2.885605,s147.183290
084_75,s-3.158294,s2.201744,s36.140100
084_76,s-1.227672,s3.806944,s79.447829
084_77,s-3.835240,s-0.336795,s2.255259
084_78,s0.384615,s-3.327848,s157.633103
084_79,s3.690096,s-0.270541,s320.522096
084_80,s-0.454251,s-3.470397,s104.685595
084_81,s-3.738987,s1.421259,s166.166216
084_82,s-2.924629,s-2.580029,s154.472059
084_83,s-3.363587,s-1.417315,s112.712931
085_0,s0.020497,s0.015616,s251.110836
085_1,s0.147547,s0.627473,s235.192444
085_2,s-0.322613,s0.105530,s17.816530
085_3,s-0.344404,s-0.264202,s207.090109
085_4,s0.296598,s-0.621385,s290.817065
085_5,s-0.770174,s-0.178044,s111.218013
085_6,s-0.599899,s-0.690378,s150.741595
085_7,s0.642241,s0.941245,s223.760633
085_8,s0.551036,s-1.051478,s268.085907
085_9,s-0.526522,s1.150917,s245.923099
085_10,s1.340957,s0.844777,s183.612793
085_11,s-0.319377,s-1.166888,s243.762453
085_12,s-1.018373,s0.619111,s169.362407
085_13,s1.217029,s-0.316549,s309.850550
085_14,s-1.448296,s-0.698319,s200.472105
085_15,s-0.549896,s1.643630,s88.497007
085_16,s0.154053,s1.228973,s349.889965
085_17,s-1.015991,s1.148013,s123.168363
085_18,s1.460123,s-0.670259,s268.726803
085_19,s0.245496,s-1.716328,s173.980638
085_20,s1.349256,s-1.448174,s120.686979
085_21,s-1.830369,s-0.612111,s99.262588
085_22,s1.674368,s1.315436,s89.265593
085_23,s-0.736732,s-1.512024,s156.079365
085_24,s0.719725,s1.522497,s349.708474
085_25,s-1.906498,s0.858979,s6.617559
085_26,s-1.472058,s0.195517,s101.415740
085_27,s-1.764779,s-1.437575,s245.879514
085_28,s0.767025,s-2.086475,s169.313676
085_29,s1.839752,s-1.065976,s176.277107
085_30,s-2.189324,s-1.042578,s153.459363
085_31,s-0.197581,s-1.928956,s131.683926
085_32,s-1.405686,s-2.035886,s189.653182
085_33,s-2.167965,s0.511964,s127.960549
085_34,s-0.583262,s2.237853,s76.409486
085_35,s-1.538541,s1.956989,s106.643709
085_36,s1.143341,s1.912855,s255.277106
085_37,s1.399467,s-1.965054,s155.862768
085_38,s-2.370380,s1.422783,s139.615666
085_39,s2.202103,s0.496258,s112.015291
085_40,s0.256360,s2.313430,s145.369077
085_41,s2.367795,s1.012308,s220.957130
085_42,s2.394579,s-0.873458,s249.797588
085_43,s1.830280,s-2.241745,s185.612726
085_44,s1.397053,s2.395379,s318.378423
085_45,s-0.416527,s-2.739424,s120.841703
085_46,s-2.401978,s-0.334770,s71.170839
085_47,s1.993639,s1.927220,s281.030000
085_48,s0.865067,s2.425416,s66.740306
085_49,s2.710388,s-0.410822,s25.408533
085_50,s-2.065084,s-2.133324,s178.897846
085_51,s2.773857,s1.314607,s357.200802
085_52,s2.339518,s-1.457368,s180.400633
085_53,s-0.631754,s2.750907,s350.595130
085_54,s2.601501,s-2.185674,s213.797820
085_55,s0.692957,s3.041650,s108.592771
085_56,s-2.845946,s-0.847798,s175.180757
085_57,s-1.640289,s-2.933811,s185.011767
085_58,s-2.767236,s-2.000713,s224.698298
085_59,s-1.512476,s2.560711,s41.654601
085_60,s-2.274283,s2.222394,s139.598068
085_61,s-0.450153,s-3.234737,s192.813242
085_62,s2.179597,s2.368008,s320.241739
085_63,s3.057651,s-1.629245,s175.369062
085_64,s3.050698,s0.698217,s271.316457
085_65,s0.437965,s-3.159175,s45.014598
085_66,s1.420071,s-3.008237,s252.305998
085_67,s3.066833,s-0.409124,s277.062525
085_68,s3.310373,s-1.104396,s203.923798
085_69,s-2.224921,s2.682033,s7.860532
085_70,s-3.218737,s0.866416,s343.731301
085_71,s-2.831456,s2.198816,s80.169209
085_72,s-3.302561,s-1.694415,s187.956342
085_73,s-3.169697,s-0.550582,s131.717164
085_74,s2.427892,s-2.827226,s232.373035
085_75,s3.325489,s1.283370,s261.467072
085_76,s-3.832924,s-0.462390,s155.578142
085_77,s-1.029121,s3.049504,s71.392335
085_78,s2.736188,s2.510421,s275.279583
085_79,s0.426452,s3.589346,s88.391308
085_80,s-3.310459,s0.198542,s317.206831
085_81,s1.375843,s3.288873,s137.285855
085_82,s0.678507,s-3.497769,s184.000807
085_83,s-2.781635,s2.819453,s4.700057
085_84,s2.237875,s3.147497,s261.579770
086_0,s-0.082272,s-0.051942,s313.809620
086_1,s0.153738,s-0.400625,s258.480268
086_2,s-0.594370,s-0.077464,s2.055436
086_3,s0.664632,s0.537429,s0.451011
086_4,s-0.780250,s-0.548394,s260.619290
086_5,s-0.113032,s0.585154,s320.243319
086_6,s-0.315963,s-1.072058,s285.507830
086_7,s-0.956413,s0.397872,s44.101863
086_8,s-0.397789,s0.938011,s93.879850
086_9,s-0.252414,s1.251349,s344.501963
086_10,s0.988410,s-0.275849,s15.611360
086_11,s0.440040,s1.347489,s20.043414
086_12,s1.311549,s0.303252,s2.161132
086_13,s0.731593,s-1.071843,s322.809983
086_14,s-0.984145,s-1.189372,s251.944241
086_15,s-1.299361,s-0.447752,s5.732925
086_16,s0.323701,s-1.440759,s232.803062
086_17,s-0.901283,s1.228916,s52.175086
086_18,s1.093296,s1.235545,s11.904942
086_19,s-0.187785,s-1.617508,s153.254248
086_20,s-1.393299,s-1.033326,s83.938981
086_21,s1.902707,s-0.296464,s63.433361
086_22,s1.644834,s0.788102,s327.622261
086_23,s1.309158,s-0.921766,s291.987770
086_24,s1.347314,s-1.414116,s236.732006
086_25,s-1.920674,s-0.578731,s331.660232
086_26,s0.592426,s-2.055104,s132.489552
086_27,s-0.726438,s1.852884,s72.581705
086_28,s-1.804937,s0.666610,s174.507152
086_29,s-1.744180,s-1.414727,s182.846357
086_30,s-1.957625,s0.941308,s345.673203
086_31,s1.653375,s1.562360,s52.390627
086_32,s2.311921,s-0.378508,s299.897892
086_33,s-0.490017,s2.204786,s6.455734
086_34,s1.884321,s0.250864,s311.310436
086_35,s1.297311,s2.301046,s46.538115
086_36,s1.219138,s-2.245348,s294.936213
086_37,s-0.852358,s-1.983310,s42.311650
086_38,s2.031233,s1.635050,s296.903622
086_39,s-2.342623,s-0.741945,s172.435527
086_40,s-1.726973,s1.806494,s54.862001
086_41,s-2.139891,s0.023196,s147.390718
086_42,s-0.644843,s-2.426523,s86.722961
086_43,s-1.516319,s2.311530,s351.384311
086_44,s-2.349639,s1.203877,s101.557446
086_45,s-2.073335,s-1.913885,s75.190497
086_46,s1.959478,s-1.158518,s306.587617
086_47,s2.863546,s-1.159215,s14.621814
086_48,s-2.441007,s0.572325,s91.447939
086_49,s2.554861,s0.921430,s5.060493
086_50,s0.891685,s-2.406820,s168.184856
086_51,s2.199383,s-2.258079,s107.674828
086_52,s0.212283,s2.570380,s315.666450
086_53,s-2.837676,s0.121131,s178.078331
086_54,s-0.250836,s-2.762784,s349.390039
086_55,s-2.791579,s-0.959801,s78.351506
086_56,s-3.407819,s0.731163,s40.878114
086_57,s1.678552,s2.354254,s241.423462
086_58,s1.042000,s2.990466,s16.593029
086_59,s2.948409,s0.591351,s326.930985
086_60,s-2.468517,s1.744858,s5.743906
086_61,s-0.686963,s3.201800,s93.176854
086_62,s2.245151,s-1.778395,s283.422512
086_63,s2.733839,s-2.211216,s144.036421
086_64,s-1.744703,s-2.660906,s59.084240
086_65,s-1.387431,s-2.724650,s218.115324
086_66,s-0.078252,s-3.250903,s70.877556
086_67,s1.320532,s-2.836949,s251.561310
086_68,s-3.256903,s-0.382483,s56.741088
086_69,s3.255253,s-1.293421,s226.788179
086_70,s-2.964678,s1.417725,s64.211452
086_71,s-2.804314,s-1.387819,s126.864991
086_72,s-1.713358,s2.990349,s57.102657
086_73,s3.515201,s0.816330,s290.200807
086_74,s1.880951,s2.846297,s52.829705
086_75,s2.547648,s2.296960,s305.333944
086_76,s-2.089828,s-3.105246,s129.363123
086_77,s-2.762750,s2.574036,s97.556943
086_78,s2.946103,s1.497826,s252.844702
086_79,s-1.084794,s-3.493184,s133.582698
086_80,s3.192674,s2.081232,s224.651259
086_81,s-2.566713,s-2.627792,s162.480388
086_82,s-1.354889,s3.567148,s72.172249
086_83,s1.745546,s-3.346182,s148.456144
086_84,s-0.830655,s-4.034724,s327.613603
086_85,s3.346802,s-0.848986,s3.403239
087_0,s0.003412,s0.018867,s187.854533
087_1,s-0.195596,s0.369005,s94.730375
087_2,s0.364712,s0.402133,s270.982345
087_3,s-0.198958,s-0.666465,s76.797322
087_4,s-0.696367,s0.667083,s0.933529
087_5,s0.423067,s-0.499512,s292.740796
087_6,s0.875182,s-0.782631,s195.673734
087_7,s0.188207,s1.070459,s235.372402
087_8,s-1.231225,s0.067958,s352.695234
087_9,s1.320072,s0.114709,s183.409792
087_10,s0.372343,s-0.943612,s159.463488
087_11,s0.914561,s0.903330,s331.602640
087_12,s-0.414090,s-1.062591,s202.085454
087_13,s-1.584721,s-0.316712,s241.393282
087_14,s-0.270869,s1.281415,s299.545270
087_15,s-0.955853,s-1.057092,s93.352109
087_16,s1.455946,s0.698590,s319.694381
087_17,s1.763392,s-0.547999,s131.191500
087_18,s-0.629253,s-1.775160,s203.616223
087_19,s0.663422,s1.381513,s0.873868
087_20,s-1.499916,s0.926438,s155.876882
087_21,s-1.942382,s-0.923119,s36.848472
087_22,s0.760062,s-1.746567,s266.598512
087_23,s1.570952,s-1.308408,s298.469942
087_24,s1.905015,s0.520933,s215.862064
087_25,s-1.220951,s1.658990,s261.897798
087_26,s-1.230226,s-1.489915,s130.976183
087_27,s-0.298560,s1.905152,s278.882997
087_28,s0.361898,s-1.848001,s165.250201
087_29,s-2.011091,s0.807224,s61.120143
087_30,s1.232327,s1.971807,s219.505380
087_31,s2.185910,s-0.606776,s231.623102
087_32,s1.694894,s-1.897607,s279.745202
087_33,s-1.671493,s1.821764,s348.364510
087_34,s-1.050317,s-1.966495,s162.010819
087_35,s0.737433,s-2.260805,s233.282905
087_36,s2.441281,s0.732360,s236.865771
087_37,s0.363316,s2.706808,s124.904466
087_38,s2.750091,s-0.352975,s240.153965
087_39,s-1.973118,s-1.325894,s154.371255
087_40,s-0.785734,s-2.617374,s272.001147
087_41,s-0.460987,s2.439309,s41.295752
087_42,s1.666358,s2.335754,s294.976025
087_43,s2.382828,s1.209015,s55.234974
087_44,s-2.648511,s0.359065,s194.398931
087_45,s-2.588765,s-1.457948,s155.684387
087_46,s-2.786916,s0.948985,s122.236135
087_47,s-1.981401,s1.481020,s54.343904
087_48,s-2.824067,s-0.519310,s17.870198
087_49,s1.855571,s-2.318390,s148.349457
087_50,s-2.921109,s-1.094092,s42.153883
087_51,s-1.741912,s-2.197362,s151.351322
087_52,s2.889833,s-1.416716,s85.134317
087_53,s-2.133711,s2.062543,s26.820142
087_54,s-0.431854,s-3.140831,s116.273265
087_55,s0.850002,s2.195995,s358.143835
087_56,s-1.242936,s2.713943,s342.606804
087_57,s0.554372,s-2.919946,s89.635958
087_58,s2.688825,s1.477318,s349.738339
087_59,s2.149921,s-2.737930,s263.377300
087_60,s2.976560,s0.927880,s252.094632
087_61,s-1.577554,s-2.749447,s184.459142
087_62,s-3.468634,s-0.272345,s352.150787
087_63,s-1.885967,s2.694281,s326.797889
087_64,s-3.183923,s1.333582,s81.234296
087_65,s2.782944,s2.379578,s303.046642
087_66,s0.831530,s3.276943,s240.920682
087_67,s0.200377,s3.209103,s320.746660
087_68,s3.406394,s-0.954559,s230.436863
087_69,s-2.423251,s-2.335169,s170.472267
087_70,s-3.133559,s-1.801698,s83.199594
087_71,s0.365526,s-3.398031,s164.351387
087_72,s-3.422329,s-1.161999,s135.072191
087_73,s0.944700,s-3.026006,s180.113962
087_74,s-3.147851,s2.342427,s167.794461
087_75,s3.222388,s0.078779,s193.731962
087_76,s2.721506,s-1.982856,s231.598308
087_77,s3.469319,s1.173090,s351.689443
087_78,s1.613849,s-3.124185,s171.018904
087_79,s-2.071131,s-3.023425,s128.281322
087_80,s2.023567,s-3.406068,s239.734312
087_81,s1.486852,s3.303437,s328.485008
087_82,s3.744962,s-0.359478,s213.467844
087_83,s-1.057675,s-3.685779,s129.370071
087_84,s-2.881900,s-2.532669,s76.230664
087_85,s-2.831376,s2.586522,s348.288258
087_86,s3.274758,s-1.643287,s233.274021
088_0,s-0.040338,s0.023935,s350.776161
088_1,s-0.085724,s-0.341745,s117.068721
088_2,s0.296152,s-0.268086,s204.782232
088_3,s-0.676218,s0.015711,s326.279149
088_4,s0.400773,s0.180533,s262.674121
088_5,s0.687958,s0.563151,s328.097806
088_6,s0.848895,s-0.517535,s325.165782
088_7,s-0.668215,s0.758012,s281.300964
088_8,s-0.924234,s-0.726193,s140.053479
088_9,s-0.363163,s-0.920058,s140.850289
088_10,s1.406132,s0.290777,s278.679406
088_11,s0.317320,s0.968949,s355.134898
088_12,s-0.108465,s1.238297,s41.691066
088_13,s0.801236,s-0.955356,s211.885479
088_14,s-1.115265,s0.972074,s157.797398
088_15,s0.241939,s-1.002494,s180.248059
088_16,s0.735790,s-1.625331,s165.538441
088_17,s-0.234831,s-1.496632,s170.546773
088_18,s1.476372,s-0.695980,s168.998572
088_19,s-1.428101,s1.310168,s80.167645
088_20,s-0.752076,s-1.741209,s156.637197
088_21,s-1.515011,s-0.455422,s148.968619
088_22,s1.316930,s1.034937,s249.864250
088_23,s0.890426,s1.367612,s37.756325
088_24,s-2.034987,s-0.548290,s114.885329
088_25,s-0.329962,s1.944892,s338.677828
088_26,s1.782637,s-1.130358,s226.337532
088_27,s1.782043,s-0.254305,s316.148490
088_28,s-1.121723,s1.667540,s352.493899
088_29,s-1.655206,s-1.292049,s164.836355
088_30,s-1.740091,s0.857881,s188.998467
088_31,s0.714946,s2.222083,s53.641904
088_32,s2.168333,s0.740761,s322.201763
088_33,s-1.958410,s0.157308,s95.074017
088_34,s1.325017,s1.488096,s315.046935
088_35,s2.264493,s-0.470863,s251.116265
088_36,s-1.371585,s-2.112248,s141.011579
088_37,s-2.440785,s0.617068,s319.255252
088_38,s-2.141412,s-1.425937,s102.299588
088_39,s1.272736,s-1.921847,s298.184197
088_40,s1.054846,s-2.286647,s155.480148
088_41,s-1.657347,s1.802533,s19.004854
088_42,s1.963979,s1.408299,s355.177859
088_43,s2.489564,s0.192776,s306.072375
088_44,s1.939539,s-1.930708,s261.866971
088_45,s0.262022,s-2.163239,s110.839468
088_46,s1.652734,s2.261870,s61.173012
088_47,s-0.235915,s-2.765124,s60.707775
088_48,s-2.498271,s1.128331,s19.336073
088_49,s-2.960789,s-0.708519,s192.921975
088_50,s-0.721470,s3.035698,s247.280016
088_51,s-1.349285,s2.530947,s41.322364
088_52,s-2.237328,s-1.873905,s207.341915
088_53,s-0.890458,s-2.842512,s89.577100
088_54,s2.422760,s-0.986513,s180.906777
088_55,s-2.788124,s-0.137524,s83.900000
088_56,s-2.854971,s0.747287,s36.382577
088_57,s-2.139104,s2.095407,s77.499508
088_58,s0.740387,s2.770603,s37.145476
088_59,s2.931738,s-0.236519,s207.622364
088_60,s2.707483,s1.573758,s17.935875
088_61,s-3.371809,s0.605266,s57.559535
088_62,s1.616138,s2.770170,s336.262112
088_63,s2.810421,s-1.737676,s359.127496
088_64,s0.380466,s-2.939116,s102.270484
088_65,s2.309017,s-2.614065,s319.624886
088_66,s1.097842,s3.184136,s303.383000
088_67,s1.808645,s-2.650027,s100.068776
088_68,s-2.720164,s-2.015930,s43.260183
088_69,s-2.586742,s-2.401221,s240.831459
088_70,s2.235269,s2.512442,s322.480834
088_71,s-1.696752,s-3.043184,s102.125520
088_72,s-3.349472,s-0.680011,s94.520782
088_73,s-2.282476,s2.623576,s58.197209
088_74,s-1.167374,s3.111522,s37.959614
088_75,s3.228579,s-1.292816,s312.371720
088_76,s3.070600,s-2.171267,s213.501693
088_77,s-0.610478,s-3.287079,s114.180804
088_78,s2.897287,s1.198850,s216.685026
088_79,s1.974636,s-3.237688,s213.201156
088_80,s1.188235,s-3.065523,s169.359199
088_81,s-3.471810,s-1.396477,s46.762444
088_82,s-1.619951,s-3.534499,s137.354951
088_83,s-0.413989,s3.797279,s122.736222
088_84,s0.400142,s-3.589261,s63.337664
088_85,s3.705435,s-1.824803,s345.403426
088_86,s-0.626771,s-4.087765,s327.395341
088_87,s3.669198,s0.776981,s165.891949
089_0,s-0.012828,s-0.018831,s274.448744
089_1,s-0.379669,s-0.523348,s271.491447
089_2,s0.011027,s0.504150,s308.221724
089_3,s0.700741,s-0.255067,s250.595576
089_4,s0.789274,s0.291953,s298.124000
089_5,s-0.563255,s0.813286,s207.001724
089_6,s-0.881224,s-0.678289,s338.596574
089_7,s-0.166544,s1.183515,s0.900287
089_8,s0.673887,s-0.739282,s140.666041
089_9,s-1.145341,s-0.046630,s341.354309
089_10,s-1.384079,s-0.557476,s155.299914
089_11,s0.910043,s1.140785,s25.758390
089_12,s-0.618770,s-1.184914,s293.578362
089_13,s1.147338,s-1.112360,s109.695256
089_14,s1.478849,s-0.740007,s197.947811
089_15,s-1.186705,s0.910582,s16.207765
089_16,s1.252654,s1.123801,s270.223986
089_17,s1.495340,s-0.256984,s300.374235
089_18,s1.041254,s-1.569410,s160.340178
089_19,s-0.691546,s1.604262,s24.606986
089_20,s-1.678161,s0.374332,s146.016446
089_21,s-1.093865,s-1.055717,s199.730383
089_22,s-0.900228,s-2.096228,s300.928057
089_23,s-0.072132,s-1.437261,s195.648085
089_24,s0.781739,s1.926103,s14.030112
089_25,s-1.325400,s-1.536753,s107.440526
089_26,s1.604455,s0.585782,s315.163916
089_27,s-2.119694,s-0.542197,s124.468697
089_28,s-1.441303,s1.800605,s75.578958
089_29,s2.130611,s-0.725221,s151.024156
089_30,s-1.760642,s0.848695,s83.565184
089_31,s2.236580,s-0.353697,s309.679907
089_32,s-2.375642,s0.306882,s170.865142
089_33,s-2.063783,s-1.088228,s165.867588
089_34,s1.666295,s1.478064,s358.717813
089_35,s2.674558,s0.660609,s139.816163
089_36,s-0.310754,s2.158468,s66.986515
089_37,s1.840228,s-1.763081,s319.768150
089_38,s-1.265759,s2.320380,s41.936714
089_39,s0.705030,s-2.574612,s282.001902
089_40,s1.033371,s2.549869,s349.954117
089_41,s-2.656411,s-1.254397,s121.077421
089_42,s0.366456,s-2.348005,s103.300799
089_43,s-1.368737,s-2.377967,s200.344137
089_44,s2.320886,s-1.932185,s225.365192
089_45,s2.509619,s-0.945823,s304.940216
089_46,s-0.694400,s2.690527,s318.030030
089_47,s2.266155,s1.212717,s246.263300
089_48,s0.650737,s2.846720,s63.481721
089_49,s-1.759528,s-2.133725,s80.020123
089_50,s1.750338,s-2.411308,s194.397296
089_51,s-2.171728,s1.383616,s120.220036
089_52,s1.684979,s2.385141,s286.877154
089_53,s-2.747323,s-0.368001,s104.774845
089_54,s2.623484,s1.592428,s318.402003
089_55,s0.844146,s-3.157427,s195.358184
089_56,s-2.677166,s1.856945,s318.545872
089_57,s-1.672921,s-2.768392,s110.951791
089_58,s3.140640,s-1.066888,s299.382441
089_59,s3.096827,s1.440606,s265.779501
089_60,s-0.469745,s3.432580,s78.976939
089_61,s-3.233820,s-0.933732,s163.841989
089_62,s-0.147704,s-3.359224,s331.941950
089_63,s2.824204,s-1.650375,s234.397249
089_64,s3.039425,s0.298132,s303.019271
089_65,s-1.314895,s-3.198666,s173.512562
089_66,s-3.372014,s0.270496,s152.951732
089_67,s1.609799,s3.068048,s43.522824
089_68,s2.053640,s2.972935,s268.033848
089_69,s-3.065452,s1.168774,s67.982615
089_70,s-1.234850,s2.970967,s17.952219
089_71,s-3.203057,s1.866539,s344.388679
089_72,s1.525056,s-2.975706,s151.176620
089_73,s-2.028934,s2.672242,s46.850277
089_74,s3.342477,s-0.399292,s327.366908
089_75,s-0.537378,s-3.723798,s12.248942
089_76,s3.402681,s-1.605314,s328.972497
089_77,s2.964543,s-2.550826,s295.612886
089_78,s-1.726160,s3.423738,s106.869645
089_79,s2.189578,s-2.998614,s227.774501
089_80,s-2.641513,s-1.731911,s161.601747
089_81,s3.119288,s2.439444,s279.264238
089_82,s-4.088419,s0.403333,s298.892347
089_83,s1.529536,s3.652364,s357.716584
089_84,s-2.762282,s-2.774396,s141.126960
089_85,s3.982901,s0.725364,s199.616957
089_86,s-0.860885,s3.850570,s12.405539
089_87,s-2.144767,s-3.299893,s201.995994
089_88,s-3.254245,s-1.984377,s67.473957
090_0,s-0.097717,s-0.026788,s66.766097
090_1,s-0.575833,s-0.379745,s44.386897
090_2,s0.257745,s0.138461,s312.657363
090_3,s0.274211,s-0.302174,s262.322268
090_4,s-0.489087,s0.670537,s108.547113
090_5,s-0.097590,s-0.492838,s143.860148
090_6,s0.449110,s-0.859703,s253.604354
090_7,s-0.067720,s1.177147,s220.758447
090_8,s-1.136101,s-0.437502,s77.829102
090_9,s0.100183,s-1.073093,s151.320767
090_10,s0.978875,s1.001188,s66.586541
090_11,s-1.344132,s0.278279,s76.516475
090_12,s-0.578522,s1.171355,s24.043387
090_13,s1.347105,s-0.713417,s253.909191
090_14,s0.300417,s1.555155,s18.376287
090_15,s-0.645738,s-1.916899,s350.155608
090_16,s-0.997304,s0.891402,s62.391766
090_17,s-1.746481,s0.725965,s21.438648
090_18,s1.043334,s0.566947,s218.008232
090_19,s0.724609,s-1.670860,s87.245019
090_20,s-1.122093,s-0.980611,s153.629875
090_21,s-1.241739,s1.583431,s97.044245
090_22,s-1.638419,s-0.893935,s121.791636
090_23,s1.312567,s-1.361612,s73.580976
090_24,s1.366790,s1.085204,s227.304123
090_25,s-2.045039,s-0.259491,s10.599416
090_26,s-0.187693,s1.650736,s47.396439
090_27,s0.362808,s-2.044939,s149.825037
090_28,s-1.019327,s-2.060283,s109.142264
090_29,s2.311720,s0.339175,s35.769442
090_30,s-1.120106,s2.117454,s11.408726
090_31,s1.815259,s-0.272395,s20.230733
090_32,s1.907104,s1.614665,s109.942805
090_33,s0.952752,s1.642734,s310.515393
090_34,s-2.110486,s-0.669649,s97.142669
090_35,s1.640810,s-1.269441,s237.762621
090_36,s-1.852551,s-1.457254,s168.621101
090_37,s2.123314,s-0.666660,s285.987138
090_38,s2.552089,s0.979828,s208.623830
090_39,s-1.909463,s1.806282,s23.136355
090_40,s0.856285,s-2.302177,s240.253155
090_41,s1.506457,s-1.799489,s201.098045
090_42,s2.327387,s-1.288161,s319.158377
090_43,s1.142384,s2.355674,s259.761679
090_44,s2.471214,s1.651642,s359.933889
090_45,s-0.321503,s-2.216767,s133.023756
090_46,s-2.322929,s1.541694,s184.692334
090_47,s-0.306998,s2.523625,s256.972157
090_48,s-0.951929,s2.793857,s303.071730
090_49,s0.550587,s-2.684470,s198.947101
090_50,s2.056841,s-2.342873,s239.111175
090_51,s1.571209,s2.714090,s305.054609
090_52,s-0.255067,s-2.778619,s188.555129
090_53,s-2.553801,s0.555012,s148.607984
090_54,s-1.299465,s-2.797791,s75.075646
090_55,s-1.775303,s2.568301,s317.382238
090_56,s-2.516649,s-1.202036,s149.223586
090_57,s-3.014690,s-1.040912,s123.479895
090_58,s3.041595,s-0.220602,s183.264678
090_59,s2.937133,s-1.206823,s198.118466
090_60,s-3.092661,s-0.527171,s277.971606
090_61,s0.453551,s2.644432,s319.780190
090_62,s2.408887,s-1.715982,s196.014923
090_63,s1.728023,s-2.713834,s195.590076
090_64,s-2.290257,s-2.438525,s44.317524
090_65,s-2.524753,s1.957966,s44.714965
090_66,s-3.194003,s0.618518,s183.619826
090_67,s2.137322,s2.542350,s293.575951
090_68,s3.080845,s1.295709,s14.022562
090_69,s-2.750084,s0.923946,s5.342145
090_70,s-0.949119,s-2.916240,s194.826250
090_71,s-2.436772,s2.641190,s83.231520
090_72,s-1.331336,s3.378894,s67.933433
090_73,s3.221653,s0.569975,s342.562560
090_74,s-3.537419,s-0.599400,s62.744450
090_75,s-3.805027,s0.352386,s31.767328
090_76,s-2.003129,s-2.939899,s117.499395
090_77,s1.359072,s-3.049319,s144.520239
090_78,s1.235327,s3.040069,s15.994936
090_79,s-1.118793,s-3.598150,s92.535516
090_80,s0.364871,s-3.213693,s134.931969
090_81,s-3.248844,s1.511186,s358.456731
090_82,s3.249051,s1.958566,s315.987240
090_83,s0.137124,s3.128208,s343.142526
090_84,s-3.564800,s-1.862698,s40.946429
090_85,s3.192611,s2.486908,s21.791878
090_86,s-2.697194,s-2.742431,s79.830044
090_87,s-3.762410,s1.264812,s62.060716
090_88,s3.405599,s-0.715684,s276.896248
090_89,s-0.765383,s3.345273,s36.780996
091_0,s0.000000,s0.000000,s175.749990
091_1,s0.322955,s0.134907,s279.489583
091_2,s0.531760,s-0.373806,s272.099559
091_3,s-0.374628,s0.249307,s12.097896
091_4,s-0.559607,s-0.330666,s189.277616
091_5,s0.220669,s-0.820856,s188.321871
091_6,s0.085773,s0.996315,s217.646041
091_7,s0.625401,s0.843430,s298.230368
091_8,s-0.962925,s0.628709,s342.857823
091_9,s1.252771,s0.347226,s261.881630
091_10,s-1.234529,s-0.196057,s285.406240
091_11,s-1.003938,s-0.825899,s191.847980
091_12,s0.784634,s-1.219364,s155.011869
091_13,s-1.386167,s0.799088,s133.557708
091_14,s1.097350,s-0.786335,s191.620743
091_15,s1.478368,s0.839302,s340.666749
091_16,s-0.216392,s1.332544,s15.962651
091_17,s-1.496785,s-0.694358,s166.721332
091_18,s0.335849,s1.461918,s352.571401
091_19,s0.993206,s1.560782,s290.175783
091_20,s-1.700574,s1.144792,s87.062915
091_21,s-1.112552,s1.478083,s345.606303
091_22,s1.974350,s0.551763,s285.025722
091_23,s-1.689114,s-0.192074,s86.665092
091_24,s1.693862,s-0.743864,s25.274134
091_25,s1.990503,s-1.428425,s49.005826
091_26,s-0.563356,s-1.603942,s277.565322
091_27,s-0.901062,s-1.841355,s171.561710
091_28,s1.953563,s1.213915,s278.963042
091_29,s1.080982,s-1.682700,s205.594638
091_30,s2.330790,s-1.034369,s2.804523
091_31,s1.091303,s2.024613,s26.421839
091_32,s-2.210596,s0.797349,s195.072676
091_33,s-2.373441,s-0.607682,s235.094427
091_34,s0.549795,s-2.541206,s286.223743
091_35,s-1.705276,s-1.759129,s294.125577
091_36,s-1.313835,s2.126931,s83.295726
091_37,s-0.569612,s2.588058,s211.954894
091_38,s-2.426788,s-1.677260,s14.270843
091_39,s-2.617239,s0.995017,s143.608144
091_40,s0.763798,s2.849406,s47.562999
091_41,s-1.746611,s-2.188458,s167.144841
091_42,s2.131516,s-1.966377,s71.880088
091_43,s1.467178,s2.559275,s36.663029
091_44,s-0.233547,s-2.187568,s142.930090
091_45,s-0.827164,s2.935694,s329.644423
091_46,s2.215237,s1.793104,s52.077299
091_47,s-1.796456,s2.648159,s68.834311
091_48,s-2.880565,s-1.504941,s54.637937
091_49,s-2.806780,s-0.494453,s67.206571
091_50,s-2.671527,s1.471545,s310.630182
091_51,s0.138546,s-3.146952,s4.171629
091_52,s2.506908,s-1.457880,s282.242837
091_53,s-1.009026,s-2.718799,s118.163163
091_54,s1.688815,s-2.479497,s139.730605
091_55,s-2.236686,s-2.560710,s55.461455
091_56,s3.174449,s-0.696687,s72.225597
091_57,s2.471312,s-2.261663,s228.061546
091_58,s3.231971,s0.341853,s43.068471
091_59,s-3.110157,s1.103143,s99.149282
091_60,s2.988550,s1.513627,s197.650939
091_61,s2.634044,s1.987917,s265.342287
091_62,s2.117695,s2.723576,s52.108616
091_63,s-2.484645,s2.095004,s59.495866
091_64,s0.779896,s-2.948603,s171.177951
091_65,s0.732364,s3.422520,s303.223251
091_66,s2.170010,s-2.872465,s106.100800
091_67,s-3.341827,s0.233861,s41.049882
091_68,s-1.196784,s-3.342186,s138.725017
091_69,s-0.170297,s3.595970,s285.767436
091_70,s3.390311,s-0.256495,s240.888754
091_71,s3.289927,s-1.580785,s230.551671
091_72,s-1.531479,s3.202666,s83.982321
091_73,s2.603771,s2.486036,s323.827698
091_74,s-2.478511,s-3.203043,s83.470406
091_75,s-3.486792,s2.060287,s257.821785
091_76,s-2.982692,s2.739717,s309.637826
091_77,s3.609310,s1.017536,s353.049118
091_78,s-3.677356,s-0.734540,s168.936642
091_79,s-3.210641,s-2.032679,s25.448444
091_80,s-0.661979,s-3.079656,s174.635448
091_81,s-1.056274,s3.441553,s62.593833
091_82,s3.572595,s0.443360,s287.491448
091_83,s-0.358227,s-3.833298,s306.187390
091_84,s1.320649,s-3.616405,s303.958520
091_85,s1.811850,s3.397013,s319.073837
091_86,s2.573833,s-2.930082,s181.669344
091_87,s0.638681,s-4.100559,s323.689363
091_88,s-4.056691,s0.875074,s46.887326
091_89,s-2.043003,s-3.554735,s204.633340
091_90,s-3.318958,s-2.407180,s173.190416
092_0,s-0.023208,s0.133853,s222.273679
092_1,s-0.307455,s0.243641,s24.925962
092_2,s0.571885,s0.242656,s342.226249
092_3,s-0.231478,s-0.293707,s105.126694
092_4,s0.887632,s-0.558936,s349.585672
092_5,s-0.786975,s0.328310,s55.258838
092_6,s-0.310761,s1.072951,s16.905736
092_7,s0.430391,s-0.979298,s32.244694
092_8,s0.415534,s0.969192,s45.858083
092_9,s-0.367128,s-0.776402,s189.921933
092_10,s-0.806852,s-0.838259,s145.620410
092_11,s1.149874,s0.461100,s337.651330
092_12,s1.548544,s-0.427723,s19.547254
092_13,s-1.536970,s-0.652732,s299.928591
092_14,s0.907405,s-1.143066,s308.948936
092_15,s-1.240197,s0.964107,s359.577938
092_16,s1.681199,s0.404757,s299.848926
092_17,s-1.682698,s0.477933,s12.918938
092_18,s-0.264492,s1.833990,s309.780918
092_19,s-0.831535,s1.720213,s63.268486
092_20,s-0.193476,s-1.749780,s120.695128
092_21,s0.766982,s1.514141,s251.756946
092_22,s-2.037088,s-0.502608,s325.990758
092_23,s0.784458,s-1.704001,s39.737025
092_24,s2.094951,s-0.682713,s11.697719
092_25,s1.903829,s0.960639,s345.188034
092_26,s0.754706,s2.010483,s34.795746
092_27,s1.531831,s-1.708415,s9.643821
092_28,s-1.583497,s-1.189461,s167.614111
092_29,s-0.763196,s2.226307,s24.848123
092_30,s0.418727,s-2.066328,s181.252773
092_31,s-1.585900,s1.472961,s61.196126
092_32,s1.426566,s1.619106,s287.875511
092_33,s1.155440,s-1.942188,s212.100607
092_34,s1.766772,s-1.117282,s276.069191
092_35,s-2.197578,s0.853454,s77.901281
092_36,s-2.113427,s-1.711228,s64.173198
092_37,s2.266765,s-1.857557,s101.806749
092_38,s-0.203899,s-2.790141,s35.479701
092_39,s-2.303926,s-0.909272,s268.220512
092_40,s-1.497411,s-1.999578,s246.372913
092_41,s-2.081485,s0.227507,s121.961216
092_42,s0.656981,s2.733336,s11.354106
092_43,s2.306627,s0.161909,s190.579495
092_44,s1.092995,s-2.569089,s149.429183
092_45,s2.495281,s0.547469,s256.227032
092_46,s-0.895526,s-2.616349,s191.558975
092_47,s2.523002,s1.152514,s287.845971
092_48,s-1.512945,s2.511736,s142.929294
092_49,s-0.128842,s3.034831,s204.393804
092_50,s1.680005,s-2.632271,s190.382657
092_51,s-1.791433,s-2.640644,s61.928202
092_52,s1.462913,s2.212192,s275.825468
092_53,s2.708081,s-1.317321,s288.801753
092_54,s-2.704329,s-0.717927,s37.286604
092_55,s0.253103,s-3.001190,s137.860284
092_56,s1.251169,s2.562518,s9.820647
092_57,s-2.477276,s1.390989,s71.818953
092_58,s2.414853,s2.163452,s207.384642
092_59,s-2.584684,s-1.980015,s95.427432
092_60,s-2.534736,s2.082181,s314.823764
092_61,s-3.114144,s0.981973,s19.210171
092_62,s-1.627268,s3.115400,s265.455505
092_63,s2.643942,s-2.341369,s101.814830
092_64,s-1.677025,s-3.025765,s188.557740
092_65,s2.813521,s-0.794432,s18.388721
092_66,s-3.083107,s-1.139729,s167.766216
092_67,s1.751721,s2.793746,s264.485500
092_68,s3.467797,s0.717361,s229.755830
092_69,s-2.939718,s0.535630,s189.016133
092_70,s1.185977,s-3.208780,s191.788599
092_71,s-3.507766,s-0.390370,s331.520641
092_72,s-0.654303,s3.283184,s282.052052
092_73,s-2.054138,s2.992792,s100.007120
092_74,s3.095903,s1.909515,s354.464787
092_75,s-1.157674,s-3.438840,s252.958973
092_76,s-2.512273,s-2.577270,s133.292943
092_77,s3.083228,s-1.797888,s300.671907
092_78,s2.280447,s3.256254,s232.805196
092_79,s-3.533421,s-1.709380,s113.449905
092_80,s2.127428,s-2.918830,s245.842525
092_81,s3.365560,s-0.589962,s300.474978
092_82,s3.275007,s-2.458163,s329.537998
092_83,s0.651193,s-3.503134,s148.343941
092_84,s1.653710,s3.483114,s90.793459
092_85,s-3.057281,s1.891145,s24.865902
092_86,s-1.816230,s3.401536,s50.893500
092_87,s3.501282,s1.145472,s0.691993
092_88,s-3.795251,s-0.688866,s95.885964
092_89,s-2.833953,s3.141611,s16.826423
092_90,s-3.827811,s0.430732,s330.059365
092_91,s-0.462728,s-3.878241,s234.288608
093_0,s-0.109113,s0.041072,s68.406860
093_1,s-0.681187,s-0.227506,s84.358103
093_2,s0.324281,s0.090851,s332.498272
093_3,s-0.007616,s-0.408631,s289.949841
093_4,s-0.475224,s-0.601790,s223.562273
093_5,s-0.235192,s0.579843,s47.286730
093_6,s0.890722,s0.499913,s284.146619
093_7,s0.574632,s1.016022,s24.060476
093_8,s-0.214521,s-1.285026,s125.741124
093_9,s0.870884,s-0.116505,s220.917726
093_10,s-0.361311,s1.170915,s330.100290
093_11,s-0.954740,s0.519707,s25.911499
093_12,s-1.215916,s-0.523981,s135.051569
093_13,s1.095712,s0.983136,s351.637104
093_14,s-0.952962,s1.311923,s13.164538
093_15,s0.686322,s-1.024913,s189.735310
093_16,s0.621029,s1.723794,s292.713194
093_17,s-1.682355,s-0.208222,s99.911981
093_18,s-1.445931,s0.555632,s106.345338
093_19,s1.562508,s-0.415122,s336.089568
093_20,s-1.070503,s-1.152354,s111.279113
093_21,s1.479459,s-0.929549,s288.213350
093_22,s-1.581902,s1.135967,s29.763902
093_23,s1.084204,s-1.690634,s302.436386
093_24,s0.485505,s-1.721400,s143.962496
093_25,s-0.135424,s-2.088823,s67.530864
093_26,s1.615519,s1.535961,s353.712484
093_27,s1.763358,s1.125057,s185.390018
093_28,s2.151577,s0.525013,s214.622596
093_29,s-2.380878,s0.641129,s293.846812
093_30,s-1.184892,s-1.622254,s155.337162
093_31,s2.093946,s-1.145237,s187.437416
093_32,s0.838801,s-2.142203,s195.655924
093_33,s0.211200,s1.999260,s337.243086
093_34,s-1.595614,s1.908650,s302.347520
093_35,s-2.070879,s-1.150873,s27.277394
093_36,s-2.683187,s0.153569,s72.022370
093_37,s2.310820,s1.225647,s317.649816
093_38,s-1.859803,s-1.765017,s58.340567
093_39,s-0.254341,s2.524916,s286.307411
093_40,s2.455300,s-0.588395,s268.295520
093_41,s-0.876638,s2.826323,s135.659729
093_42,s1.248173,s2.299329,s336.337107
093_43,s-1.159771,s-2.382019,s275.687650
093_44,s1.456364,s-2.270718,s328.751653
093_45,s2.642635,s-1.505167,s147.828274
093_46,s-1.842976,s-2.172316,s197.978631
093_47,s2.056676,s1.871128,s272.297749
093_48,s-0.360113,s-2.752713,s292.286354
093_49,s2.668273,s0.821327,s272.006277
093_50,s-2.669843,s-1.331167,s135.949345
093_51,s-2.275013,s1.636544,s337.175303
093_52,s0.908982,s2.734711,s13.282990
093_53,s-0.764937,s-2.908630,s135.844656
093_54,s-2.310612,s-2.151412,s130.594835
093_55,s1.370634,s-2.868755,s264.386730
093_56,s-3.219678,s-0.736068,s273.060932
093_57,s-1.706301,s2.514089,s2.952542
093_58,s-2.776156,s1.213962,s355.724976
093_59,s2.281720,s2.564941,s56.003594
093_60,s-1.638395,s-3.137422,s144.214106
093_61,s-0.613600,s-3.529875,s134.039485
093_62,s0.610965,s-3.266692,s59.491291
093_63,s1.236407,s3.201087,s318.174986
093_64,s3.506660,s-0.907440,s129.832979
093_65,s-2.394932,s2.243670,s20.698903
093_66,s3.041825,s1.616765,s300.349036
093_67,s-2.168725,s-2.800371,s84.883624
093_68,s3.120622,s-1.578630,s215.826639
093_69,s-0.826387,s3.258533,s72.080233
093_70,s3.599523,s-0.280664,s202.073503
093_71,s3.454780,s0.260472,s76.752609
093_72,s2.653770,s2.263600,s292.657340
093_73,s0.960542,s-3.510690,s206.861687
093_74,s2.389043,s-2.393669,s265.725815
093_75,s-2.876635,s-2.105148,s92.197564
093_76,s-3.425193,s-1.192323,s192.620235
093_77,s2.561084,s-2.857804,s203.413816
093_78,s3.739198,s1.115685,s170.201271
093_79,s-3.053934,s1.861280,s92.424151
093_80,s-3.267177,s1.139449,s48.619566
093_81,s2.012754,s3.276494,s272.169203
093_82,s1.745664,s-3.260745,s174.306474
093_83,s3.775897,s-1.415559,s177.531193
093_84,s-3.670898,s0.454293,s82.435427
093_85,s-3.302566,s2.346735,s20.188664
093_86,s0.565480,s3.654829,s71.845529
093_87,s-2.356126,s3.300211,s117.133660
093_88,s1.140642,s3.700990,s43.025767
093_89,s-3.709461,s-0.712872,s323.823640
093_90,s-2.006218,s3.575326,s286.162144
093_91,s-1.430035,s-3.577751,s189.752872
093_92,s-3.935199,s-1.072254,s177.445339
094_0,s0.000325,s0.007629,s355.238865
094_1,s-0.235121,s-0.323601,s160.972291
094_2,s-0.485758,s0.421481,s132.332236
094_3,s0.635685,s0.546683,s58.330057
094_4,s0.294051,s-0.689952,s347.609146
094_5,s-0.574513,s0.756594,s15.452369
094_6,s0.877168,s-0.103564,s166.103038
094_7,s1.066288,s0.430731,s254.927950
094_8,s-0.130824,s-0.991406,s242.219725
094_9,s0.796547,s0.959597,s293.648052
094_10,s-1.308692,s-0.055650,s92.208766
094_11,s-0.895989,s-0.798250,s344.662722
094_12,s-1.185569,s0.501170,s349.911378
094_13,s-0.347645,s1.252654,s323.464316
094_14,s1.347393,s-0.662213,s2.403082
094_15,s-0.288852,s-1.585042,s244.524751
094_16,s-1.412160,s-1.116156,s359.940133
094_17,s0.938478,s-0.965806,s228.713479
094_18,s-1.756743,s0.555246,s127.806726
094_19,s0.571195,s-1.703402,s283.781680
094_20,s1.470357,s0.853258,s240.258490
094_21,s-0.991294,s-1.319029,s205.049725
094_22,s-1.859128,s-0.705769,s145.100132
094_23,s1.112461,s1.604820,s245.387223
094_24,s-1.540790,s0.909712,s9.553597
094_25,s1.781090,s-0.469811,s264.182369
094_26,s-1.050774,s1.522621,s299.815681
094_27,s-1.504541,s-1.520977,s164.334278
094_28,s-2.137571,s0.943465,s81.009286
094_29,s0.508942,s1.674359,s144.892303
094_30,s0.342037,s2.071958,s57.974827
094_31,s2.245906,s0.135671,s98.240783
094_32,s0.401175,s-2.265233,s107.262355
094_33,s1.001586,s1.956088,s30.510986
094_34,s-1.287695,s1.909124,s94.148764
094_35,s-0.688009,s-2.446898,s92.804256
094_36,s-0.667463,s2.155154,s356.348683
094_37,s1.949546,s1.034783,s337.491428
094_38,s1.748657,s-1.643836,s106.539582
094_39,s0.906689,s-2.430520,s127.603946
094_40,s-2.481651,s-0.771333,s134.923053
094_41,s1.835224,s-1.031725,s256.010610
094_42,s-2.042516,s-1.571468,s99.053182
094_43,s1.549763,s2.025027,s333.173933
094_44,s2.710023,s0.900861,s162.585066
094_45,s1.788676,s-2.072326,s237.167980
094_46,s0.573754,s2.913708,s243.171022
094_47,s-2.497760,s0.429452,s61.817243
094_48,s-0.371986,s-2.825620,s120.747425
094_49,s-2.764371,s-0.414399,s90.828097
094_50,s2.668807,s-1.389482,s163.266403
094_51,s-2.101934,s-2.140531,s191.697670
094_52,s2.310548,s1.992802,s27.390294
094_53,s-2.237660,s2.144832,s316.599542
094_54,s-2.440474,s1.829368,s91.856789
094_55,s1.368043,s2.837421,s307.421853
094_56,s-1.065882,s2.471681,s47.146266
094_57,s1.891665,s-2.688563,s118.583934
094_58,s2.674766,s-0.427065,s248.722694
094_59,s-0.307574,s2.857955,s289.739319
094_60,s2.634678,s1.635532,s341.832287
094_61,s-3.313423,s-0.980842,s89.454401
094_62,s-2.692144,s-1.988942,s178.927904
094_63,s0.643269,s-3.134678,s80.711312
094_64,s-3.019612,s-1.564930,s143.512956
094_65,s2.998395,s-1.253846,s294.135170
094_66,s3.037197,s1.288994,s282.879939
094_67,s3.006562,s-1.791810,s268.843183
094_68,s-3.145049,s1.299998,s150.583346
094_69,s-0.750422,s3.089695,s324.572101
094_70,s1.712730,s3.487658,s40.718545
094_71,s0.300715,s3.533854,s250.011686
094_72,s2.434413,s2.696721,s265.228340
094_73,s3.592642,s-0.565950,s301.801506
094_74,s-3.469512,s1.676659,s32.767315
094_75,s-2.307368,s2.655986,s13.502529
094_76,s-0.780388,s3.753053,s348.506158
094_77,s2.584479,s-2.321681,s259.451522
094_78,s-1.717624,s-2.958012,s232.171448
094_79,s2.306404,s3.363919,s19.920687
094_80,s-0.669937,s-3.459512,s249.062830
094_81,s-1.424302,s3.316311,s98.080040
094_82,s-1.771734,s-3.674611,s266.861954
094_83,s1.696134,s-3.360885,s301.022111
094_84,s3.677453,s-1.453144,s323.756453
094_85,s3.221378,s1.909080,s329.990644
094_86,s3.044876,s0.503508,s247.467959
094_87,s0.406853,s-3.518948,s186.756567
094_88,s1.045711,s-3.287702,s170.331603
094_89,s-2.165043,s-3.016252,s182.520869
094_90,s-2.885316,s-2.901959,s114.553698
094_91,s-0.787058,s-4.011413,s223.669690
094_92,s-3.669730,s-1.692652,s148.779097
094_93,s3.130410,s-3.150995,s80.962070
095_0,s0.002358,s-0.000379,s2.677869
095_1,s0.281002,s-0.284672,s305.373119
095_2,s-0.376420,s-0.238271,s212.510204
095_3,s0.366752,s-0.690231,s216.082681
095_4,s-0.883894,s0.169505,s299.892719
095_5,s-0.762948,s-0.258885,s112.706187
095_6,s-0.314717,s0.956053,s129.096880
095_7,s0.307865,s0.476941,s324.759545
095_8,s-0.768166,s-0.855816,s99.076122
095_9,s0.927764,s-0.367117,s291.255951
095_10,s1.113048,s0.342325,s313.428834
095_11,s0.236594,s1.080214,s60.843883
095_12,s-1.059954,s0.930855,s339.821390
095_13,s0.987287,s1.061963,s330.303074
095_14,s-1.321345,s0.637408,s59.237966
095_15,s0.800563,s1.528540,s33.311819
095_16,s-0.297339,s-1.610521,s348.112911
095_17,s1.143474,s-1.119136,s343.242686
095_18,s-1.666884,s0.111840,s22.985414
095_19,s-0.929038,s-1.291628,s201.488998
095_20,s1.609854,s-0.794889,s300.164751
095_21,s0.471357,s-1.581241,s117.497809
095_22,s1.894240,s0.474271,s320.700687
095_23,s-0.714937,s1.760360,s39.499129
095_24,s-1.337297,s1.509957,s355.221503
095_25,s-1.828790,s-1.221205,s343.410284
095_26,s0.835161,s-2.061902,s95.019014
095_27,s-1.881387,s-0.451170,s40.584530
095_28,s-2.335775,s0.606862,s15.746278
095_29,s-1.444101,s-1.661163,s210.973384
095_30,s1.612608,s-1.477338,s87.519802
095_31,s-1.646321,s2.078858,s23.924430
095_32,s1.286608,s1.906473,s324.015305
095_33,s0.803992,s2.275635,s284.437723
095_34,s-0.140468,s-2.212343,s153.389032
095_35,s-2.367188,s-1.151233,s99.515427
095_36,s2.398032,s0.450366,s292.054514
095_37,s-1.729201,s1.412913,s82.144337
095_38,s-0.660746,s2.329519,s314.823936
095_39,s2.131008,s1.401852,s70.584568
095_40,s1.970182,s-1.203712,s245.170654
095_41,s1.747834,s-1.968140,s212.752350
095_42,s1.189587,s-2.260434,s163.804841
095_43,s1.200068,s2.694938,s337.536347
095_44,s1.760770,s2.725528,s270.101961
095_45,s2.705398,s-0.161630,s338.959229
095_46,s-1.815619,s-1.971436,s85.645198
095_47,s0.479471,s-3.070534,s41.867443
095_48,s2.060519,s1.971880,s252.806710
095_49,s-0.796117,s-2.654773,s68.683308
095_50,s-1.918069,s-2.394852,s219.131930
095_51,s2.286012,s-1.975791,s231.119030
095_52,s0.641184,s2.844299,s81.041352
095_53,s-2.943836,s-0.390907,s317.513347
095_54,s2.460655,s-0.910549,s263.855053
095_55,s1.573575,s-2.742731,s218.109763
095_56,s-2.889304,s0.807417,s172.558087
095_57,s2.635994,s1.492657,s210.733748
095_58,s-1.455126,s2.779954,s227.565437
095_59,s3.063443,s-0.474675,s266.991548
095_60,s-2.984260,s1.146666,s330.151708
095_61,s0.902998,s3.381508,s61.345066
095_62,s3.489587,s0.452574,s176.297476
095_63,s-0.611968,s2.896641,s51.235111
095_64,s3.292506,s1.102898,s352.978469
095_65,s-2.241254,s2.434822,s142.215041
095_66,s-2.416225,s-2.260126,s159.753187
095_67,s-3.224728,s-1.484462,s195.253188
095_68,s-0.525219,s3.497580,s259.454815
095_69,s-3.528921,s0.622032,s208.569846
095_70,s2.758776,s-1.721526,s276.775384
095_71,s-3.442421,s1.222433,s47.308662
095_72,s0.951743,s-3.146472,s215.534244
095_73,s-2.951518,s-2.313231,s142.007815
095_74,s3.239900,s-2.077763,s176.021887
095_75,s2.754230,s2.153931,s346.554954
095_76,s-1.809657,s2.919868,s29.771759
095_77,s-1.241393,s3.477662,s76.193351
095_78,s-1.620961,s-3.367337,s43.903631
095_79,s-0.926098,s-3.070647,s237.590023
095_80,s2.329442,s-2.582398,s205.514268
095_81,s-2.845536,s2.507812,s165.556445
095_82,s3.380132,s-0.898698,s243.723026
095_83,s2.097674,s3.405843,s213.817270
095_84,s-3.597052,s-1.507056,s115.334676
095_85,s-0.802403,s-3.632222,s167.419792
095_86,s-2.306844,s-3.320537,s149.177583
095_87,s3.987167,s0.231941,s204.870353
095_88,s3.964198,s1.052106,s214.407229
095_89,s-3.511803,s-0.381118,s212.364399
095_90,s-2.485293,s3.509034,s330.924835
095_91,s3.799142,s-1.541596,s233.807727
095_92,s2.601266,s3.507720,s296.025093
095_93,s3.302906,s2.259205,s293.029684
095_94,s1.593206,s3.612720,s289.660308
096_0,s0.423695,s0.054672,s283.558592
096_1,s-0.195915,s0.727576,s313.892432
096_2,s-0.124512,s-0.294404,s164.752823
096_3,s-0.841379,s0.075046,s332.455321
096_4,s0.261227,s-0.541435,s280.576293
096_5,s0.954245,s0.516915,s9.860251
096_6,s0.058178,s0.375805,s135.734491
096_7,s-0.680595,s-0.360862,s163.040570
096_8,s0.738295,s-0.964069,s146.645517
096_9,s-0.647811,s1.191073,s131.356995
096_10,s-1.439623,s0.478026,s145.086203
096_11,s1.018007,s-0.694973,s250.086233
096_12,s-0.479645,s-1.274190,s174.802958
096_13,s-0.084079,s1.289253,s358.753807
096_14,s1.423871,s0.501304,s288.828937
096_15,s1.334009,s-0.097667,s219.231641
096_16,s0.992708,s1.560896,s207.617055
096_17,s-1.180382,s-0.029167,s155.062750
096_18,s1.212032,s-1.256030,s219.927262
096_19,s-0.964663,s-1.329510,s155.864471
096_20,s0.335910,s1.516025,s305.457498
096_21,s-1.017344,s1.624592,s45.825018
096_22,s-1.407256,s1.198863,s139.961824
096_23,s-0.004745,s-1.919348,s291.491708
096_24,s-1.450930,s-1.718311,s115.668237
096_25,s1.984761,s-0.417640,s265.300072
096_26,s-0.568506,s1.792282,s317.416323
096_27,s-1.559882,s-1.040091,s83.804858
096_28,s1.575435,s1.200546,s247.742468
096_29,s1.044308,s2.125207,s12.982062
096_30,s-0.434411,s-2.262648,s211.325055
096_31,s1.068429,s-1.765105,s163.203661
096_32,s1.864126,s-1.110612,s301.567483
096_33,s2.214884,s0.494037,s241.200566
096_34,s-2.123436,s0.517350,s134.731287
096_35,s1.551897,s1.774826,s286.100417
096_36,s1.976374,s-1.522991,s212.403532
096_37,s-2.035590,s1.502924,s187.236094
096_38,s-0.942053,s-2.117484,s170.497519
096_39,s-1.690384,s-2.234382,s197.928398
096_40,s-0.904755,s2.415897,s104.789814
096_41,s-3.140930,s-0.773477,s132.123170
096_42,s1.770799,s-1.970150,s161.166002
096_43,s-0.651603,s-2.833962,s203.019002
096_44,s-2.482053,s1.261625,s140.704541
096_45,s-1.780163,s1.925947,s70.804377
096_46,s-2.679377,s-0.868364,s172.701109
096_47,s0.472166,s-2.212696,s185.257994
096_48,s-1.868113,s2.551226,s277.405268
096_49,s2.722611,s0.678953,s310.157515
096_50,s-2.566697,s1.722237,s50.898149
096_51,s-2.753160,s0.350084,s71.473862
096_52,s1.504260,s2.346723,s358.760066
096_53,s1.132696,s3.138557,s97.279844
096_54,s2.791022,s-0.864846,s279.773565
096_55,s2.200757,s1.568772,s225.339306
096_56,s-2.464377,s-2.150102,s213.893545
096_57,s2.496875,s2.273136,s63.308521
096_58,s0.170033,s-3.002025,s182.920512
096_59,s0.023491,s2.888144,s25.045898
096_60,s-0.598827,s2.700640,s354.660751
096_61,s2.757814,s1.536799,s271.692234
096_62,s-2.543270,s-0.386321,s277.711186
096_63,s2.582705,s-1.346207,s202.854777
096_64,s-2.835335,s-1.964895,s69.682196
096_65,s1.993550,s-2.689460,s158.773050
096_66,s-3.353404,s-0.237511,s128.419958
096_67,s3.189520,s0.440635,s267.777720
096_68,s-1.014627,s2.965578,s46.421759
096_69,s-1.031468,s-3.195015,s80.307042
096_70,s-2.237126,s-3.026954,s96.014179
096_71,s-3.021354,s1.475846,s123.880410
096_72,s-2.276262,s2.492335,s56.868802
096_73,s1.372810,s-2.950651,s91.136395
096_74,s1.567053,s3.565869,s194.953836
096_75,s3.018642,s-0.289276,s255.468822
096_76,s2.306262,s2.812712,s12.697855
096_77,s3.334474,s-1.133492,s244.435250
096_78,s2.805925,s2.065845,s290.890083
096_79,s2.759961,s-2.822333,s34.453600
096_80,s-0.663785,s-3.600892,s113.297743
096_81,s3.388901,s-1.661480,s137.208933
096_82,s-3.377708,s-2.215518,s92.964842
096_83,s0.918607,s-3.484943,s272.805078
096_84,s-0.545322,s3.954276,s155.138535
096_85,s-1.739900,s3.041177,s2.340402
096_86,s0.244417,s3.540442,s265.884946
096_87,s-3.184746,s2.504413,s137.172771
096_88,s-1.241573,s3.605601,s339.681762
096_89,s3.497922,s1.277140,s234.298636
096_90,s2.193544,s-3.194514,s258.258920
096_91,s-1.778482,s-3.411686,s104.219020
096_92,s2.959988,s2.585242,s351.049205
096_93,s1.689789,s-3.700561,s243.489394
096_94,s1.102449,s3.853902,s81.267234
096_95,s3.191136,s-2.419811,s237.190834
097_0,s0.018913,s0.062871,s345.465311
097_1,s-0.447501,s0.359782,s26.430975
097_2,s-0.261325,s-0.255264,s124.085653
097_3,s0.545550,s-0.217883,s352.520974
097_4,s0.919676,s0.242888,s309.115394
097_5,s-0.935486,s0.107138,s178.329183
097_6,s0.218339,s-0.429097,s180.355203
097_7,s0.530515,s1.065001,s100.584175
097_8,s-1.000296,s0.574149,s131.554230
097_9,s-0.518974,s-0.822923,s236.267095
097_10,s0.705541,s-0.777621,s292.737294
097_11,s-0.994856,s-0.917104,s181.957772
097_12,s-0.455460,s-1.342548,s200.899550
097_13,s0.975150,s0.769146,s7.804112
097_14,s-0.631071,s1.177801,s20.621273
097_15,s0.817040,s-1.250314,s130.261940
097_16,s-1.463460,s-0.341007,s176.149205
097_17,s-1.654687,s0.611524,s141.427543
097_18,s0.467497,s1.707091,s114.153095
097_19,s-1.153123,s1.200462,s73.003515
097_20,s1.611502,s-0.502138,s202.146775
097_21,s-0.520908,s-2.026240,s103.056900
097_22,s1.585909,s1.007542,s51.665065
097_23,s0.833804,s1.849426,s236.053772
097_24,s1.636052,s-1.713457,s149.684426
097_25,s-1.333358,s1.681191,s9.291371
097_26,s-0.414058,s1.852961,s68.279735
097_27,s-1.188082,s-1.762427,s85.535303
097_28,s1.783029,s0.526639,s311.802601
097_29,s0.045154,s-2.012863,s259.222585
097_30,s2.470454,s-1.087078,s49.625613
097_31,s2.055480,s-0.376646,s333.284472
097_32,s-2.054686,s1.256660,s179.201135
097_33,s-0.792174,s-2.520990,s211.698127
097_34,s0.293958,s2.100669,s297.648130
097_35,s1.634223,s1.666112,s334.173833
097_36,s1.931002,s1.340732,s254.230676
097_37,s-2.014907,s-0.628729,s32.031423
097_38,s0.562450,s-2.475061,s233.939336
097_39,s2.500713,s0.816345,s199.097493
097_40,s1.928932,s-1.463040,s240.655358
097_41,s-0.646993,s2.424324,s293.245437
097_42,s-1.804548,s-2.264741,s243.159925
097_43,s-2.501775,s0.685325,s31.562437
097_44,s1.404924,s2.068844,s18.368901
097_45,s-2.241543,s-1.536416,s175.968231
097_46,s2.732033,s-0.426809,s196.883450
097_47,s2.497898,s-2.078698,s150.493668
097_48,s-1.832917,s1.669471,s29.934869
097_49,s2.980426,s0.650364,s225.240425
097_50,s-2.761557,s-0.748060,s249.785638
097_51,s2.222125,s1.938825,s226.316759
097_52,s-2.722785,s-0.303095,s349.245105
097_53,s0.569923,s2.737506,s68.028799
097_54,s-2.330542,s1.619777,s93.533647
097_55,s-1.844605,s2.422705,s341.958870
097_56,s1.452072,s2.960488,s250.107930
097_57,s-2.903588,s0.464868,s64.872291
097_58,s-3.055537,s-0.952518,s108.912220
097_59,s-1.206105,s-2.865467,s195.681387
097_60,s-1.095262,s2.662441,s326.116663
097_61,s3.123994,s-1.554986,s157.665987
097_62,s-2.614045,s-1.935738,s110.106118
097_63,s3.245899,s-0.885166,s312.025626
097_64,s-2.222307,s-2.656041,s136.773524
097_65,s1.144838,s-3.179295,s146.885371
097_66,s2.909363,s1.722454,s329.295981
097_67,s-3.272891,s1.695921,s89.238260
097_68,s2.463083,s2.270959,s286.057007
097_69,s-1.805552,s-3.006753,s176.891059
097_70,s2.800934,s-2.560097,s220.043872
097_71,s1.412220,s-2.885013,s270.865531
097_72,s-3.305256,s-1.550412,s111.288615
097_73,s1.519552,s3.497691,s290.960326
097_74,s2.395004,s-3.017650,s202.248600
097_75,s-2.537643,s2.136345,s91.627883
097_76,s2.316682,s2.893205,s329.702426
097_77,s0.009421,s-2.798232,s21.198506
097_78,s-3.593388,s1.255686,s157.308076
097_79,s-2.097728,s2.911339,s55.285647
097_80,s-3.034952,s-2.456385,s180.299227
097_81,s3.426064,s-2.239915,s284.265353
097_82,s-1.537565,s3.374503,s61.082827
097_83,s-2.657621,s2.669614,s62.008917
097_84,s-0.301418,s3.233473,s40.087898
097_85,s-0.658009,s-3.787961,s327.291981
097_86,s3.501068,s1.679532,s325.431258
097_87,s-1.172180,s-3.954097,s24.270158
097_88,s-1.172611,s3.855679,s180.746857
097_89,s0.275258,s3.718551,s94.858594
097_90,s-3.587591,s-0.438450,s262.550906
097_91,s0.794688,s3.312030,s313.334685
097_92,s1.640827,s-3.406337,s257.138824
097_93,s3.440432,s0.848336,s252.546656
097_94,s0.650343,s3.852291,s334.774943
097_95,s3.078969,s2.819640,s296.564212
097_96,s1.505933,s-3.955383,s234.927745
098_0,s0.000000,s0.000000,s173.495087
098_1,s-0.368442,s0.408351,s158.560805
098_2,s0.382204,s0.237529,s214.967756
098_3,s-0.367311,s-0.710692,s53.260021
098_4,s-0.850585,s0.294118,s126.929728
098_5,s0.492177,s-0.693010,s111.151636
098_6,s0.973791,s-0.392723,s197.382047
098_7,s-0.420963,s-1.070182,s172.749150
098_8,s0.517150,s0.736584,s281.497479
098_9,s-0.872059,s0.824326,s101.921058
098_10,s-0.937149,s-0.749501,s142.686142
098_11,s1.033582,s0.504190,s204.435533
098_12,s0.308995,s1.159535,s110.985343
098_13,s0.585153,s-1.326686,s104.203574
098_14,s0.199240,s-1.788939,s163.553240
098_15,s0.753870,s1.360431,s267.961135
098_16,s0.322517,s1.669126,s325.776698
098_17,s-0.649129,s1.501939,s280.855033
098_18,s-1.589733,s-0.844245,s332.759267
098_19,s1.762239,s0.563040,s151.251874
098_20,s1.427265,s-0.723128,s276.173928
098_21,s0.998983,s-1.427884,s236.673308
098_22,s-1.028106,s1.290542,s65.845094
098_23,s-0.975306,s-1.330894,s203.463807
098_24,s-0.285263,s2.030055,s100.181415
098_25,s-1.467311,s0.253274,s65.996869
098_26,s-2.290703,s0.206589,s70.528618
098_27,s-1.657849,s0.928189,s76.265945
098_28,s-1.836806,s-1.117427,s79.150219
098_29,s0.759271,s-1.957934,s183.194311
098_30,s1.001763,s1.845663,s289.900603
098_31,s1.843978,s1.105552,s98.127376
098_32,s-1.042743,s2.272155,s90.875846
098_33,s2.091835,s0.956151,s281.647695
098_34,s1.658298,s-1.168726,s202.778209
098_35,s-2.027238,s1.375792,s346.105032
098_36,s-1.474513,s-1.571887,s90.975356
098_37,s-1.008259,s-2.067223,s159.078252
098_38,s1.547901,s-2.118921,s189.752453
098_39,s1.937326,s1.580116,s251.795487
098_40,s0.860703,s2.571399,s109.734447
098_41,s1.835902,s2.309104,s346.699186
098_42,s2.409141,s0.445581,s189.465112
098_43,s0.257932,s-2.860111,s340.025961
098_44,s-2.517709,s-0.404529,s81.022376
098_45,s-0.543724,s-2.440157,s225.427775
098_46,s2.164887,s-1.250305,s241.154819
098_47,s-2.597238,s0.903799,s124.962433
098_48,s-2.117135,s-1.981853,s97.207670
098_49,s2.571802,s-0.639012,s58.913830
098_50,s-0.158567,s2.795507,s139.215537
098_51,s-2.496545,s1.647884,s21.975326
098_52,s-0.757286,s2.791455,s351.182852
098_53,s-2.493112,s-1.312339,s133.387728
098_54,s-1.613473,s-2.164880,s192.684771
098_55,s-0.755273,s-2.851677,s103.444617
098_56,s-1.402680,s2.651884,s43.312511
098_57,s2.104593,s-2.137917,s282.245769
098_58,s-2.977286,s-1.172931,s84.934611
098_59,s1.060487,s-2.645348,s209.769726
098_60,s1.458664,s2.887383,s163.058242
098_61,s2.491300,s1.927673,s250.292029
098_62,s0.438902,s2.967720,s359.265620
098_63,s2.917190,s-0.438749,s321.690903
098_64,s-3.380332,s-0.365176,s63.157760
098_65,s0.709879,s-3.171525,s140.617487
098_66,s-2.269457,s2.269963,s334.857378
098_67,s-3.136260,s1.026584,s59.881227
098_68,s2.980207,s-1.417169,s298.421220
098_69,s-0.236432,s-3.141114,s135.502778
098_70,s3.432430,s0.906049,s11.444175
098_71,s1.025523,s3.241651,s32.318017
098_72,s2.643684,s-2.369269,s246.159002
098_73,s-1.130166,s3.470623,s107.725755
098_74,s2.213712,s-2.580597,s135.300696
098_75,s-1.775457,s-3.097182,s41.876142
098_76,s-3.200390,s-1.692966,s122.956252
098_77,s-1.025085,s-3.450971,s91.376120
098_78,s2.296966,s2.506781,s271.160257
098_79,s-2.602716,s-2.487141,s70.052713
098_80,s-2.355085,s3.171132,s121.625904
098_81,s-3.589623,s0.273146,s356.714887
098_82,s1.023080,s-3.607743,s187.692975
098_83,s3.130836,s2.064066,s341.460831
098_84,s1.779134,s3.187033,s280.061336
098_85,s2.310866,s-3.203498,s146.316334
098_86,s-0.558144,s3.790009,s350.441183
098_87,s3.505830,s-1.708555,s133.513862
098_88,s3.742391,s-0.662320,s25.519224
098_89,s-3.077195,s2.228149,s134.385994
098_90,s3.493704,s1.797177,s266.985328
098_91,s3.900338,s-1.090808,s266.626376
098_92,s-2.357525,s-2.980282,s122.870688
098_93,s-3.996991,s0.653118,s28.609310
098_94,s-1.613014,s3.714927,s9.437633
098_95,s3.837339,s-2.048738,s281.986239
098_96,s-2.645952,s-3.515528,s172.420252
098_97,s-1.832201,s-3.721108,s175.104920
099_0,s0.076284,s-0.041987,s72.394327
099_1,s0.493769,s-0.469109,s310.807665
099_2,s0.495060,s0.182110,s4.953615
099_3,s-0.266963,s-0.407619,s124.662443
099_4,s0.036218,s0.549645,s70.183565
099_5,s0.058086,s-1.207390,s321.649923
099_6,s-1.151488,s-0.599233,s354.582944
099_7,s-0.321140,s1.005556,s4.436208
099_8,s0.778465,s0.781276,s267.186073
099_9,s-0.848237,s0.326338,s25.796645
099_10,s1.196925,s-0.275391,s262.844989
099_11,s-0.784740,s-1.195362,s300.146193
099_12,s1.240664,s-0.820022,s254.334268
099_13,s0.703553,s-1.316815,s183.968319
099_14,s-0.229082,s-1.606337,s137.996436
099_15,s0.421189,s1.249468,s318.292387
099_16,s-1.152757,s-1.093965,s111.659703
099_17,s0.080786,s1.609427,s346.618848
099_18,s-1.483976,s1.041820,s322.092903
099_19,s1.173240,s0.380128,s232.914308
099_20,s1.792030,s0.500045,s235.175268
099_21,s1.354840,s-1.346659,s138.302928
099_22,s1.033669,s1.292665,s259.420829
099_23,s1.517733,s-1.811434,s219.992992
099_24,s-1.306159,s2.182584,s170.707452
099_25,s-1.955344,s-0.327309,s321.432432
099_26,s-1.342287,s0.577231,s89.130660
099_27,s0.845367,s2.024679,s346.461474
099_28,s2.119874,s0.985473,s329.522583
099_29,s-1.643434,s-0.647877,s149.680209
099_30,s0.375424,s-2.045027,s237.513570
099_31,s-0.026264,s-2.306303,s84.583083
099_32,s-0.881007,s-1.771911,s114.863182
099_33,s-0.496177,s1.970087,s31.017924
099_34,s-1.862363,s-1.643306,s113.033828
099_35,s2.154621,s-0.955172,s231.461181
099_36,s1.379350,s1.896691,s210.618351
099_37,s-2.306822,s-0.738737,s16.915291
099_38,s-0.812174,s3.012899,s212.174542
099_39,s-2.105716,s1.182666,s162.244589
099_40,s-1.828662,s1.671364,s67.690347
099_41,s-2.541990,s0.242403,s59.653394
099_42,s2.372070,s-0.294346,s212.753740
099_43,s-1.356070,s-2.459357,s54.041949
099_44,s-0.948425,s-2.589129,s247.856540
099_45,s2.589767,s0.516086,s222.637157
099_46,s1.879947,s2.310276,s67.970716
099_47,s1.986635,s1.739309,s328.063212
099_48,s-2.924965,s-0.540235,s6.690167
099_49,s0.427401,s-2.633393,s136.669639
099_50,s0.549895,s2.736834,s127.023825
099_51,s-1.902573,s2.282942,s93.100655
099_52,s1.062017,s-2.697054,s232.388717
099_53,s-2.324183,s-1.315032,s79.691206
099_54,s-2.616899,s1.415101,s59.121001
099_55,s-1.382615,s2.591786,s38.325286
099_56,s1.859819,s-2.538209,s206.927282
099_57,s2.582817,s-1.716459,s131.726958
099_58,s-2.321383,s-2.167507,s191.193427
099_59,s2.958220,s-0.615670,s250.110065
099_60,s0.629794,s-3.127837,s158.437587
099_61,s2.858076,s1.412674,s186.795889
099_62,s1.240109,s3.030602,s63.299411
099_63,s-3.048834,s-1.540687,s205.120356
099_64,s-0.435312,s3.263209,s249.606006
099_65,s2.919600,s1.744166,s36.865291
099_66,s2.413568,s-2.406719,s258.861074
099_67,s-3.299164,s-0.067933,s44.771820
099_68,s-2.037032,s2.886354,s76.501038
099_69,s1.621118,s2.865730,s312.327134
099_70,s-2.949339,s1.992127,s351.948126
099_71,s-3.451327,s0.678129,s76.542392
099_72,s1.232880,s3.637715,s62.268800
099_73,s-1.352035,s-2.836652,s201.085515
099_74,s3.066017,s-1.465963,s193.981524
099_75,s-0.302432,s-3.101187,s143.456840
099_76,s2.737334,s2.559439,s21.256370
099_77,s3.656109,s0.806030,s34.031867
099_78,s0.855681,s-3.619547,s215.691893
099_79,s-1.516502,s-3.493399,s179.349633
099_80,s-2.759410,s-2.612402,s57.933391
099_81,s-3.416948,s-0.482362,s131.010526
099_82,s-1.712479,s3.492469,s53.240224
099_83,s-3.310068,s-1.085577,s139.298146
099_84,s-3.619378,s1.352958,s126.560180
099_85,s-2.510531,s-3.027862,s238.052541
099_86,s3.389144,s1.864218,s243.396769
099_87,s-3.661104,s2.031856,s3.672772
099_88,s3.696000,s-1.582432,s168.661680
099_89,s2.561624,s-2.884910,s209.079245
099_90,s-0.671268,s-3.925591,s193.880368
099_91,s1.791714,s-3.387970,s183.554605
099_92,s3.491424,s-0.426529,s299.664766
099_93,s3.171905,s-2.810872,s199.757162
099_94,s-3.222145,s-2.793184,s146.368931
099_95,s3.966698,s-0.636912,s210.245126
099_96,s-3.764989,s-2.334047,s15.070175
099_97,s3.276177,s2.581413,s232.817427
099_98,s-1.920559,s-3.807417,s130.242496
100_0,s0.111776,s-0.249527,s292.582071
100_1,s-0.524789,s0.606160,s296.012590
100_2,s-0.344371,s-0.481198,s193.732415
100_3,s-0.832535,s0.259580,s86.110258
100_4,s0.649935,s-0.650771,s340.359521
100_5,s0.770145,s0.419714,s290.861483
100_6,s1.174736,s-0.141724,s310.332832
100_7,s0.376618,s0.860593,s320.859221
100_8,s-0.435372,s1.270139,s280.698957
100_9,s-0.314728,s0.216152,s149.665069
100_10,s0.114920,s-1.062146,s280.173369
100_11,s-1.014397,s0.779455,s331.372318
100_12,s-1.083438,s-1.259209,s330.628223
100_13,s1.822800,s-0.248965,s348.870460
100_14,s0.491539,s1.474483,s0.444366
100_15,s0.899007,s-1.273278,s269.517568
100_16,s-1.097391,s-0.339834,s43.166065
100_17,s-1.397747,s0.760541,s72.472190
100_18,s1.357921,s1.065030,s235.668099
100_19,s0.935274,s1.722432,s331.435469
100_20,s-1.617899,s-1.323972,s355.915010
100_21,s0.097204,s1.826715,s86.810269
100_22,s-0.423685,s-1.431093,s127.495522
100_23,s1.491021,s-0.619379,s202.163330
100_24,s1.972305,s-0.874821,s293.257988
100_25,s-1.311465,s1.300825,s336.721034
100_26,s1.473055,s1.841264,s301.557413
100_27,s-1.367439,s-1.596427,s175.370102
100_28,s0.945143,s-1.735139,s145.752118
100_29,s-0.274330,s-2.096609,s325.988640
100_30,s-1.969360,s0.074011,s184.806745
100_31,s-1.974961,s0.569557,s124.272949
100_32,s1.465793,s-1.608427,s230.027034
100_33,s0.409981,s-2.498181,s77.126425
100_34,s2.408750,s0.245648,s178.597996
100_35,s-0.772622,s-2.082138,s166.797878
100_36,s0.956414,s2.453358,s28.270529
100_37,s1.776592,s1.471577,s275.692124
100_38,s-1.077744,s2.197386,s73.498228
100_39,s-2.005226,s-1.033751,s60.364105
100_40,s-2.394207,s1.433602,s273.576729
100_41,s-2.038617,s-1.549976,s209.251782
100_42,s-1.215865,s-2.670197,s132.504519
100_43,s2.233442,s0.615168,s327.995000
100_44,s2.005663,s-1.446914,s244.656027
100_45,s1.099104,s-2.275776,s177.446355
100_46,s2.752932,s-0.817466,s254.403039
100_47,s-2.783429,s0.512582,s181.212511
100_48,s1.592193,s-2.473154,s230.377150
100_49,s-3.092571,s-0.419001,s258.498087
100_50,s-1.689993,s1.880640,s85.189254
100_51,s-0.026885,s-2.997757,s50.416745
100_52,s-0.660628,s2.608046,s171.690766
100_53,s2.608535,s1.724436,s260.373737
100_54,s-2.718179,s-0.985789,s124.470596
100_55,s-0.188002,s2.418347,s266.567470
100_56,s-1.090085,s2.745265,s344.911152
100_57,s-2.524523,s0.987525,s76.795069
100_58,s1.471055,s2.507175,s263.547225
100_59,s-2.829196,s-1.762160,s314.606378
100_60,s0.391775,s2.842294,s63.321304
100_61,s-0.980946,s-3.204886,s138.477723
100_62,s-2.183020,s2.411528,s355.219706
100_63,s2.873286,s-0.243047,s337.948334
100_64,s3.419539,s1.185819,s105.980848
100_65,s2.804248,s-1.570805,s267.369997
100_66,s2.350421,s-2.000885,s205.223277
100_67,s-2.508932,s-2.292696,s83.792736
100_68,s-3.185394,s0.264093,s131.784919
100_69,s0.591321,s3.361322,s334.386915
100_70,s1.269480,s3.071735,s295.409003
100_71,s1.578207,s-3.158029,s263.033336
100_72,s-1.801211,s-2.429417,s131.208543
100_73,s3.019120,s-2.025013,s176.327624
100_74,s-0.543296,s-3.479404,s227.571800
100_75,s2.389608,s2.287662,s270.199044
100_76,s3.429159,s0.562977,s227.258238
100_77,s-2.940983,s1.457185,s337.823655
100_78,s-0.522205,s3.513531,s293.575196
100_79,s2.260066,s2.674939,s350.153385
100_80,s-1.905605,s3.292861,s259.344600
100_81,s0.787132,s-2.938412,s112.860640
100_82,s-3.280494,s-0.854945,s65.863652
100_83,s-2.615953,s2.624347,s94.195483
100_84,s-1.153996,s3.651057,s337.552319
100_85,s-3.526732,s1.018604,s358.847558
100_86,s3.608784,s-0.801280,s298.858212
100_87,s-2.789759,s-2.824666,s215.370364
100_88,s-3.764179,s0.269590,s64.700625
100_89,s0.659481,s-3.503283,s219.256596
100_90,s1.716339,s3.643296,s341.776384
100_91,s-1.931809,s-3.256390,s158.067015
100_92,s-3.102646,s2.124660,s101.170098
100_93,s-3.665097,s-2.068111,s120.631423
100_94,s3.982951,s1.225246,s186.224006
100_95,s3.656823,s1.630359,s35.730459
100_96,s2.722894,s-2.965384,s188.316728
100_97,s-3.227489,s-2.564083,s137.226908
100_98,s2.102751,s-3.565758,s174.414540
100_99,s-4.027940,s-1.227309,s246.096541
101_0,s0.358937,s0.142147,s154.211102
101_1,s-0.102035,s0.146418,s47.975583
101_2,s0.689175,s0.789402,s187.065543
101_3,s0.246641,s-0.655441,s180.469835
101_4,s0.778507,s-0.586925,s348.934727
101_5,s-0.926406,s0.525939,s164.483514
101_6,s0.029894,s1.189665,s258.597570
101_7,s-0.303555,s-0.577220,s71.642624
101_8,s0.617431,s-1.122550,s294.866788
101_9,s-0.908444,s1.007905,s292.423234
101_10,s-0.267996,s-0.971498,s180.794768
101_11,s-1.099304,s-0.579255,s97.046459
101_12,s1.356507,s-1.130281,s176.255665
101_13,s-1.291306,s0.827991,s95.230708
101_14,s1.206757,s-0.185233,s285.212028
101_15,s-0.816950,s-1.297022,s219.232345
101_16,s1.127014,s1.051897,s275.619516
101_17,s-1.319332,s-1.044384,s158.496593
101_18,s1.493059,s0.385373,s296.050636
101_19,s0.443652,s1.806935,s240.961703
101_20,s-1.017342,s1.746005,s144.866060
101_21,s-2.149262,s-0.412371,s313.151171
101_22,s0.253966,s-1.569832,s131.233026
101_23,s-0.180925,s1.540829,s3.269503
101_24,s1.795492,s-0.739866,s186.710272
101_25,s-0.606844,s-1.993382,s109.984601
101_26,s0.513871,s-1.991367,s244.039307
101_27,s-1.913726,s-0.973330,s108.393409
101_28,s-1.779505,s1.115189,s35.122668
101_29,s-1.931571,s-1.587641,s151.363472
101_30,s2.013573,s1.185297,s222.239990
101_31,s1.374891,s1.534197,s317.182188
101_32,s2.006251,s-0.385845,s344.688480
101_33,s0.284042,s2.187252,s33.686893
101_34,s-2.347769,s0.496449,s350.124365
101_35,s1.496174,s2.331134,s311.305107
101_36,s-2.518532,s1.265186,s111.650779
101_37,s1.562394,s-1.900578,s287.478463
101_38,s2.620241,s0.257180,s191.603505
101_39,s3.008160,s0.589492,s55.130453
101_40,s2.414229,s-0.677440,s158.763811
101_41,s-1.242385,s-2.502913,s217.212967
101_42,s-1.206077,s2.128753,s342.331060
101_43,s1.119200,s-2.553415,s141.595136
101_44,s0.822430,s2.591416,s210.036598
101_45,s-2.835037,s-0.951614,s289.293838
101_46,s-2.674569,s0.065456,s38.645503
101_47,s2.063006,s1.580828,s359.375591
101_48,s2.648705,s-1.355708,s320.133911
101_49,s-2.443280,s-1.765016,s98.603514
101_50,s-2.929447,s-0.303448,s100.352107
101_51,s-1.692969,s-2.201909,s166.551191
101_52,s-0.584071,s2.896119,s193.727677
101_53,s1.503964,s-2.471566,s260.875716
101_54,s-3.168011,s-1.213750,s139.864730
101_55,s-2.294286,s2.071307,s130.773106
101_56,s2.686264,s1.220319,s321.293587
101_57,s-1.768067,s2.243185,s12.796784
101_58,s-0.158557,s-2.469108,s158.577389
101_59,s-2.228369,s-2.725418,s206.966649
101_60,s2.545971,s-1.731576,s221.579021
101_61,s-2.465189,s-2.419743,s101.534918
101_62,s-0.307110,s3.721720,s145.534600
101_63,s3.174203,s0.203890,s223.456951
101_64,s0.667411,s3.159174,s107.319151
101_65,s1.601397,s-2.969869,s175.272406
101_66,s0.966837,s-3.390729,s126.322538
101_67,s1.396697,s2.789376,s42.437669
101_68,s-1.243171,s3.067312,s88.409220
101_69,s2.364028,s-2.764147,s167.252020
101_70,s3.461344,s-0.932753,s141.122084
101_71,s-2.952611,s2.114075,s131.156660
101_72,s2.331891,s2.464177,s244.778454
101_73,s-0.885469,s-3.399025,s41.615276
101_74,s3.526009,s0.681359,s343.544477
101_75,s-2.684802,s2.815766,s229.722955
101_76,s-1.448655,s-3.296108,s124.197357
101_77,s2.784930,s-2.679030,s249.805447
101_78,s3.389232,s1.884606,s237.453396
101_79,s1.978637,s3.163726,s24.592617
101_80,s-1.109578,s3.612091,s310.226547
101_81,s-3.668883,s0.462785,s242.072683
101_82,s-0.417398,s-3.633608,s172.767652
101_83,s2.512952,s3.046931,s237.109676
101_84,s3.252098,s-1.681486,s259.230992
101_85,s-3.406763,s-2.111145,s267.509062
101_86,s-3.233014,s2.529755,s347.358678
101_87,s-1.631646,s3.491185,s353.301402
101_88,s-2.738888,s-2.999746,s189.206420
101_89,s4.055294,s-0.443908,s3.694688
101_90,s-4.014049,s-0.883198,s341.082266
101_91,s3.308264,s2.295622,s288.717553
101_92,s0.656985,s-4.164080,s113.901273
101_93,s-3.191265,s-2.776355,s107.282325
101_94,s2.028046,s3.823834,s353.486653
101_95,s-4.109990,s0.755218,s282.340927
101_96,s4.230010,s1.208503,s154.755996
101_97,s-4.193437,s-1.447135,s225.131859
101_98,s3.830540,s-1.490034,s305.268006
101_99,s0.593391,s3.905395,s153.829345
101_100,s-0.151531,s4.099700,s8.894586
102_0,s0.000000,s0.000000,s214.726417
102_1,s0.446706,s0.224619,s331.273986
102_2,s-0.542418,s-0.091010,s201.195308
102_3,s0.640335,s-0.111673,s234.492118
102_4,s-0.326123,s0.442881,s280.360172
102_5,s0.541754,s0.957341,s36.151580
102_6,s0.274270,s-0.804535,s163.330514
102_7,s-0.573519,s0.693597,s32.810781
102_8,s-0.700867,s0.266994,s74.331866
102_9,s-1.270900,s-0.587209,s334.844393
102_10,s-0.839220,s-0.786263,s156.653887
102_11,s0.636841,s-1.358099,s160.878681
102_12,s-0.280376,s1.218150,s25.958668
102_13,s1.192113,s0.910421,s4.361219
102_14,s-0.342195,s-1.045420,s176.597725
102_15,s1.695300,s0.126327,s103.561825
102_16,s-1.560927,s0.896385,s174.598820
102_17,s1.388815,s-0.416766,s242.220855
102_18,s-1.374387,s-1.083310,s41.077805
102_19,s-1.300429,s1.171061,s332.054851
102_20,s-0.250763,s2.034605,s77.311412
102_21,s1.603414,s1.432328,s354.585028
102_22,s-0.905714,s-1.726900,s91.506321
102_23,s0.972397,s-1.861302,s298.712557
102_24,s-1.585279,s-0.216545,s87.755088
102_25,s-0.936452,s-2.155356,s227.071194
102_26,s2.080092,s0.288476,s282.085915
102_27,s-2.025443,s-0.858826,s89.977252
102_28,s0.561093,s1.604735,s9.878355
102_29,s1.642075,s-0.955819,s209.397107
102_30,s-1.685663,s1.637388,s321.536762
102_31,s-2.190623,s1.097120,s146.320176
102_32,s0.791584,s2.212667,s259.027628
102_33,s2.375101,s-0.601163,s194.110444
102_34,s1.954662,s0.895432,s347.100531
102_35,s0.652853,s-2.309498,s87.711315
102_36,s2.468358,s0.964215,s247.854920
102_37,s1.229074,s-2.404034,s214.295446
102_38,s2.097889,s-1.778022,s164.313450
102_39,s-1.951903,s-1.602405,s192.469528
102_40,s-2.093601,s1.624603,s9.942400
102_41,s-1.456544,s2.507684,s94.354610
102_42,s1.369816,s2.556092,s73.827047
102_43,s1.894170,s2.326396,s294.149180
102_44,s-0.776364,s-2.794147,s123.374444
102_45,s2.742032,s1.446119,s0.581554
102_46,s-1.646581,s-2.567347,s128.377869
102_47,s-0.545064,s2.593339,s82.539320
102_48,s-2.797232,s0.124482,s10.158895
102_49,s-3.068509,s1.214188,s286.564187
102_50,s-2.278886,s-2.174668,s63.124887
102_51,s0.774901,s3.053200,s356.381175
102_52,s-0.948864,s3.003691,s45.601387
102_53,s2.850791,s-1.560606,s310.596023
102_54,s2.821362,s-0.403012,s1.787537
102_55,s3.378224,s0.384194,s164.807275
102_56,s0.791765,s-2.893632,s221.832705
102_57,s2.435918,s-2.226276,s178.343241
102_58,s-2.859061,s-0.485559,s280.205398
102_59,s-3.376168,s-0.401857,s157.082828
102_60,s-2.723425,s-2.430115,s162.000488
102_61,s-0.246438,s-3.190497,s101.554531
102_62,s-3.427484,s1.753526,s182.561494
102_63,s-2.728561,s-1.121364,s110.259664
102_64,s3.030923,s2.122147,s253.947483
102_65,s1.952599,s2.964770,s260.029804
102_66,s-1.815928,s-3.280991,s242.739880
102_67,s-3.737981,s1.112428,s84.260717
102_68,s1.697168,s-3.287799,s189.182302
102_69,s-2.552508,s2.011767,s42.917067
102_70,s3.727409,s0.739206,s75.263619
102_71,s0.696838,s-3.480936,s116.492127
102_72,s-2.358926,s-3.105715,s169.339058
102_73,s3.166873,s-0.730353,s292.279655
102_74,s-2.381148,s2.632990,s68.999448
102_75,s3.540906,s-1.379124,s234.803606
102_76,s-0.554747,s3.455757,s28.725975
102_77,s3.310402,s1.282084,s305.023366
102_78,s2.711402,s-2.940799,s298.091187
102_79,s3.883680,s1.148709,s263.091302
102_80,s-2.578300,s3.187847,s318.676818
102_81,s2.231888,s-3.616791,s150.240955
102_82,s-3.885660,s-0.334138,s48.166172
102_83,s3.351625,s2.447266,s352.248960
102_84,s-1.704578,s3.507765,s29.361953
102_85,s-0.444728,s-3.773886,s221.016026
102_86,s-3.345096,s-2.100675,s199.398846
102_87,s-3.850401,s-1.548197,s358.778561
102_88,s2.140584,s3.555334,s100.470748
102_89,s1.487909,s3.766779,s56.642710
102_90,s-3.928688,s1.621083,s45.119404
102_91,s-3.321514,s2.403652,s43.418044
102_92,s3.492295,s-1.845637,s144.383466
102_93,s-3.188350,s-3.246063,s98.482106
102_94,s-3.205165,s3.014452,s356.596334
102_95,s3.641188,s-2.379969,s173.802122
102_96,s-4.294531,s0.692462,s56.586149
102_97,s0.411180,s-4.029073,s150.344087
102_98,s-0.404932,s3.979451,s320.784848
102_99,s3.884463,s0.347769,s206.221721
102_100,s0.971822,s-3.828585,s183.091428
102_101,s2.576161,s3.189576,s332.766147
103_0,s-0.010715,s-0.000722,s0.839770
103_1,s-0.145641,s0.950081,s64.494910
103_2,s-0.709916,s0.515232,s52.534002
103_3,s-1.144951,s0.050405,s256.395806
103_4,s-0.916113,s-0.663929,s62.622528
103_5,s-0.478256,s-1.109369,s170.209204
103_6,s0.142007,s-1.364328,s13.295546
103_7,s0.710417,s-0.899825,s240.240828
103_8,s1.214537,s-0.734904,s293.098366
103_9,s1.483858,s-0.121232,s285.254063
103_10,s1.388810,s0.952737,s188.112977
103_11,s1.383266,s1.325474,s59.450713
103_12,s0.146922,s1.793250,s243.176647
103_13,s-0.814807,s1.651688,s258.725880
103_14,s-1.220581,s1.321161,s49.105339
103_15,s-1.495886,s0.818858,s85.075154
103_16,s-1.954248,s0.068722,s303.136537
103_17,s-1.925243,s-0.586653,s254.484924
103_18,s-1.565432,s-1.222898,s163.649973
103_19,s-1.376876,s-1.808752,s261.151051
103_20,s-0.139089,s-2.240182,s76.222063
103_21,s0.299595,s-1.994748,s210.860963
103_22,s1.054768,s-1.993966,s332.168800
103_23,s1.728281,s-1.744018,s354.222229
103_24,s1.989130,s-0.821721,s274.308094
103_25,s2.211634,s-0.405035,s328.911591
103_26,s2.257164,s0.944989,s190.685721
103_27,s1.831767,s1.271440,s333.515827
103_28,s1.340767,s2.031691,s267.331416
103_29,s1.091035,s2.450220,s135.622629
103_30,s-0.000908,s2.600940,s224.999901
103_31,s-0.535858,s2.291186,s64.201878
103_32,s-1.439120,s2.305939,s230.888907
103_33,s-2.051688,s1.687901,s340.743122
103_34,s-2.198548,s1.284671,s148.206572
103_35,s-2.667141,s0.394270,s152.277952
103_36,s-2.700807,s-0.376135,s272.587357
103_37,s-2.589791,s-1.009204,s268.519255
103_38,s-2.169013,s-1.537555,s131.606119
103_39,s-1.747684,s-2.237249,s193.985696
103_40,s-1.196652,s-2.497649,s251.430283
103_41,s-0.345216,s-2.853467,s297.684544
103_42,s0.257889,s-2.901051,s241.977219
103_43,s1.052777,s-2.436528,s172.992999
103_44,s1.421639,s-2.914036,s299.832491
103_45,s2.529811,s-1.983516,s112.480443
103_46,s2.927662,s-1.118718,s142.040000
103_47,s3.099866,s-0.222298,s157.040313
103_48,s3.293835,s0.287133,s81.985117
103_49,s2.841842,s0.810058,s318.748603
103_50,s2.571570,s1.587150,s260.794336
103_51,s2.490466,s2.175361,s30.575410
103_52,s1.663573,s2.748749,s213.910834
103_53,s1.321356,s2.974644,s101.849904
103_54,s0.207137,s3.390280,s253.388234
103_55,s-0.202812,s3.367592,s133.761676
103_56,s-0.946445,s2.974040,s99.878292
103_57,s-2.453636,s3.081207,s261.716468
103_58,s-2.209737,s2.494991,s124.600617
103_59,s-2.696787,s1.610618,s35.991246
103_60,s-3.706435,s1.073955,s293.739956
103_61,s-3.363903,s0.527542,s180.475798
103_62,s-3.269273,s-0.425202,s121.970875
103_63,s-3.168723,s-1.044596,s130.320928
103_64,s-2.971491,s-1.973380,s60.862719
103_65,s-2.684492,s-2.439042,s319.034589
103_66,s-1.991078,s-3.066953,s31.143783
103_67,s-1.203926,s-3.170259,s100.014714
103_68,s-0.635038,s-3.663071,s94.171413
103_69,s0.181014,s-3.477615,s67.654582
103_70,s0.642392,s-3.824243,s315.469888
103_71,s1.780960,s-3.629914,s52.209023
103_72,s2.011976,s-3.143496,s308.003536
103_73,s2.869103,s-2.677588,s283.885614
103_74,s3.458150,s-1.629834,s181.957124
103_75,s3.625207,s-1.176783,s216.646600
103_76,s3.854485,s-0.550510,s100.196600
103_77,s4.044096,s0.146402,s104.022737
103_78,s4.031334,s0.876390,s66.751120
103_79,s3.554992,s1.815192,s218.947279
103_80,s3.122027,s2.198996,s295.258054
103_81,s2.778238,s2.777888,s54.299453
103_82,s1.931091,s3.618554,s186.910712
103_83,s1.382200,s3.726607,s31.928382
103_84,s0.777027,s3.933739,s63.760980
103_85,s-0.095544,s4.114401,s136.557194
103_86,s-0.760463,s4.053013,s145.497573
103_87,s-1.572050,s4.030478,s206.723918
103_88,s-1.869115,s3.685136,s104.452634
103_89,s-2.868756,s3.169100,s98.749478
103_90,s-3.609840,s2.794456,s149.193309
103_91,s-3.959436,s1.849808,s75.185602
103_92,s-3.929809,s0.522404,s11.813100
103_93,s-4.738839,s0.084334,s293.394223
103_94,s-4.178788,s-0.361228,s93.787454
103_95,s-4.366519,s-1.228291,s281.671612
103_96,s-4.087777,s-1.738245,s208.349199
103_97,s-3.567228,s-2.618740,s286.090529
103_98,s-3.068752,s-3.058490,s98.999176
103_99,s-2.734282,s-3.519457,s282.599255
103_100,s-1.913797,s-4.163548,s4.262861
103_101,s-1.354580,s-4.159328,s253.101282
103_102,s-0.285396,s-4.558642,s332.010376
104_0,s-0.004635,s0.003176,s229.101179
104_1,s0.115586,s0.357885,s326.429337
104_2,s-0.366865,s0.156318,s33.152997
104_3,s-0.097244,s-0.595548,s251.771041
104_4,s-0.829534,s-0.325934,s4.179894
104_5,s-0.450555,s-0.764802,s125.299208
104_6,s0.092467,s-1.085062,s158.241145
104_7,s0.777282,s-0.439376,s318.928872
104_8,s0.805571,s0.535385,s352.191629
104_9,s-0.935931,s0.815490,s25.049705
104_10,s1.301220,s-0.492363,s215.923127
104_11,s-1.072372,s-0.798050,s26.849966
104_12,s-0.158006,s0.799417,s354.609000
104_13,s1.020959,s-0.943834,s130.253701
104_14,s-0.960245,s-1.477064,s123.869189
104_15,s0.679693,s1.375600,s57.435265
104_16,s1.199540,s1.147710,s243.021031
104_17,s-1.383615,s-1.049909,s118.006300
104_18,s-1.455310,s0.626039,s43.405785
104_19,s-1.633367,s-0.406860,s125.389071
104_20,s-0.799600,s1.367514,s294.751226
104_21,s0.453792,s-1.671956,s154.605479
104_22,s1.485810,s0.382374,s237.959420
104_23,s-1.227606,s1.827972,s126.306482
104_24,s-2.018247,s0.676981,s121.055725
104_25,s-0.194787,s1.920658,s343.880802
104_26,s1.287291,s-1.694914,s119.284447
104_27,s1.159807,s1.843315,s80.584008
104_28,s2.353780,s-0.469391,s133.706601
104_29,s-0.531751,s-1.804375,s172.816955
104_30,s1.179115,s-2.287921,s243.027567
104_31,s-2.307315,s-1.025052,s93.712133
104_32,s1.844290,s1.359584,s223.262518
104_33,s-0.956148,s-2.443187,s153.139624
104_34,s1.699305,s-1.515320,s255.226131
104_35,s-2.539866,s0.934393,s320.318387
104_36,s-1.864642,s1.776884,s88.938771
104_37,s2.461576,s0.581653,s201.582902
104_38,s-1.920113,s-1.639332,s161.824365
104_39,s-0.401483,s2.492397,s92.205983
104_40,s0.864087,s2.371894,s62.338774
104_41,s0.169444,s-2.568417,s152.376830
104_42,s-1.423200,s-2.204118,s126.784394
104_43,s1.621201,s2.226470,s198.040213
104_44,s-1.660638,s2.157578,s6.395657
104_45,s2.252279,s-2.084421,s154.385952
104_46,s2.694518,s0.991262,s21.993575
104_47,s-0.680741,s-2.840141,s191.913904
104_48,s-2.075038,s-0.132772,s96.823196
104_49,s2.721799,s-0.742407,s221.385515
104_50,s1.054470,s-2.829308,s161.608726
104_51,s0.337883,s-3.100129,s191.320615
104_52,s2.473278,s1.939399,s7.964580
104_53,s2.658235,s-1.533333,s230.734868
104_54,s-0.788617,s2.863446,s352.072969
104_55,s-2.866704,s0.162039,s155.119739
104_56,s0.717710,s2.932876,s30.359561
104_57,s1.334582,s2.633977,s350.655423
104_58,s-3.067404,s0.563718,s108.741594
104_59,s-3.139574,s1.075430,s17.206790
104_60,s2.893529,s1.505608,s343.781531
104_61,s1.958781,s2.676032,s357.586776
104_62,s2.970304,s-0.224055,s280.351668
104_63,s3.484255,s-0.604989,s285.469601
104_64,s-2.428995,s-1.760301,s138.217847
104_65,s2.301781,s-2.785318,s243.028768
104_66,s-2.494599,s2.185742,s76.462418
104_67,s1.084902,s3.311258,s17.587865
104_68,s-2.507696,s-2.462656,s198.971777
104_69,s-3.006332,s-1.725003,s37.522922
104_70,s-2.027358,s2.781444,s47.145755
104_71,s3.055269,s0.836542,s242.415009
104_72,s2.377132,s3.042222,s312.844300
104_73,s-1.490347,s3.018203,s302.184772
104_74,s-1.774009,s-2.860761,s149.214849
104_75,s-3.695515,s1.025912,s89.010434
104_76,s-0.973391,s-3.480024,s64.171236
104_77,s3.368010,s-2.082376,s166.613649
104_78,s-2.641052,s2.816656,s75.267911
104_79,s-3.217167,s-2.173751,s113.539593
104_80,s2.909235,s2.386903,s359.718972
104_81,s3.578634,s-1.159334,s195.032101
104_82,s1.760887,s-2.868510,s192.875661
104_83,s3.367630,s1.887527,s253.526470
104_84,s-3.785162,s-1.466360,s4.437874
104_85,s-0.731997,s-3.791049,s139.343909
104_86,s-2.558170,s-3.215136,s121.863974
104_87,s1.258496,s-3.387180,s241.491271
104_88,s-1.622948,s3.557925,s72.749936
104_89,s-1.608346,s-3.510211,s110.090522
104_90,s1.476098,s3.674475,s273.279131
104_91,s-3.681223,s2.038049,s267.483728
104_92,s-2.822201,s3.284665,s21.198351
104_93,s3.904888,s2.092237,s342.726050
104_94,s1.319679,s-3.995111,s120.772728
104_95,s-4.044491,s-1.747243,s116.651388
104_96,s-3.882240,s0.471578,s106.930220
104_97,s2.335205,s-3.259097,s196.743731
104_98,s3.934821,s-0.995231,s260.696863
104_99,s-2.931514,s-2.588432,s155.303529
104_100,s3.290092,s3.038818,s345.265449
104_101,s-4.055945,s2.178010,s98.970119
104_102,s-0.672750,s3.852227,s334.979958
104_103,s4.092970,s0.353625,s343.652350
105_0,s0.023170,s0.102250,s55.274741
105_1,s-0.094050,s-0.365760,s229.663846
105_2,s0.418846,s0.411583,s304.484261
105_3,s-0.724451,s-0.705558,s255.783785
105_4,s0.486218,s-0.375082,s326.235079
105_5,s-0.697897,s0.666345,s84.084048
105_6,s0.304101,s-1.176343,s233.483066
105_7,s-0.452722,s1.086813,s244.010010
105_8,s1.054397,s-0.262898,s266.537351
105_9,s-0.983177,s0.256833,s193.653227
105_10,s-0.706160,s-1.304846,s77.160478
105_11,s1.417808,s0.776488,s159.284193
105_12,s-1.326441,s-0.121110,s119.149247
105_13,s-0.967420,s1.157806,s12.792435
105_14,s0.560048,s1.284086,s89.322337
105_15,s0.721365,s-0.836152,s281.423068
105_16,s1.733400,s0.335686,s196.889329
105_17,s-1.682067,s0.629425,s139.920150
105_18,s-1.595456,s-0.675072,s159.526821
105_19,s0.143916,s-1.847684,s281.676982
105_20,s0.881428,s1.173218,s302.494003
105_21,s-0.085013,s-1.417376,s113.138254
105_22,s1.793849,s0.985788,s262.760083
105_23,s1.717326,s-0.747677,s185.543605
105_24,s2.193659,s-0.543316,s303.141338
105_25,s1.296837,s-1.752704,s163.462012
105_26,s-0.152209,s1.556358,s17.481793
105_27,s-1.660224,s1.118092,s46.961057
105_28,s-1.012769,s-1.846190,s119.941172
105_29,s0.450253,s1.781036,s324.727423
105_30,s-0.476942,s-2.231235,s162.340200
105_31,s1.142994,s1.833738,s259.533172
105_32,s-0.926711,s2.195847,s218.288977
105_33,s-1.576944,s-1.537485,s162.074613
105_34,s2.039640,s1.422164,s337.941702
105_35,s0.364068,s-2.303168,s170.315084
105_36,s-2.262409,s-1.194482,s345.015087
105_37,s-2.489355,s0.169760,s328.571296
105_38,s2.415109,s-1.140465,s271.974713
105_39,s-2.897795,s-0.353744,s261.037693
105_40,s-1.491239,s1.713913,s75.049826
105_41,s1.669584,s-2.326273,s349.198165
105_42,s1.226474,s2.433660,s340.922473
105_43,s-0.629183,s2.635452,s340.841198
105_44,s-2.641052,s1.246993,s337.558917
105_45,s-1.685422,s2.323950,s80.701997
105_46,s2.486502,s0.610620,s210.054979
105_47,s1.074565,s-2.641351,s242.696554
105_48,s-2.064503,s-1.674464,s133.878629
105_49,s-1.793884,s-2.567346,s241.842441
105_50,s2.435871,s-2.350124,s113.596503
105_51,s-1.359252,s2.541995,s312.493642
105_52,s0.992284,s2.957646,s88.171067
105_53,s-2.835637,s-0.954940,s185.897390
105_54,s-2.680921,s0.663055,s27.431398
105_55,s3.107231,s1.421194,s139.610880
105_56,s-2.214431,s-2.426004,s106.218650
105_57,s2.245629,s-1.872813,s314.491573
105_58,s2.537858,s1.729984,s296.384206
105_59,s2.247674,s2.317188,s72.067062
105_60,s-0.745663,s-3.200133,s176.859435
105_61,s0.315393,s3.252059,s25.974215
105_62,s-1.878329,s2.756059,s25.750435
105_63,s3.213122,s0.158134,s4.146809
105_64,s-1.019006,s3.223892,s352.264912
105_65,s3.378948,s-1.315829,s301.980094
105_66,s0.779078,s-3.003113,s193.452638
105_67,s-3.325679,s-0.643702,s170.967634
105_68,s-2.822936,s1.775808,s27.183129
105_69,s-3.300507,s0.414881,s30.778851
105_70,s-3.054274,s-1.887023,s56.870216
105_71,s1.188204,s3.402676,s293.235894
105_72,s1.978091,s-3.032686,s295.662257
105_73,s2.936232,s-1.588633,s231.820685
105_74,s2.831447,s2.247443,s39.736024
105_75,s3.713733,s1.199259,s3.600839
105_76,s1.709404,s3.191966,s261.947937
105_77,s-2.756175,s2.477238,s2.625471
105_78,s-2.390094,s-3.107324,s281.851260
105_79,s0.687063,s3.854410,s338.822594
105_80,s2.889091,s-2.083175,s195.690933
105_81,s1.747351,s-3.733907,s300.693675
105_82,s-1.669151,s-3.251686,s247.444246
105_83,s0.611246,s-3.844246,s249.344575
105_84,s-3.499655,s-2.145436,s95.615348
105_85,s-3.911294,s0.844339,s146.818591
105_86,s2.733813,s-2.992518,s191.340319
105_87,s-2.795135,s-3.070722,s38.016803
105_88,s2.257729,s3.418387,s306.993409
105_89,s3.804555,s-1.535957,s265.293711
105_90,s-0.852651,s4.070884,s40.647432
105_91,s4.082039,s-0.740649,s26.890812
105_92,s3.673358,s0.769776,s182.629396
105_93,s-0.248538,s-3.400951,s206.120269
105_94,s-3.892313,s-1.613181,s126.829049
105_95,s-1.589098,s-3.782463,s216.957520
105_96,s3.399737,s2.248062,s307.453165
105_97,s-3.812731,s-0.397529,s125.804925
105_98,s-3.284165,s1.348308,s75.521067
105_99,s-1.553677,s3.967529,s131.896580
105_100,s3.376171,s-2.562617,s265.055453
105_101,s2.795777,s2.833891,s337.264544
105_102,s-3.613542,s1.784886,s9.543302
105_103,s1.954877,s4.021816,s294.514199
105_104,s-0.318533,s-4.342680,s22.653503
106_0,s0.000000,s0.000000,s226.238813
106_1,s-0.212699,s0.396559,s13.038355
106_2,s-0.443658,s0.075285,s121.771234
106_3,s-0.267979,s-0.592188,s89.532321
106_4,s0.535036,s0.369102,s55.410031
106_5,s0.699084,s-0.035793,s232.776860
106_6,s0.357983,s-0.715436,s123.077965
106_7,s-0.769291,s0.714626,s333.411026
106_8,s0.659218,s-1.062041,s296.698617
106_9,s0.923817,s0.499061,s229.268035
106_10,s-0.813465,s-0.882198,s135.463385
106_11,s-0.552328,s-1.286442,s257.255987
106_12,s-1.045913,s0.092552,s55.290489
106_13,s0.262352,s1.068256,s45.159345
106_14,s-1.309271,s-0.329106,s121.261671
106_15,s0.949629,s1.161122,s220.752619
106_16,s0.651795,s-1.731376,s27.899056
106_17,s-0.846230,s1.298613,s35.202231
106_18,s1.688273,s-0.624286,s185.700715
106_19,s0.203071,s1.788508,s241.774480
106_20,s1.655191,s0.707348,s246.871091
106_21,s-0.766027,s-1.628865,s170.775349
106_22,s0.976594,s1.687828,s289.533066
106_23,s-1.262946,s0.809301,s20.066785
106_24,s1.443504,s1.235433,s288.846948
106_25,s-1.895529,s0.637940,s20.943893
106_26,s-0.817056,s1.880138,s311.798857
106_27,s1.277621,s-1.406302,s148.305836
106_28,s-1.591271,s-1.590709,s0.352316
106_29,s-2.297219,s0.113064,s224.247548
106_30,s2.191006,s0.849701,s295.715723
106_31,s-1.426235,s2.113848,s8.179006
106_32,s0.423538,s-2.005771,s131.457585
106_33,s1.285673,s-2.026585,s199.293246
106_34,s2.069591,s-1.311219,s307.343801
106_35,s-2.295255,s-0.504288,s91.053327
106_36,s-1.185411,s-1.853322,s138.222152
106_37,s-1.777613,s1.612481,s56.969275
106_38,s0.871945,s2.182249,s39.191716
106_39,s2.664161,s0.438460,s320.077829
106_40,s2.007735,s1.805270,s323.216496
106_41,s-2.201088,s-1.185417,s50.361098
106_42,s1.815138,s-1.861525,s223.972348
106_43,s-1.917202,s-1.829437,s177.708697
106_44,s-0.865977,s2.398454,s335.140486
106_45,s-1.091068,s-2.524296,s149.978606
106_46,s1.292705,s2.255862,s309.321175
106_47,s-2.439529,s1.473498,s133.428391
106_48,s-2.768234,s0.420570,s184.156979
106_49,s-0.192951,s-2.642966,s114.555520
106_50,s0.926423,s-2.536088,s79.785423
106_51,s2.629163,s-1.337909,s226.182995
106_52,s-2.576567,s-1.436594,s167.662166
106_53,s2.500073,s1.469570,s245.835773
106_54,s1.049285,s-3.023078,s273.422400
106_55,s-0.945005,s3.004907,s66.508510
106_56,s-2.268946,s2.396223,s77.052552
106_57,s2.492426,s-0.194458,s142.002108
106_58,s-0.267291,s-3.138639,s179.453646
106_59,s-2.855679,s-1.071261,s117.922167
106_60,s1.806206,s-2.519448,s228.123287
106_61,s-0.305741,s2.984380,s327.781767
106_62,s-1.774772,s2.841247,s71.816108
106_63,s2.518159,s-1.974556,s272.392493
106_64,s-2.893010,s1.689080,s52.677360
106_65,s2.779660,s-0.629278,s262.252156
106_66,s2.293400,s2.774944,s62.016931
106_67,s-1.987268,s-3.001794,s231.660670
106_68,s-0.660075,s-3.437194,s137.505366
106_69,s-3.227295,s0.383489,s43.536183
106_70,s-2.731694,s-2.495565,s316.887880
106_71,s3.650443,s1.055587,s53.970179
106_72,s0.895756,s2.863149,s21.075638
106_73,s2.786050,s2.358056,s340.820358
106_74,s3.274275,s-1.496371,s335.092808
106_75,s-3.554792,s1.342927,s133.314770
106_76,s-3.128623,s-1.780932,s154.005303
106_77,s1.341797,s-3.448127,s169.326606
106_78,s-3.379609,s-0.910078,s82.471073
106_79,s2.906869,s1.763551,s317.392568
106_80,s-0.566582,s3.403158,s68.144193
106_81,s1.296837,s3.250879,s343.887266
106_82,s2.826558,s-2.387586,s202.127101
106_83,s-1.448108,s-3.835751,s99.551934
106_84,s1.953655,s3.375386,s307.581240
106_85,s0.314026,s-3.435679,s133.599018
106_86,s1.807697,s-3.624187,s284.853255
106_87,s-2.605124,s-3.165964,s330.276785
106_88,s2.596839,s-3.042438,s240.267022
106_89,s3.746964,s-0.150871,s178.597465
106_90,s-3.726427,s-0.419809,s305.816447
106_91,s-2.709806,s2.942269,s97.254259
106_92,s-1.529649,s3.641795,s25.246474
106_93,s0.403085,s3.778561,s175.654846
106_94,s4.122904,s0.801037,s111.317640
106_95,s-2.315419,s-3.563893,s171.785329
106_96,s3.437177,s-2.235132,s162.994839
106_97,s-3.659063,s2.258596,s130.131296
106_98,s3.669118,s1.714664,s13.327574
106_99,s2.554960,s3.270272,s302.806384
106_100,s-1.141376,s4.145752,s67.369606
106_101,s3.806207,s-1.383938,s272.357681
106_102,s1.729526,s-4.154364,s274.054119
106_103,s-3.786138,s-1.699311,s52.414498
106_104,s3.352390,s2.612275,s321.822525
106_105,s-3.889919,s-2.262417,s67.241326
107_0,s0.200250,s-0.075273,s226.859453
107_1,s-0.062654,s0.276288,s71.076478
107_2,s0.448326,s0.405272,s36.844645
107_3,s-0.621605,s-0.430507,s0.749342
107_4,s-0.117417,s-0.677476,s260.304606
107_5,s0.203088,s1.161434,s308.067634
107_6,s-1.037013,s0.145679,s77.077403
107_7,s-0.859909,s0.677562,s341.137957
107_8,s0.873163,s0.146457,s175.126633
107_9,s1.336892,s0.374140,s16.269289
107_10,s-1.080227,s-0.543886,s62.009011
107_11,s-0.740654,s-0.797618,s196.052251
107_12,s0.792444,s-0.997836,s240.619125
107_13,s1.196282,s-0.557855,s241.451794
107_14,s0.687594,s-1.502325,s181.944575
107_15,s-0.882460,s1.601005,s110.447551
107_16,s-0.163000,s-1.764089,s351.210780
107_17,s0.093308,s1.645532,s346.980082
107_18,s-1.071029,s-1.340234,s50.155458
107_19,s-0.348419,s1.708638,s47.078466
107_20,s1.940141,s-0.512643,s191.891617
107_21,s1.138229,s1.373484,s8.412384
107_22,s-1.876605,s-0.414164,s87.125894
107_23,s-2.263540,s0.941166,s288.789375
107_24,s1.539449,s1.723500,s298.279457
107_25,s-0.381446,s-2.320306,s303.321724
107_26,s1.809557,s0.290005,s204.965056
107_27,s1.756466,s0.718072,s348.194485
107_28,s1.615140,s-1.571537,s208.856603
107_29,s0.561109,s2.082734,s293.777159
107_30,s-1.762300,s-1.941951,s339.900292
107_31,s2.493876,s-0.637611,s207.329178
107_32,s-0.698810,s2.403407,s319.909430
107_33,s-0.709000,s-2.125679,s53.962711
107_34,s-1.958205,s0.241327,s49.589671
107_35,s1.325979,s-2.285673,s19.992463
107_36,s-2.492176,s1.464073,s26.481709
107_37,s-1.501380,s1.819874,s93.035218
107_38,s2.228555,s0.888301,s282.091809
107_39,s0.889265,s-2.521971,s75.563720
107_40,s-1.135305,s2.626984,s46.887850
107_41,s-2.738672,s0.704544,s62.753367
107_42,s-2.264544,s-0.855398,s242.395594
107_43,s2.096663,s-1.424230,s226.022278
107_44,s1.673424,s-2.412003,s202.432119
107_45,s2.591202,s0.355564,s307.219441
107_46,s-1.644484,s-2.465498,s115.182486
107_47,s-2.699900,s-0.995447,s44.012732
107_48,s2.177944,s1.689339,s228.112359
107_49,s-1.955876,s2.365677,s260.462793
107_50,s-0.423690,s-2.744746,s256.584473
107_51,s-0.819576,s-2.803730,s69.157377
107_52,s2.334366,s2.124029,s344.191340
107_53,s-0.892338,s3.160266,s38.194364
107_54,s-2.423796,s-1.514038,s121.507804
107_55,s0.851098,s2.631302,s56.212990
107_56,s1.231400,s2.914146,s231.697810
107_57,s1.165316,s-2.874745,s208.378815
107_58,s2.783564,s1.994697,s190.650880
107_59,s1.838188,s2.892094,s307.109795
107_60,s-3.024142,s-1.376221,s78.200554
107_61,s-2.286608,s2.749704,s147.152064
107_62,s3.264078,s-1.233951,s127.701984
107_63,s-2.730859,s-2.230055,s89.322438
107_64,s-3.438837,s-0.591197,s86.063118
107_65,s2.196086,s-2.366337,s258.501496
107_66,s-3.109806,s1.252960,s354.979011
107_67,s-3.304653,s-1.803388,s138.535844
107_68,s3.573125,s0.840485,s143.646441
107_69,s2.733309,s-2.065759,s288.950119
107_70,s-0.693013,s-3.451439,s61.688250
107_71,s0.632615,s3.230173,s296.931442
107_72,s0.888924,s-3.477994,s47.840541
107_73,s-3.220179,s2.136388,s20.460619
107_74,s-1.957125,s-2.988175,s207.966097
107_75,s-2.637243,s-2.828548,s181.644980
107_76,s3.572770,s-0.822363,s252.757012
107_77,s-3.328774,s0.276653,s267.918245
107_78,s-3.672684,s1.342225,s97.850687
107_79,s-2.070106,s3.124545,s317.800289
107_80,s-3.824157,s0.340590,s98.850705
107_81,s3.257490,s1.364970,s300.263060
107_82,s-2.943697,s2.657980,s349.967664
107_83,s0.719254,s3.717926,s326.885718
107_84,s1.797187,s3.410501,s355.725604
107_85,s2.312556,s-3.043153,s298.643617
107_86,s2.906642,s2.546684,s9.722226
107_87,s3.994339,s0.696331,s342.959964
107_88,s3.289383,s-2.483008,s162.329182
107_89,s2.219676,s-3.324643,s119.353018
107_90,s-1.021244,s-3.829241,s163.411252
107_91,s0.848048,s-3.936152,s276.271745
107_92,s-0.109985,s-3.534546,s176.435831
107_93,s-3.743540,s1.899163,s50.619341
107_94,s2.974999,s-0.285205,s87.854561
107_95,s-3.800325,s-1.680427,s63.634498
107_96,s0.263515,s-3.861812,s205.451856
107_97,s-3.301667,s-2.863257,s224.133798
107_98,s-1.624521,s3.877502,s55.048333
107_99,s3.597384,s-1.402898,s245.664742
107_100,s4.050680,s1.950221,s329.958285
107_101,s4.055844,s-0.559172,s330.601064
107_102,s-3.990781,s-2.235239,s117.626655
107_103,s-3.947081,s-1.035560,s78.145185
107_104,s2.419077,s3.868203,s222.966251
107_105,s-0.410053,s3.603427,s25.500524
107_106,s1.832515,s-4.076436,s158.564194
108_0,s0.713864,s-0.085377,s59.855271
108_1,s-0.121095,s0.827340,s333.013810
108_2,s-1.273168,s0.122641,s331.306238
108_3,s-0.155746,s0.190472,s90.049037
108_4,s-0.782120,s-0.133187,s162.918491
108_5,s-0.900972,s-1.069663,s227.096314
108_6,s0.075814,s-1.365830,s276.836771
108_7,s0.578611,s-0.614671,s207.324737
108_8,s1.189071,s-0.362776,s162.583494
108_9,s1.578087,s-0.078594,s40.598033
108_10,s1.120015,s0.777347,s132.500162
108_11,s0.761811,s1.314590,s133.975643
108_12,s0.539082,s1.657202,s68.808484
108_13,s-1.112694,s1.880388,s275.285711
108_14,s-0.685188,s0.875149,s3.421255
108_15,s-1.225879,s1.165627,s122.400746
108_16,s-1.904010,s0.008137,s337.725250
108_17,s-1.700371,s-0.304029,s234.405768
108_18,s-1.348172,s-1.259360,s44.393477
108_19,s-0.592464,s-1.887573,s87.434185
108_20,s-0.070614,s-1.739057,s156.104198
108_21,s0.348125,s-1.816319,s214.875019
108_22,s1.026366,s-2.084199,s356.528993
108_23,s1.644061,s-1.564054,s56.624533
108_24,s1.925798,s-0.724245,s119.317844
108_25,s1.993705,s-0.142812,s261.749994
108_26,s1.968855,s0.605830,s216.426366
108_27,s1.557923,s0.916835,s278.650841
108_28,s1.479316,s1.693010,s165.468429
108_29,s0.642305,s2.274679,s229.751716
108_30,s0.014210,s2.374253,s293.807641
108_31,s-0.524155,s2.243587,s327.888453
108_32,s-1.558694,s1.635066,s357.993804
108_33,s-2.321806,s1.437981,s264.855759
108_34,s-2.119230,s0.795993,s66.002159
108_35,s-2.820810,s0.611138,s243.774354
108_36,s-2.834401,s-0.239923,s307.955759
108_37,s-2.599264,s-0.830120,s286.415678
108_38,s-2.560442,s-1.496606,s252.864202
108_39,s-1.620266,s-2.122175,s7.725124
108_40,s-0.879111,s-2.603800,s29.719622
108_41,s-0.515413,s-2.762581,s259.270126
108_42,s0.525129,s-2.579707,s168.125853
108_43,s1.197448,s-2.529150,s144.229375
108_44,s1.637328,s-1.954539,s169.363996
108_45,s2.079447,s-1.658399,s248.942512
108_46,s2.468912,s-1.307548,s4.324594
108_47,s2.731112,s-0.634657,s295.976824
108_48,s2.893540,s-0.134519,s349.095863
108_49,s2.601708,s0.645151,s346.454602
108_50,s3.040172,s1.813421,s131.819766
108_51,s2.116093,s1.766476,s203.159415
108_52,s1.721228,s2.700781,s200.144473
108_53,s1.234370,s2.564692,s58.558641
108_54,s0.266508,s2.887364,s345.502127
108_55,s-0.316993,s3.060839,s4.083274
108_56,s-1.200591,s2.922991,s304.104149
108_57,s-1.701500,s2.695209,s11.587490
108_58,s-1.850634,s2.289601,s104.415586
108_59,s-2.932998,s2.078999,s198.451364
108_60,s-3.069781,s0.939695,s357.317481
108_61,s-3.468972,s-0.036836,s332.267998
108_62,s-2.966160,s-0.855086,s37.510155
108_63,s-3.585982,s-1.541077,s309.988540
108_64,s-2.691633,s-1.966281,s80.974910
108_65,s-2.344481,s-2.240137,s200.597048
108_66,s-1.771358,s-3.104763,s347.250698
108_67,s-1.334150,s-3.288129,s305.900301
108_68,s-0.736642,s-3.518624,s313.934538
108_69,s0.017782,s-3.780846,s10.055990
108_70,s0.465316,s-3.581449,s265.535515
108_71,s1.160839,s-3.325786,s310.002121
108_72,s2.090628,s-2.978100,s342.911698
108_73,s3.074762,s-2.369487,s116.849517
108_74,s3.034031,s-1.882374,s294.408621
108_75,s3.308529,s-1.223520,s293.725712
108_76,s3.903683,s-0.203876,s159.160605
108_77,s3.334466,s0.112483,s306.565712
108_78,s3.930826,s0.939072,s101.285530
108_79,s3.528093,s1.593108,s158.013232
108_80,s2.834326,s2.279719,s330.872791
108_81,s2.402353,s2.701572,s150.482731
108_82,s2.046233,s3.288228,s120.230956
108_83,s1.457410,s3.607034,s154.319346
108_84,s0.767966,s3.690149,s1.874659
108_85,s-0.276921,s4.152430,s241.610374
108_86,s-0.985578,s4.229228,s215.916714
108_87,s-1.035548,s3.639948,s102.959657
108_88,s-2.101297,s3.425445,s105.082286
108_89,s-2.735289,s2.403507,s339.899909
108_90,s-3.370508,s2.789567,s188.991467
108_91,s-3.977363,s1.647153,s302.838757
108_92,s-3.723754,s1.115084,s205.644799
108_93,s-4.173367,s0.667942,s209.463508
108_94,s-3.878823,s-0.442736,s21.093678
108_95,s-4.064744,s-0.967825,s296.589175
108_96,s-4.059867,s-1.458980,s168.360281
108_97,s-3.311940,s-2.373335,s76.430205
108_98,s-2.638927,s-2.931444,s33.301439
108_99,s-2.779367,s-3.489122,s302.871831
108_100,s-1.540470,s-3.779240,s45.170495
108_101,s-1.061392,s-3.902922,s185.399168
108_102,s-0.429617,s-4.050477,s143.376060
108_103,s0.268749,s-4.274932,s123.647982
108_104,s1.115032,s-3.989621,s129.181009
108_105,s1.580219,s-4.083653,s5.932886
108_106,s2.360666,s-3.367346,s129.901311
108_107,s2.814778,s-2.998877,s254.440196
109_0,s-0.013594,s0.069815,s238.646534
109_1,s-0.451637,s0.120576,s98.721116
109_2,s-0.288372,s-0.459079,s169.592296
109_3,s0.315440,s-0.651942,s168.244831
109_4,s0.170676,s0.812755,s133.480280
109_5,s0.530400,s0.355967,s240.057045
109_6,s-0.385128,s0.758158,s60.765839
109_7,s-0.827272,s-0.449049,s105.309322
109_8,s-0.775856,s-1.038684,s110.714963
109_9,s0.943222,s-0.407268,s190.840817
109_10,s0.616309,s0.942190,s242.120214
109_11,s-0.763342,s1.450818,s96.883678
109_12,s0.296534,s1.207176,s63.156608
109_13,s-1.259305,s0.236224,s30.527430
109_14,s0.724065,s-1.172510,s149.429840
109_15,s0.619841,s1.496900,s318.957267
109_16,s-0.999682,s-1.594176,s238.454083
109_17,s1.359037,s0.872626,s355.277939
109_18,s1.368697,s-0.228909,s244.700196
109_19,s-1.723907,s-0.476734,s115.572609
109_20,s1.481416,s-1.295501,s4.887936
109_21,s-0.456369,s1.786221,s29.720817
109_22,s-1.641190,s-1.313994,s170.369947
109_23,s-1.597704,s1.252504,s70.002101
109_24,s2.230763,s0.466432,s123.832128
109_25,s0.168061,s1.974384,s317.582864
109_26,s-2.053685,s0.838472,s49.388387
109_27,s1.278898,s-1.563412,s192.455944
109_28,s0.464928,s-2.021286,s233.638740
109_29,s2.018733,s-0.887841,s173.259423
109_30,s1.723575,s1.445094,s250.213681
109_31,s-1.556971,s1.970992,s105.054438
109_32,s1.474723,s1.924631,s328.025882
109_33,s0.944488,s2.403146,s280.800592
109_34,s-1.153262,s-2.041052,s123.739490
109_35,s-0.513347,s-2.375774,s264.842734
109_36,s-2.210014,s-1.846753,s353.851387
109_37,s2.497591,s-0.899017,s235.411393
109_38,s2.532424,s1.591007,s59.567792
109_39,s-1.404185,s-2.612571,s174.079462
109_40,s-2.527972,s0.507925,s231.639543
109_41,s-0.905505,s2.580489,s71.895102
109_42,s1.962280,s-1.962665,s295.701667
109_43,s-2.807697,s-0.633363,s223.440831
109_44,s-2.310783,s2.073086,s356.652145
109_45,s-2.706809,s-1.359894,s79.094195
109_46,s-2.158937,s-2.368158,s52.167769
109_47,s2.747980,s0.305962,s184.266427
109_48,s1.436370,s-2.780293,s326.523242
109_49,s-0.951925,s-2.902555,s271.042269
109_50,s-2.798375,s0.995431,s120.785602
109_51,s2.947684,s0.776251,s35.115894
109_52,s-0.771707,s3.140519,s1.615304
109_53,s2.169719,s2.216307,s315.657545
109_54,s2.912703,s2.100100,s176.318969
109_55,s-2.650938,s1.804652,s46.760052
109_56,s1.634124,s2.831337,s289.803682
109_57,s0.450922,s2.833482,s97.656852
109_58,s0.371003,s-2.651925,s268.859322
109_59,s3.066113,s-0.686637,s203.819731
109_60,s2.052638,s-2.483036,s213.259695
109_61,s-1.096213,s-3.712733,s9.260336
109_62,s1.233038,s-3.292620,s82.119116
109_63,s3.022992,s-1.732964,s295.653981
109_64,s3.155448,s1.348524,s276.835558
109_65,s0.824194,s2.959387,s331.901544
109_66,s-1.425357,s3.076284,s329.797384
109_67,s-1.851569,s3.182491,s168.071787
109_68,s-3.192557,s-0.247176,s181.624727
109_69,s-2.923645,s-1.970846,s36.743785
109_70,s-1.942576,s-3.236625,s18.419871
109_71,s-0.223993,s3.724895,s206.781736
109_72,s3.694871,s-0.230925,s104.280131
109_73,s1.687515,s3.325646,s336.144664
109_74,s-2.410807,s-2.867787,s109.067185
109_75,s-3.244428,s1.320349,s46.908157
109_76,s-2.585299,s3.012468,s172.306606
109_77,s2.559389,s-2.430191,s258.879305
109_78,s3.476345,s1.909444,s252.610414
109_79,s1.623296,s-3.360514,s191.900113
109_80,s-1.870138,s-3.642686,s159.138706
109_81,s0.895765,s-3.805644,s253.365254
109_82,s0.464790,s3.436575,s17.525719
109_83,s-0.639903,s4.100469,s329.955128
109_84,s3.802400,s0.534112,s121.704480
109_85,s3.796091,s-1.244137,s269.436825
109_86,s3.117699,s2.483985,s334.317930
109_87,s-3.590309,s-1.937345,s219.989618
109_88,s2.706103,s-3.280076,s177.679766
109_89,s-0.168192,s-3.448728,s118.165657
109_90,s-1.262816,s3.863575,s43.707243
109_91,s3.407972,s-2.129078,s188.255435
109_92,s2.300892,s3.543304,s215.157328
109_93,s4.047808,s-0.368434,s267.582640
109_94,s-3.951477,s-1.581140,s175.871206
109_95,s-3.236305,s-2.729670,s146.390029
109_96,s-4.027322,s1.924382,s345.881205
109_97,s0.902742,s3.906398,s309.077394
109_98,s-1.923694,s3.654331,s65.666761
109_99,s-3.703473,s-0.024140,s287.540177
109_100,s3.654273,s2.407098,s288.044775
109_101,s-2.976204,s3.302452,s91.612117
109_102,s4.103590,s-1.720271,s251.423774
109_103,s-3.572585,s0.815087,s99.633314
109_104,s-4.089669,s0.315937,s59.023678
109_105,s4.320490,s2.165078,s192.662314
109_106,s-1.038765,s-4.108002,s232.971680
109_107,s-3.776459,s-0.539103,s194.832649
109_108,s1.153483,s4.670771,s259.147836
110_0,s-0.004052,s-0.033478,s356.764271
110_1,s-0.551854,s-0.279585,s0.444179
110_2,s0.219440,s-0.490516,s314.367924
110_3,s-0.136095,s-0.964268,s58.922395
110_4,s0.618863,s0.278448,s47.186969
110_5,s-0.388690,s0.596668,s9.504653
110_6,s-1.067897,s-0.148825,s38.373296
110_7,s0.365562,s-0.856304,s210.903346
110_8,s-0.264736,s1.400919,s263.332087
110_9,s0.810584,s-0.340345,s258.475124
110_10,s-1.020704,s0.499854,s330.491359
110_11,s-1.015035,s-0.581660,s122.437798
110_12,s0.128348,s-1.273573,s147.314406
110_13,s1.039168,s0.782923,s41.483701
110_14,s-0.847697,s1.510784,s330.552915
110_15,s-0.620152,s-1.159869,s83.126780
110_16,s1.197896,s-0.832601,s149.040920
110_17,s-1.418578,s0.745389,s114.792511
110_18,s1.536660,s0.495581,s151.406971
110_19,s1.456040,s1.160876,s295.233888
110_20,s0.368890,s1.718024,s288.401414
110_21,s-1.585101,s-0.387149,s88.754171
110_22,s-0.767245,s-1.579364,s211.939831
110_23,s-1.151856,s-1.520018,s102.394482
110_24,s1.904044,s0.640451,s328.110853
110_25,s1.710777,s-0.947085,s356.251115
110_26,s0.717784,s-1.917874,s316.327565
110_27,s-1.221772,s1.109883,s4.879636
110_28,s-1.938348,s0.965652,s41.898357
110_29,s-2.024851,s0.143416,s120.498740
110_30,s-0.364677,s2.407288,s343.638655
110_31,s1.450488,s-1.535678,s221.766411
110_32,s2.082445,s-1.150911,s267.536903
110_33,s1.412401,s2.127240,s312.456158
110_34,s-2.202089,s-0.949877,s247.910407
110_35,s-0.205651,s-2.297639,s178.427817
110_36,s0.434358,s-2.368984,s14.583086
110_37,s-2.057831,s-1.440108,s163.922958
110_38,s-0.817594,s-2.137487,s124.947959
110_39,s2.361711,s1.407489,s276.262092
110_40,s-1.714756,s1.492254,s24.562500
110_41,s2.519507,s0.705247,s182.994605
110_42,s0.292712,s-2.642702,s192.294532
110_43,s0.620151,s2.290900,s296.279125
110_44,s1.351673,s-2.133697,s189.895928
110_45,s-2.401587,s0.577926,s111.483201
110_46,s-2.534545,s-0.631771,s64.522573
110_47,s0.161237,s2.783803,s319.466521
110_48,s2.326469,s-0.443106,s54.331324
110_49,s-1.346321,s2.169235,s6.052337
110_50,s-2.565165,s-1.321370,s43.246281
110_51,s-0.637306,s-2.795751,s81.467393
110_52,s0.833150,s-2.517669,s220.593003
110_53,s2.347194,s-1.719871,s289.561751
110_54,s-1.499374,s-1.976519,s146.854578
110_55,s-2.636800,s1.269443,s159.505710
110_56,s2.802349,s-0.321412,s320.909939
110_57,s2.298313,s1.968956,s18.888306
110_58,s2.237981,s-2.107157,s144.319546
110_59,s-0.889770,s2.666460,s40.674941
110_60,s-2.539336,s-2.240286,s232.508093
110_61,s1.532624,s2.993333,s256.552006
110_62,s-1.592782,s-2.970691,s217.084529
110_63,s-2.292684,s2.353441,s189.841525
110_64,s-2.987296,s1.645602,s138.045066
110_65,s-2.860068,s2.209102,s83.011732
110_66,s2.850520,s-0.809897,s277.761891
110_67,s3.121237,s0.501913,s350.566906
110_68,s-1.796276,s2.664309,s30.773465
110_69,s-0.617456,s-3.299567,s145.657640
110_70,s-0.272475,s3.323295,s314.027066
110_71,s2.736098,s-2.509576,s101.736180
110_72,s1.537605,s-3.125023,s202.763012
110_73,s-2.911037,s-1.772015,s124.834239
110_74,s2.776774,s2.246578,s293.331074
110_75,s-3.264437,s-0.648348,s124.966102
110_76,s0.913945,s-3.261816,s217.340404
110_77,s-3.245116,s0.683644,s127.809959
110_78,s0.453660,s-3.744498,s74.594233
110_79,s-3.398437,s-0.072600,s76.820019
110_80,s-0.748938,s3.176262,s342.734618
110_81,s3.148685,s-1.683858,s223.598163
110_82,s-3.114396,s-1.290800,s85.659003
110_83,s0.930553,s3.391203,s351.141607
110_84,s3.903259,s0.516163,s46.673125
110_85,s3.370113,s-1.092109,s226.520810
110_86,s3.590083,s1.383038,s27.571610
110_87,s-2.509444,s2.746032,s339.196893
110_88,s-2.084935,s-2.888559,s120.700977
110_89,s2.061613,s-3.070905,s273.568031
110_90,s-1.305953,s-3.853247,s93.062516
110_91,s2.126918,s3.222872,s15.703960
110_92,s-2.509156,s3.510907,s32.885112
110_93,s-1.442036,s3.599327,s287.114251
110_94,s3.112009,s-2.352234,s234.675551
110_95,s-3.466756,s1.710994,s81.384953
110_96,s0.354083,s4.087155,s322.556223
110_97,s-3.819008,s1.058337,s151.804913
110_98,s-3.179899,s-2.739186,s209.387463
110_99,s2.434402,s2.920996,s241.551566
110_100,s-3.580792,s-1.632137,s154.223834
110_101,s2.208156,s-3.604542,s224.486959
110_102,s3.970433,s-1.228351,s264.644462
110_103,s-4.032142,s-0.465619,s43.051819
110_104,s3.140133,s-2.855949,s194.318369
110_105,s3.570301,s2.120573,s300.502238
110_106,s-3.197389,s2.800222,s104.481388
110_107,s-1.619066,s4.140246,s44.246019
110_108,s4.161117,s1.045730,s12.999961
110_109,s3.745258,s-0.428329,s34.077079
111_0,s-0.057727,s-0.005357,s135.245147
111_1,s0.298565,s0.136787,s344.477286
111_2,s0.445997,s-0.237550,s216.293690
111_3,s-0.247293,s0.696698,s287.715089
111_4,s-0.242504,s-0.773881,s134.133471
111_5,s-0.666838,s0.193143,s350.215092
111_6,s0.745450,s0.432650,s277.923874
111_7,s-0.905937,s-0.354601,s19.414502
111_8,s-1.411342,s0.174564,s111.896046
111_9,s0.351096,s-1.024474,s27.339035
111_10,s1.210351,s-0.596590,s195.595058
111_11,s-0.740510,s1.260842,s135.484256
111_12,s-0.136578,s1.318598,s56.938350
111_13,s0.895593,s0.908510,s306.129618
111_14,s0.752667,s1.404768,s46.372940
111_15,s-1.014726,s-1.280622,s31.728259
111_16,s-1.489765,s0.777760,s116.535446
111_17,s-0.037872,s-1.409508,s158.295524
111_18,s1.896095,s0.489058,s54.088545
111_19,s-0.818955,s-1.785336,s323.529699
111_20,s0.663972,s-1.587870,s116.113334
111_21,s1.073228,s-1.630166,s259.217110
111_22,s-1.660315,s-0.721067,s88.098144
111_23,s-1.357129,s1.409231,s316.102658
111_24,s1.695158,s-0.919535,s281.910946
111_25,s1.085448,s1.865314,s294.651487
111_26,s1.611806,s1.693588,s207.968858
111_27,s-1.641505,s-1.233548,s149.539113
111_28,s0.341436,s-2.177055,s234.830953
111_29,s-0.518247,s2.290478,s205.546969
111_30,s-2.221110,s0.871835,s350.485888
111_31,s1.579688,s-0.263873,s49.978095
111_32,s2.334333,s0.129606,s307.164866
111_33,s-2.315081,s-0.986849,s195.298623
111_34,s0.996647,s-2.240292,s291.787985
111_35,s0.648392,s2.151662,s51.716286
111_36,s-0.959210,s-2.145127,s221.646463
111_37,s-1.506899,s-1.788343,s198.564786
111_38,s-1.445754,s1.942218,s52.235174
111_39,s2.344123,s-1.446353,s100.368197
111_40,s-0.975415,s2.529981,s333.222353
111_41,s2.340095,s0.795461,s296.132146
111_42,s2.396622,s1.300192,s11.261245
111_43,s-2.623412,s1.156283,s36.592763
111_44,s2.602999,s-0.396198,s251.304798
111_45,s1.489174,s-2.685590,s339.639275
111_46,s-2.700793,s-1.484799,s187.404455
111_47,s-2.509853,s-0.310833,s166.198720
111_48,s0.242781,s-2.838482,s88.595413
111_49,s-1.160288,s-2.709814,s134.311722
111_50,s0.686894,s2.772626,s94.797548
111_51,s-1.745335,s-2.274190,s115.441288
111_52,s-1.396294,s2.827520,s79.300257
111_53,s2.908382,s-0.858334,s155.356124
111_54,s-2.972509,s-0.962678,s148.215653
111_55,s2.031476,s-2.255379,s311.284646
111_56,s-0.636485,s-3.040678,s125.988690
111_57,s-3.102169,s0.322120,s193.531621
111_58,s-2.106757,s2.530936,s81.289340
111_59,s2.830535,s-1.752573,s224.871636
111_60,s-2.961828,s-2.045363,s90.472548
111_61,s1.280319,s2.844695,s61.542125
111_62,s1.267387,s-3.100023,s76.504540
111_63,s2.357712,s2.224735,s359.303296
111_64,s3.075005,s0.663734,s350.747610
111_65,s1.872733,s2.653203,s30.551120
111_66,s-3.153104,s1.248731,s126.020467
111_67,s2.818745,s2.086631,s308.210018
111_68,s0.639032,s3.440804,s315.672560
111_69,s3.302180,s-1.053030,s303.937779
111_70,s-2.325846,s-2.826660,s229.401034
111_71,s-3.046090,s2.017751,s354.022908
111_72,s0.646888,s-3.329850,s113.759632
111_73,s1.641417,s-3.192457,s312.120249
111_74,s-0.897259,s3.652507,s156.587446
111_75,s-3.161524,s-0.501143,s107.615489
111_76,s2.164964,s3.236556,s33.623821
111_77,s2.499393,s-2.522290,s254.404658
111_78,s3.694602,s0.929932,s164.442244
111_79,s-1.967282,s3.352651,s297.828075
111_80,s3.289583,s1.659400,s347.541255
111_81,s-2.747302,s-2.705209,s59.694002
111_82,s-2.348416,s-3.410252,s114.978639
111_83,s2.716110,s2.827996,s316.148267
111_84,s-3.854186,s-1.156683,s27.450152
111_85,s3.438010,s-1.725897,s320.490039
111_86,s-3.383304,s1.666444,s73.385447
111_87,s-0.475013,s3.858705,s56.299262
111_88,s-3.605909,s0.482583,s122.594806
111_89,s2.171091,s-3.284402,s212.739216
111_90,s1.242649,s-3.579419,s246.319890
111_91,s-2.744801,s2.925680,s348.723407
111_92,s-1.556417,s-3.497769,s227.811224
111_93,s0.711271,s4.147184,s269.215926
111_94,s-3.356570,s2.501563,s98.995767
111_95,s-4.031499,s0.930565,s106.274904
111_96,s3.349975,s2.924795,s268.183223
111_97,s4.297880,s0.709967,s136.872981
111_98,s3.839856,s1.623537,s298.744458
111_99,s2.642904,s-3.029986,s234.194294
111_100,s-1.682991,s3.880135,s6.814951
111_101,s-3.934997,s-1.753738,s118.318263
111_102,s2.620890,s3.604146,s23.898111
111_103,s-1.891859,s-3.956476,s176.097901
111_104,s3.929109,s-2.156387,s124.312710
111_105,s4.280972,s-0.623043,s168.538591
111_106,s-0.863416,s-4.305558,s75.996754
111_107,s-3.208959,s-3.206964,s41.216735
111_108,s-3.546151,s3.018136,s9.705911
111_109,s3.791479,s-2.780961,s145.900987
111_110,s-2.215281,s3.973749,s74.069836
112_0,s-0.004765,s-0.011286,s297.236800
112_1,s-0.160682,s0.772212,s319.501702
112_2,s-0.570263,s0.596333,s79.581639
112_3,s-1.024686,s0.295951,s181.617044
112_4,s-0.353790,s-0.733934,s78.075525
112_5,s-0.459772,s-1.349671,s59.324650
112_6,s0.048226,s-0.952762,s183.843484
112_7,s1.306798,s-1.129484,s88.684285
112_8,s0.735816,s-0.682101,s316.201386
112_9,s1.536902,s0.196009,s113.607002
112_10,s1.199440,s0.634866,s21.542282
112_11,s0.530717,s0.886460,s332.532217
112_12,s0.556365,s1.668348,s107.769691
112_13,s-0.373271,s1.271566,s60.045606
112_14,s-1.013177,s1.069930,s24.143745
112_15,s-1.517224,s0.831028,s103.428362
112_16,s-1.798824,s0.221304,s238.780486
112_17,s-2.214718,s-0.662304,s318.835741
112_18,s-1.490520,s-0.447787,s183.137280
112_19,s-1.369823,s-1.455407,s235.618250
112_20,s-0.579289,s-1.843416,s223.530420
112_21,s0.558933,s-2.186656,s76.137760
112_22,s0.566514,s-1.538977,s264.131514
112_23,s1.800938,s-1.568363,s12.856737
112_24,s1.675919,s-0.382633,s197.067574
112_25,s2.397193,s0.251764,s124.572146
112_26,s1.805765,s0.879698,s180.178279
112_27,s1.959907,s1.346728,s99.476444
112_28,s1.629505,s1.911473,s120.207855
112_29,s1.102798,s2.043822,s71.372569
112_30,s0.136485,s2.026307,s359.947601
112_31,s-0.229422,s1.769921,s46.900966
112_32,s-1.014310,s2.453909,s134.792655
112_33,s-1.710734,s1.827643,s170.987953
112_34,s-2.675357,s0.816175,s294.912765
112_35,s-2.228148,s0.314894,s101.907103
112_36,s-2.785696,s-0.133487,s197.815936
112_37,s-2.540341,s-1.049484,s262.881668
112_38,s-1.894314,s-1.761354,s335.123796
112_39,s-1.926008,s-2.404324,s314.751181
112_40,s-1.368759,s-2.356015,s230.943290
112_41,s-0.336123,s-2.521979,s143.013295
112_42,s0.702545,s-2.762350,s84.735633
112_43,s0.981547,s-2.215352,s241.453618
112_44,s1.933673,s-1.962063,s163.872092
112_45,s2.518570,s-2.151921,s21.260852
112_46,s2.171656,s-1.079619,s255.608721
112_47,s2.738103,s-0.866181,s9.343987
112_48,s2.948828,s0.080232,s37.637034
112_49,s2.312815,s1.141316,s228.067749
112_50,s3.214334,s0.908575,s55.236453
112_51,s2.105243,s2.216714,s205.780012
112_52,s1.309844,s2.694017,s221.395472
112_53,s0.621241,s2.978613,s213.628751
112_54,s0.324002,s3.501204,s172.676729
112_55,s-0.519277,s2.771194,s335.261863
112_56,s-1.270700,s3.247439,s214.420839
112_57,s-1.601468,s2.338699,s50.885091
112_58,s-2.134332,s2.052503,s57.995357
112_59,s-2.619398,s1.576748,s47.112883
112_60,s-3.033502,s1.088799,s60.421691
112_61,s-3.166428,s0.542034,s181.120302
112_62,s-3.302899,s-0.652961,s3.083106
112_63,s-2.979011,s-0.996848,s114.901266
112_64,s-2.934534,s-1.957174,s343.435998
112_65,s-2.699107,s-2.447333,s309.756951
112_66,s-1.747427,s-2.939753,s57.460276
112_67,s-1.570729,s-3.215204,s254.430018
112_68,s-0.567171,s-3.311947,s172.915165
112_69,s-0.022359,s-3.585142,s1.446316
112_70,s0.583479,s-3.745321,s339.182908
112_71,s1.082139,s-2.947096,s243.688445
112_72,s2.137434,s-3.244928,s13.150606
112_73,s2.367289,s-2.662168,s290.760126
112_74,s2.985742,s-1.995230,s317.533977
112_75,s3.555583,s-1.256968,s35.709692
112_76,s3.155395,s-0.261051,s254.322787
112_77,s3.951940,s-0.016054,s62.056264
112_78,s3.738160,s1.100466,s160.087496
112_79,s3.337017,s1.557445,s280.457023
112_80,s2.903788,s2.132438,s188.688006
112_81,s2.793612,s2.693968,s104.884656
112_82,s1.734627,s3.215986,s200.831549
112_83,s1.288389,s3.430224,s304.533196
112_84,s0.712299,s3.683285,s28.361212
112_85,s-0.106070,s4.179805,s179.959837
112_86,s-0.707266,s3.702058,s164.258849
112_87,s-1.364396,s3.608826,s48.543804
112_88,s-2.308632,s3.236502,s262.963399
112_89,s-2.943810,s2.899640,s252.800571
112_90,s-3.325862,s2.471515,s247.710818
112_91,s-3.375052,s1.954332,s115.577131
112_92,s-3.864293,s0.824660,s14.392115
112_93,s-4.299505,s0.369132,s281.369798
112_94,s-3.943510,s-0.251744,s154.691212
112_95,s-3.802284,s-1.027206,s103.676824
112_96,s-3.603164,s-1.704580,s122.791013
112_97,s-3.257564,s-2.299374,s107.145818
112_98,s-2.842934,s-2.891729,s97.773988
112_99,s-2.245930,s-3.194438,s126.201168
112_100,s-1.892328,s-3.548955,s175.557296
112_101,s-1.615366,s-4.177789,s270.863028
112_102,s-0.001549,s-4.188734,s91.042766
112_103,s0.527344,s-4.658901,s24.732743
112_104,s1.213711,s-4.066746,s93.369513
112_105,s1.615128,s-4.054747,s335.278256
112_106,s2.867232,s-3.780950,s66.798311
112_107,s3.110570,s-3.087486,s104.468347
112_108,s3.755814,s-2.775761,s85.660579
112_109,s3.697164,s-1.726373,s190.825977
112_110,s4.423397,s-1.481954,s88.410912
112_111,s4.335466,s-0.860234,s11.323727
113_0,s0.074407,s0.090719,s195.101486
113_1,s-0.055198,s0.849374,s70.710068
113_2,s-0.555124,s0.645224,s121.254445
113_3,s-1.061189,s-0.132450,s277.884012
113_4,s-0.836736,s-0.683413,s82.560303
113_5,s-0.462208,s-1.120865,s302.879541
113_6,s0.259115,s-1.231363,s159.356497
113_7,s0.833716,s-1.095889,s40.976129
113_8,s1.269295,s-0.549816,s85.322921
113_9,s1.152998,s0.232737,s231.510022
113_10,s1.129202,s0.679794,s273.932265
113_11,s0.858188,s0.972678,s13.644519
113_12,s0.329417,s1.852776,s165.581851
113_13,s-0.702514,s1.519023,s290.338933
113_14,s-1.252011,s1.419044,s207.116207
113_15,s-1.504667,s0.401997,s356.773492
113_16,s-2.047595,s0.201946,s248.072969
113_17,s-1.810381,s-0.398563,s68.899138
113_18,s-1.302050,s-1.124065,s41.970533
113_19,s-1.296210,s-1.723563,s303.881440
113_20,s-0.262141,s-2.023301,s76.144043
113_21,s0.476037,s-1.993780,s115.047553
113_22,s1.272546,s-1.514661,s112.443654
113_23,s1.726207,s-1.660299,s9.430096
113_24,s1.722899,s-0.547351,s256.341409
113_25,s2.264923,s-0.286300,s10.115087
113_26,s2.268026,s0.868903,s137.600717
113_27,s1.913498,s1.177660,s92.293451
113_28,s1.327956,s1.488291,s346.867416
113_29,s0.849946,s1.840495,s351.760243
113_30,s-0.012241,s2.466569,s235.842953
113_31,s-0.758144,s2.277052,s246.742541
113_32,s-1.054286,s1.936917,s57.439879
113_33,s-1.611282,s1.557205,s56.376685
113_34,s-2.329684,s1.191482,s264.085547
113_35,s-2.215489,s0.719737,s143.218672
113_36,s-2.660602,s-0.650959,s9.028804
113_37,s-2.144087,s-0.832392,s108.312092
113_38,s-1.982724,s-1.450702,s76.442875
113_39,s-1.725936,s-2.120159,s355.737543
113_40,s-1.238291,s-2.166732,s223.963300
113_41,s-0.347138,s-2.538815,s148.413799
113_42,s0.171365,s-2.711257,s256.256123
113_43,s0.810877,s-2.402557,s265.526061
113_44,s1.983111,s-2.786297,s22.417386
113_45,s2.403318,s-1.718220,s114.176708
113_46,s2.811226,s-0.978608,s120.492733
113_47,s2.649501,s-0.570335,s304.977526
113_48,s2.800670,s0.107729,s295.156382
113_49,s2.921761,s0.928465,s140.635954
113_50,s2.278436,s1.472969,s248.408043
113_51,s2.358954,s2.088116,s119.678744
113_52,s2.011320,s2.475037,s89.483828
113_53,s1.151722,s2.843552,s99.824466
113_54,s0.004619,s3.410723,s204.039996
113_55,s-0.689111,s3.017153,s258.300255
113_56,s-1.048882,s2.833748,s125.720559
113_57,s-1.831181,s2.567563,s37.495401
113_58,s-2.471295,s2.236525,s261.780111
113_59,s-2.472487,s1.794683,s118.530349
113_60,s-2.913689,s0.817343,s329.431490
113_61,s-2.988354,s0.390834,s143.867894
113_62,s-3.496465,s-0.541789,s305.968001
113_63,s-3.546787,s-1.072822,s236.959964
113_64,s-2.757836,s-1.674074,s210.588292
113_65,s-2.470257,s-2.745466,s312.827795
113_66,s-1.857295,s-3.083019,s343.272740
113_67,s-1.294222,s-3.338278,s317.223332
113_68,s-0.835703,s-3.861544,s4.781874
113_69,s0.261498,s-3.425818,s94.724983
113_70,s1.003418,s-3.714911,s1.543901
113_71,s1.306824,s-2.783001,s177.181471
113_72,s1.615765,s-3.317631,s293.449488
113_73,s2.692063,s-2.197645,s152.591324
113_74,s3.041813,s-1.490496,s174.700737
113_75,s3.649405,s-1.348769,s55.038572
113_76,s3.592491,s-0.271052,s181.564779
113_77,s3.865019,s0.351508,s126.778187
113_78,s3.717561,s0.803619,s61.149348
113_79,s3.282136,s1.533729,s324.169402
113_80,s3.042411,s2.237485,s138.262353
113_81,s2.469904,s2.696548,s261.240714
113_82,s1.943266,s3.120118,s306.669047
113_83,s1.502996,s3.762151,s153.788680
113_84,s0.822651,s3.560758,s0.824572
113_85,s0.373552,s3.894638,s107.132082
113_86,s-1.076082,s3.607509,s265.243478
113_87,s-1.595066,s3.802730,s211.255409
113_88,s-2.079885,s3.334128,s3.257955
113_89,s-2.820140,s2.644820,s321.892054
113_90,s-3.278621,s2.489425,s226.579858
113_91,s-3.483706,s1.692305,s19.614628
113_92,s-3.973935,s1.105451,s256.424933
113_93,s-4.114016,s0.398371,s250.456010
113_94,s-4.045775,s-0.102602,s202.846317
113_95,s-4.007950,s-0.914294,s153.321316
113_96,s-3.724800,s-1.648415,s152.684162
113_97,s-3.186249,s-2.554503,s33.156085
113_98,s-2.822121,s-2.970782,s139.009265
113_99,s-2.548956,s-3.343915,s265.813963
113_100,s-1.682284,s-3.720550,s132.011182
113_101,s-1.172037,s-4.108248,s144.489042
113_102,s-0.309380,s-4.171005,s115.474408
113_103,s0.065248,s-4.142148,s301.499917
113_104,s0.621234,s-4.502707,s319.641902
113_105,s1.927854,s-4.066824,s70.900008
113_106,s2.570689,s-3.283518,s135.083153
113_107,s3.129523,s-3.359016,s40.792311
113_108,s3.135643,s-2.803919,s357.705401
113_109,s4.101242,s-2.362417,s88.383152
113_110,s3.972162,s-1.644466,s292.182640
113_111,s4.464456,s-0.540607,s194.323683
113_112,s4.395330,s0.467402,s183.175130
114_0,s-0.202249,s0.199613,s250.492256
114_1,s-0.353340,s-0.210152,s85.360117
114_2,s0.505725,s0.276873,s278.665384
114_3,s-0.664161,s0.326496,s311.977727
114_4,s0.601129,s-0.380769,s164.319506
114_5,s-0.630891,s-0.683444,s103.285445
114_6,s-0.567414,s0.945658,s74.937212
114_7,s1.039242,s0.698533,s4.493372
114_8,s-1.117623,s0.275187,s43.834076
114_9,s1.068689,s-1.194980,s310.833124
114_10,s-0.716944,s-1.396641,s54.758860
114_11,s-0.555080,s1.471166,s45.193324
114_12,s1.560305,s0.487113,s167.837611
114_13,s0.524351,s1.797153,s260.290339
114_14,s0.113292,s-1.505227,s288.654334
114_15,s-1.375344,s-0.544534,s19.466264
114_16,s-0.260839,s-1.114614,s353.465223
114_17,s0.042417,s-2.042054,s68.391345
114_18,s-0.201709,s1.306887,s318.805144
114_19,s-1.862769,s-0.551335,s116.443312
114_20,s0.998960,s-1.609415,s172.407729
114_21,s1.589928,s-0.392392,s231.101818
114_22,s-1.212315,s1.382556,s13.204683
114_23,s-1.791719,s0.485507,s130.475473
114_24,s1.674486,s1.024395,s219.408026
114_25,s-1.479132,s-1.184620,s126.162384
114_26,s1.516768,s-1.360504,s211.840428
114_27,s-0.664875,s2.180303,s264.904459
114_28,s-0.945830,s-1.930598,s194.287737
114_29,s0.410407,s-2.102196,s217.302791
114_30,s1.533498,s1.689646,s287.438484
114_31,s0.415720,s2.353150,s265.939354
114_32,s2.290572,s1.075065,s185.798811
114_33,s-2.081661,s0.960394,s7.950017
114_34,s-1.430547,s-1.885333,s75.964680
114_35,s1.579680,s-2.267004,s123.653069
114_36,s2.249450,s-1.514789,s281.646998
114_37,s-2.026108,s1.867902,s301.817470
114_38,s-1.512413,s-2.443156,s203.031569
114_39,s1.522444,s2.271078,s322.698671
114_40,s-2.377423,s-0.383969,s40.401089
114_41,s-2.761288,s0.760109,s20.029479
114_42,s-1.107911,s2.448554,s48.812257
114_43,s2.138721,s-2.061613,s259.882634
114_44,s2.470010,s-0.004142,s92.608050
114_45,s-0.441871,s2.784920,s83.334819
114_46,s2.581282,s-1.073198,s3.170418
114_47,s2.812240,s0.328698,s11.464348
114_48,s-0.202668,s-2.723454,s16.862953
114_49,s2.498008,s1.954890,s301.655641
114_50,s-2.859589,s-1.218335,s234.218577
114_51,s-2.750946,s-0.766326,s74.921626
114_52,s-2.323052,s-2.010308,s205.837204
114_53,s1.263314,s2.662781,s71.064786
114_54,s0.982799,s-2.939843,s212.678885
114_55,s2.797369,s1.414031,s339.184757
114_56,s-3.114476,s0.469590,s84.282331
114_57,s2.906900,s-0.455444,s241.686479
114_58,s-2.313934,s2.422335,s313.257788
114_59,s-2.594810,s1.632220,s4.446603
114_60,s2.216571,s-2.602883,s207.771648
114_61,s3.092348,s1.088819,s215.693187
114_62,s-1.379104,s-3.312321,s177.403011
114_63,s0.289210,s-3.439684,s20.488483
114_64,s-2.418135,s-2.587231,s135.199770
114_65,s-3.135856,s-1.683224,s126.191803
114_66,s2.380259,s2.490478,s344.387876
114_67,s3.163781,s-1.428263,s296.853623
114_68,s-1.361011,s3.214011,s298.645349
114_69,s-3.337516,s1.105407,s36.359281
114_70,s1.530360,s-2.872509,s232.038986
114_71,s-1.936749,s-3.030635,s124.610103
114_72,s0.359382,s3.090618,s7.807861
114_73,s-2.914062,s2.398720,s33.794909
114_74,s1.203664,s3.143929,s340.429098
114_75,s-1.802795,s3.242771,s72.398731
114_76,s-3.644632,s-0.734068,s115.113103
114_77,s2.893003,s2.698528,s245.602759
114_78,s-0.846135,s-3.030696,s218.926455
114_79,s-0.800543,s-4.017500,s106.003427
114_80,s2.812559,s-2.902598,s233.245806
114_81,s-2.975360,s-2.412871,s326.542386
114_82,s3.305553,s1.515385,s312.984674
114_83,s1.903205,s3.157868,s21.105097
114_84,s3.382594,s-1.875207,s137.471789
114_85,s3.643507,s0.924461,s265.843529
114_86,s0.365016,s-3.784444,s133.564227
114_87,s-2.521383,s2.894509,s51.518677
114_88,s-1.178666,s3.795222,s63.233639
114_89,s-0.846868,s3.899328,s250.250677
114_90,s2.255343,s3.529350,s298.993510
114_91,s2.246827,s-3.404958,s162.818122
114_92,s1.389665,s-3.998525,s332.264996
114_93,s-3.902625,s-1.743419,s34.391709
114_94,s3.877204,s1.542017,s242.132010
114_95,s-3.971347,s0.650674,s103.919710
114_96,s-3.525050,s2.199224,s347.906079
114_97,s0.268666,s3.965455,s51.149338
114_98,s-3.814602,s-2.312642,s80.841284
114_99,s-2.781104,s-3.524020,s47.429443
114_100,s-1.909075,s-3.573729,s157.157426
114_101,s-1.666696,s-4.433538,s152.006296
114_102,s3.482510,s-2.406984,s236.029356
114_103,s4.165686,s-1.112038,s151.366869
114_104,s-4.018530,s1.203355,s32.030997
114_105,s-2.411298,s3.831258,s123.359829
114_106,s0.703408,s3.578622,s317.244295
114_107,s3.322471,s3.138462,s59.749930
114_108,s-0.392158,s-4.308322,s166.542854
114_109,s1.187588,s-4.376476,s140.831699
114_110,s3.404776,s-0.254509,s328.213957
114_111,s2.688068,s-3.496348,s220.586686
114_112,s3.938188,s2.211385,s31.914796
114_113,s3.929682,s-0.488111,s229.507763
115_0,s0.299650,s-0.155392,s142.344252
115_1,s0.324923,s0.271497,s42.596903
115_2,s0.973919,s0.181708,s149.271347
115_3,s0.526678,s0.681130,s294.437486
115_4,s-0.131621,s-1.060742,s258.629851
115_5,s-0.288007,s-0.239752,s31.650735
115_6,s-1.115083,s-1.187998,s274.632910
115_7,s-1.650942,s0.120765,s251.036970
115_8,s-0.603384,s0.600007,s43.360059
115_9,s-0.443387,s1.050336,s299.093705
115_10,s1.387162,s-1.319680,s353.808915
115_11,s-0.795866,s-0.451570,s90.040520
115_12,s-0.538444,s1.526665,s61.218968
115_13,s0.465837,s1.294495,s281.238899
115_14,s-0.332104,s-1.403477,s158.477469
115_15,s-1.175316,s0.542697,s79.458847
115_16,s0.263867,s-1.520979,s145.415319
115_17,s0.739264,s-1.388825,s245.663305
115_18,s1.752992,s-0.419123,s178.707351
115_19,s1.473767,s0.067371,s313.440265
115_20,s-1.394407,s-0.873367,s101.037430
115_21,s1.252253,s0.533315,s345.731490
115_22,s-0.623819,s2.124508,s56.086563
115_23,s0.874965,s1.716924,s329.295121
115_24,s1.508369,s1.490316,s310.170269
115_25,s-0.211959,s1.915971,s266.596848
115_26,s-2.285835,s-0.379039,s273.593986
115_27,s-1.975008,s0.445932,s88.745711
115_28,s2.227352,s-0.792968,s181.119405
115_29,s-1.485954,s1.733025,s359.990963
115_30,s-1.447499,s-1.748184,s279.270734
115_31,s1.835079,s0.811711,s328.175361
115_32,s-0.582639,s-2.426027,s234.981982
115_33,s-1.368984,s1.184244,s96.845016
115_34,s2.052076,s0.009564,s213.131940
115_35,s0.837942,s-1.919718,s143.620817
115_36,s0.391352,s2.312223,s56.637689
115_37,s1.674699,s-1.718531,s261.783192
115_38,s-0.926292,s-2.040517,s159.766224
115_39,s-2.290639,s-1.285939,s39.549618
115_40,s2.342207,s1.550019,s13.705606
115_41,s-1.874083,s-1.522357,s125.998385
115_42,s1.371216,s-2.091539,s146.655570
115_43,s-1.992384,s1.444607,s64.412630
115_44,s0.460783,s-2.698811,s132.634031
115_45,s1.892058,s2.215949,s63.434825
115_46,s2.790367,s0.187659,s73.507991
115_47,s-1.414344,s-2.186348,s95.539708
115_48,s1.780366,s-2.234288,s217.009317
115_49,s2.475956,s1.015445,s291.318901
115_50,s-1.400290,s2.695067,s1.882073
115_51,s2.557079,s-1.630485,s296.758542
115_52,s2.999237,s0.708977,s330.053279
115_53,s-2.298925,s0.989196,s84.246552
115_54,s0.418922,s2.820691,s339.819773
115_55,s-3.139745,s-0.634912,s178.920924
115_56,s2.338157,s-2.248488,s288.207579
115_57,s0.999514,s-3.028616,s116.861250
115_58,s-0.739471,s2.731625,s35.511481
115_59,s0.956901,s2.707468,s294.954842
115_60,s-1.032433,s-2.914177,s161.511919
115_61,s-2.068535,s-2.535116,s161.977940
115_62,s-1.943971,s2.463402,s139.853154
115_63,s-2.902076,s1.521553,s93.376879
115_64,s3.071441,s-0.910707,s114.274472
115_65,s-2.709599,s-0.315532,s62.890983
115_66,s2.416687,s2.397327,s8.354379
115_67,s1.500472,s-2.753556,s158.291482
115_68,s1.403537,s3.353363,s250.698793
115_69,s3.556637,s0.483852,s262.813402
115_70,s-0.741843,s-3.354617,s223.615683
115_71,s2.434401,s-2.943781,s276.345923
115_72,s-2.571774,s-2.192195,s122.550913
115_73,s-3.718980,s-0.920145,s220.862592
115_74,s3.484577,s-1.083036,s173.737693
115_75,s-1.341625,s3.828328,s77.653296
115_76,s-3.063430,s-1.762961,s136.895150
115_77,s3.596358,s1.117194,s235.196072
115_78,s-1.566893,s-3.273810,s136.637839
115_79,s-2.816638,s-2.738096,s161.655881
115_80,s-0.217102,s2.974395,s359.118584
115_81,s2.947882,s-0.430624,s315.580406
115_82,s-2.328562,s3.233962,s264.213862
115_83,s-2.941768,s2.473910,s192.776524
115_84,s1.138752,s-3.549327,s207.548687
115_85,s2.895487,s1.890803,s281.050327
115_86,s2.627129,s3.118841,s346.419563
115_87,s2.044246,s-3.118984,s145.118987
115_88,s0.314055,s3.440205,s17.590766
115_89,s-2.530700,s2.655571,s18.392897
115_90,s3.843140,s-1.688750,s185.665269
115_91,s3.061330,s-2.364769,s265.259686
115_92,s-0.048037,s-3.434783,s192.565578
115_93,s-3.320635,s1.962750,s69.043696
115_94,s-1.167511,s-3.848782,s262.489757
115_95,s3.642183,s-0.712716,s258.110491
115_96,s3.401067,s-2.934486,s275.821116
115_97,s-2.459642,s-3.337569,s182.630509
115_98,s1.912265,s3.559661,s344.391861
115_99,s-3.829030,s1.760142,s143.351453
115_100,s-0.863450,s3.800247,s210.477831
115_101,s4.022582,s-1.190091,s211.560539
115_102,s-3.298001,s2.607051,s18.161071
115_103,s-3.604127,s-1.792422,s38.160002
115_104,s0.713220,s-3.913209,s143.869439
115_105,s-3.771339,s-0.388159,s127.715014
115_106,s-3.217020,s0.916772,s168.495400
115_107,s-2.332643,s3.929110,s98.792262
115_108,s1.273434,s3.958201,s145.010081
115_109,s3.596668,s1.656269,s258.162641
115_110,s-3.648680,s0.360292,s125.297614
115_111,s-4.251659,s0.577684,s299.940962
115_112,s-3.549258,s-2.664312,s66.932133
115_113,s2.996435,s2.663446,s226.641183
115_114,s2.136004,s-3.648730,s224.946592
116_0,s0.000000,s0.000000,s268.546490
116_1,s-0.183638,s0.297955,s18.700372
116_2,s0.273012,s-0.589885,s78.545255
116_3,s0.433669,s0.414645,s28.961502
116_4,s0.861504,s0.260404,s314.060336
116_5,s0.606474,s-0.521717,s230.453840
116_6,s-0.629161,s-0.306850,s4.604671
116_7,s0.583888,s0.990745,s272.362200
116_8,s-0.287123,s-1.009981,s269.713138
116_9,s1.060048,s-0.293765,s280.429342
116_10,s-1.148260,s0.348567,s342.267765
116_11,s-0.625790,s1.252352,s315.590398
116_12,s-1.020659,s-0.410188,s73.808366
116_13,s0.585003,s-1.160936,s274.363555
116_14,s0.347042,s1.356304,s1.090363
116_15,s1.434503,s-0.815292,s306.075878
116_16,s-1.076258,s-1.115423,s31.109345
116_17,s1.624487,s0.289035,s222.057219
116_18,s0.817958,s1.547076,s325.302929
116_19,s-0.468613,s-1.582056,s266.931886
116_20,s-1.449071,s0.789110,s78.136884
116_21,s-0.851523,s1.642379,s73.191321
116_22,s0.884401,s-1.624911,s258.641459
116_23,s1.439695,s1.239870,s4.307253
116_24,s-1.234939,s-1.636284,s114.678008
116_25,s1.708901,s-1.304667,s275.138442
116_26,s-1.718643,s-0.535039,s108.189427
116_27,s1.848041,s0.997369,s276.624952
116_28,s-0.391087,s1.910380,s347.468511
116_29,s-0.411151,s-2.110321,s252.147733
116_30,s-1.592265,s0.157141,s44.609695
116_31,s-0.817460,s2.203238,s43.779231
116_32,s0.624228,s-2.005078,s181.545479
116_33,s-1.131431,s-2.173100,s187.346371
116_34,s2.336306,s-0.549249,s301.795262
116_35,s-2.007858,s1.489465,s144.282964
116_36,s0.672392,s2.303886,s35.541042
116_37,s2.235713,s0.253151,s338.457433
116_38,s-2.127481,s-1.215041,s282.472451
116_39,s2.020383,s1.636475,s248.149765
116_40,s-1.602236,s2.047642,s68.475597
116_41,s-2.577236,s-0.959351,s186.962770
116_42,s1.600528,s-1.985148,s244.776940
116_43,s-1.658179,s-2.379168,s126.363520
116_44,s2.762441,s0.457075,s245.299432
116_45,s1.644575,s2.013796,s286.672371
116_46,s-0.501667,s-2.602082,s225.675923
116_47,s1.070705,s-2.314323,s204.424138
116_48,s-0.839765,s2.932114,s94.648173
116_49,s-2.654013,s1.168853,s99.153618
116_50,s1.192320,s2.643553,s16.804607
116_51,s2.212588,s-1.633081,s236.420912
116_52,s1.579482,s2.667440,s292.472772
116_53,s-2.144677,s-1.952015,s161.643240
116_54,s2.747385,s-0.928371,s279.110313
116_55,s3.168727,s0.722267,s318.538742
116_56,s0.344041,s-3.231739,s15.960883
116_57,s-2.882869,s-1.500522,s93.467486
116_58,s2.787859,s-1.355670,s236.487427
116_59,s-0.400111,s3.074071,s224.805046
116_60,s1.695667,s-2.772582,s215.021657
116_61,s2.241562,s-2.622575,s212.043038
116_62,s-2.419125,s1.857508,s110.674424
116_63,s-2.160151,s2.560517,s12.977932
116_64,s0.820829,s-3.041174,s227.985149
116_65,s-2.141918,s0.186247,s148.123040
116_66,s-2.788421,s-0.254376,s24.075327
116_67,s2.527997,s2.198120,s325.882530
116_68,s-2.824707,s-2.311608,s213.370521
116_69,s-0.649153,s3.439273,s35.836844
116_70,s-3.446685,s0.151213,s17.773101
116_71,s-1.241695,s3.432302,s126.336217
116_72,s-1.488983,s-2.888846,s190.881972
116_73,s-3.221372,s-0.430418,s178.584609
116_74,s-3.634864,s-0.332063,s116.597327
116_75,s-3.284231,s1.810063,s36.810921
116_76,s0.717646,s-3.578755,s212.049833
116_77,s-2.692704,s2.609951,s49.059299
116_78,s-0.957816,s-3.157941,s228.611175
116_79,s3.078998,s1.865415,s317.449915
116_80,s2.740540,s-2.410797,s273.352387
116_81,s0.604518,s3.396625,s109.373410
116_82,s1.422286,s3.415714,s71.324737
116_83,s-4.046570,s0.659750,s333.116782
116_84,s-2.149211,s-3.073010,s237.608851
116_85,s3.690904,s0.259282,s324.804793
116_86,s1.912110,s3.456347,s227.669294
116_87,s0.663377,s4.045977,s275.650294
116_88,s-3.858752,s2.008118,s106.770102
116_89,s-0.520363,s-4.016432,s63.944552
116_90,s-3.528121,s-1.114612,s70.301001
116_91,s3.575160,s1.793942,s246.279183
116_92,s-3.123636,s-2.732289,s131.781626
116_93,s3.671507,s-1.934564,s7.613126
116_94,s-2.661328,s-3.184310,s194.828527
116_95,s3.796425,s-1.090713,s279.736904
116_96,s-3.552200,s-1.838987,s178.611370
116_97,s4.095268,s-0.196927,s287.163625
116_98,s1.698660,s3.786430,s350.583548
116_99,s2.602429,s3.232625,s310.274672
116_100,s3.664482,s-2.435482,s191.165348
116_101,s2.492242,s-3.442561,s145.719943
116_102,s0.157101,s4.147025,s122.904681
116_103,s4.260922,s-1.447253,s171.541788
116_104,s-1.559671,s-3.791758,s118.182618
116_105,s3.011763,s-2.855133,s201.068237
116_106,s3.182900,s3.321016,s267.403959
116_107,s-1.096292,s-4.261237,s101.652333
116_108,s-1.929301,s3.446781,s88.759114
116_109,s-4.233649,s-1.198422,s125.558255
116_110,s-0.718569,s-4.442258,s235.914786
116_111,s-1.163940,s4.346866,s125.529424
116_112,s-3.325577,s2.646325,s75.923610
116_113,s1.088877,s-4.469267,s160.858139
116_114,s-3.046983,s3.379112,s331.756161
116_115,s4.368513,s0.525444,s5.513251
117_0,s-0.182323,s0.333620,s171.108535
117_1,s-0.157642,s0.809286,s121.913150
117_2,s-0.445039,s-0.607691,s115.360894
117_3,s0.524526,s0.113573,s211.969633
117_4,s0.030822,s-0.404775,s237.073739
117_5,s-0.103876,s-0.965939,s173.153078
117_6,s0.895547,s0.802648,s190.142163
117_7,s0.940482,s-0.705521,s234.158491
117_8,s-0.760608,s-0.107273,s81.535085
117_9,s-0.640633,s0.982661,s43.389837
117_10,s0.231032,s0.497692,s327.700572
117_11,s0.716194,s1.327448,s301.267282
117_12,s0.538733,s-1.029714,s130.927309
117_13,s-1.446939,s-0.379384,s197.731412
117_14,s1.387934,s1.325994,s190.545472
117_15,s0.474697,s-1.581079,s182.116211
117_16,s-1.416826,s1.154823,s35.658421
117_17,s0.290415,s1.811304,s152.392736
117_18,s1.143075,s-0.292474,s320.903568
117_19,s1.035037,s-1.532766,s297.393703
117_20,s-0.514447,s-1.415125,s81.936400
117_21,s1.663802,s-0.653252,s205.681483
117_22,s-1.738013,s-0.815652,s126.891003
117_23,s-0.774201,s1.741919,s266.497020
117_24,s-2.066028,s0.587814,s218.850640
117_25,s-0.548121,s-1.871272,s126.032157
117_26,s1.840596,s0.408268,s302.745661
117_27,s-1.931665,s1.112052,s101.755276
117_28,s1.603782,s-1.669321,s257.608269
117_29,s-1.209910,s1.795340,s43.185010
117_30,s1.803668,s1.661638,s13.975148
117_31,s2.253823,s-0.460084,s208.574117
117_32,s-0.303831,s-2.445125,s304.570695
117_33,s2.487710,s0.041872,s274.302738
117_34,s-1.534935,s-1.322112,s149.540607
117_35,s-0.374613,s2.252110,s264.021973
117_36,s1.945864,s0.926490,s338.481234
117_37,s1.208644,s2.751980,s259.594061
117_38,s-2.336497,s-0.531536,s175.724257
117_39,s2.200847,s-1.436151,s285.266730
117_40,s0.984804,s-1.942285,s199.352156
117_41,s1.191155,s2.079921,s91.896006
117_42,s2.414135,s1.786809,s293.348944
117_43,s-2.179090,s1.598643,s350.625963
117_44,s-0.795182,s2.290207,s34.707607
117_45,s-1.116499,s-2.691478,s136.490733
117_46,s0.093482,s2.578936,s356.859501
117_47,s-2.239532,s-1.925983,s28.055817
117_48,s-1.243930,s-1.809559,s161.434439
117_49,s2.777867,s-0.654433,s309.557710
117_50,s1.706915,s-2.163303,s229.686548
117_51,s-2.583252,s0.163511,s227.843147
117_52,s-2.804136,s0.673249,s108.167644
117_53,s1.341616,s-2.924821,s206.371150
117_54,s-0.306612,s2.877977,s45.741480
117_55,s-1.815730,s-2.400713,s148.384387
117_56,s0.857371,s-2.677040,s66.050752
117_57,s-2.511312,s1.298843,s62.379112
117_58,s3.181477,s0.739795,s98.034435
117_59,s-2.792294,s-0.905090,s71.181876
117_60,s0.718082,s-3.372486,s91.352988
117_61,s-0.747133,s-2.736612,s255.392297
117_62,s2.681533,s-1.737350,s249.909282
117_63,s0.721236,s2.873958,s316.408270
117_64,s-1.979141,s2.596592,s320.768694
117_65,s3.063197,s-1.030376,s253.570397
117_66,s2.021046,s2.848831,s268.226976
117_67,s-0.856636,s-3.193677,s209.634299
117_68,s2.429712,s-2.412195,s251.108783
117_69,s-2.334235,s-2.521548,s67.963902
117_70,s-2.665643,s1.815147,s20.078185
117_71,s-2.301068,s3.042028,s350.789811
117_72,s-3.050803,s-1.531609,s47.339671
117_73,s-1.259369,s3.103959,s331.309171
117_74,s3.057724,s1.423878,s263.655475
117_75,s3.426163,s1.923784,s345.024224
117_76,s2.023822,s-3.125711,s172.068167
117_77,s3.767026,s-0.783707,s205.323514
117_78,s-3.095103,s1.151394,s89.283444
117_79,s-1.652362,s-3.480407,s94.310883
117_80,s-2.430027,s-2.922235,s123.185612
117_81,s1.842864,s3.367041,s24.584252
117_82,s-1.604125,s3.529476,s54.602447
117_83,s-2.871756,s-0.373994,s46.297419
117_84,s-2.715236,s2.730374,s31.506616
117_85,s-3.273256,s2.068696,s156.440102
117_86,s-3.585424,s-0.339128,s47.765226
117_87,s-3.228782,s-2.173473,s34.246502
117_88,s0.925194,s-3.775958,s246.825791
117_89,s2.441198,s3.297999,s24.209227
117_90,s0.869145,s3.584608,s90.992223
117_91,s-3.816480,s-1.171178,s120.071844
117_92,s3.491894,s-1.520653,s188.094077
117_93,s-0.727643,s-4.116595,s40.430885
117_94,s0.145304,s3.833929,s31.461152
117_95,s0.920431,s4.042235,s284.645736
117_96,s2.811035,s-2.904934,s158.852422
117_97,s-0.218001,s-3.964625,s264.034626
117_98,s-3.008606,s-2.580230,s134.536952
117_99,s-1.303765,s-4.206586,s58.638236
117_100,s3.051580,s2.822571,s268.422027
117_101,s3.500604,s-0.182541,s338.739147
117_102,s-3.278965,s2.866696,s146.944137
117_103,s-0.627376,s4.097763,s112.138381
117_104,s-2.582799,s3.526259,s69.821796
117_105,s-4.429313,s-0.089222,s200.692818
117_106,s-4.417175,s0.759154,s313.514074
117_107,s4.091959,s1.145521,s228.414661
117_108,s3.670969,s-2.606309,s74.819980
117_109,s3.859782,s1.659236,s290.537037
117_110,s4.008099,s-1.700559,s212.246504
117_111,s4.026182,s0.290180,s287.604567
117_112,s-3.732780,s-2.380106,s101.271027
117_113,s-3.996152,s1.559280,s72.456852
117_114,s-3.888135,s2.426132,s42.172402
117_115,s2.948746,s3.234172,s337.955936
117_116,s-0.757091,s4.545289,s295.967895
118_0,s0.013708,s0.074045,s204.193733
118_1,s0.297916,s0.417035,s54.706644
118_2,s0.479293,s-0.060544,s247.573384
118_3,s-0.579503,s-0.220015,s10.220322
118_4,s0.783038,s0.556577,s23.399077
118_5,s-0.311889,s-0.977101,s359.209595
118_6,s0.356117,s-0.872993,s145.627749
118_7,s-0.853345,s0.782048,s51.831042
118_8,s-0.297519,s1.071823,s319.106252
118_9,s-0.797260,s-0.563431,s141.918017
118_10,s-1.050109,s0.288248,s114.079176
118_11,s0.973475,s-0.585137,s157.383188
118_12,s1.042943,s0.947225,s348.688942
118_13,s-0.568729,s-1.208071,s157.345397
118_14,s1.065284,s0.221693,s241.705340
118_15,s1.529532,s-0.462002,s170.597725
118_16,s-1.120988,s1.516757,s52.535153
118_17,s0.974559,s-1.340255,s220.568094
118_18,s0.424361,s1.730196,s358.547207
118_19,s-1.697748,s-0.346232,s215.008852
118_20,s1.585042,s1.266853,s342.227574
118_21,s0.166622,s-1.954682,s295.220860
118_22,s-1.521783,s0.593435,s20.640749
118_23,s-1.498308,s-1.251199,s191.166705
118_24,s-1.843597,s-0.996636,s70.012690
118_25,s-1.953493,s0.322934,s67.162108
118_26,s-0.249255,s-2.214275,s250.543208
118_27,s-0.582699,s1.541407,s7.131047
118_28,s-2.031743,s1.027647,s105.500182
118_29,s1.828617,s0.879651,s249.126371
118_30,s-1.905110,s1.579525,s22.976438
118_31,s2.022356,s-0.864579,s171.049352
118_32,s-0.313932,s2.395832,s36.530447
118_33,s-2.233389,s-0.243680,s125.718795
118_34,s2.496431,s-1.095031,s211.821068
118_35,s0.743259,s-2.064717,s187.297790
118_36,s1.944893,s-0.054624,s212.947859
118_37,s-0.859578,s-2.564321,s349.025724
118_38,s1.247930,s1.849532,s19.682674
118_39,s-1.650857,s2.196390,s28.046475
118_40,s-2.046376,s-1.478968,s186.453793
118_41,s1.315467,s-2.299898,s189.599733
118_42,s-2.472580,s-1.144231,s121.330000
118_43,s1.695285,s-1.867083,s255.376200
118_44,s-2.827798,s0.496188,s163.040069
118_45,s-1.458257,s-2.120212,s201.776014
118_46,s-2.576936,s1.573413,s339.091820
118_47,s-2.860316,s1.242126,s138.035903
118_48,s2.643858,s1.239988,s80.953711
118_49,s-2.443118,s-1.775058,s147.537726
118_50,s2.027611,s-2.340039,s163.398359
118_51,s-1.251494,s2.629619,s322.805120
118_52,s2.969755,s0.950829,s157.298916
118_53,s-1.834872,s-2.491472,s167.846715
118_54,s0.907735,s2.931141,s232.574407
118_55,s2.226747,s1.631776,s6.375132
118_56,s0.362846,s2.597758,s337.182948
118_57,s2.566780,s-0.439224,s331.953391
118_58,s-3.175834,s-1.120350,s353.380162
118_59,s2.035036,s2.681439,s146.885320
118_60,s-0.570550,s-2.864555,s256.085187
118_61,s3.231025,s-1.335785,s25.892740
118_62,s2.589790,s1.990916,s282.221361
118_63,s-0.895840,s-3.229174,s67.410734
118_64,s1.300347,s3.211194,s333.478379
118_65,s3.198639,s0.476715,s228.804392
118_66,s-0.555399,s-3.420729,s171.831669
118_67,s0.138211,s3.360108,s151.076670
118_68,s0.945094,s-3.062011,s234.084103
118_69,s3.362504,s1.021571,s258.191440
118_70,s0.345346,s-3.236419,s234.510359
118_71,s2.607587,s-2.414740,s294.027818
118_72,s-2.866316,s2.199970,s139.429679
118_73,s3.656963,s-0.833445,s232.845105
118_74,s-2.236580,s2.821951,s117.995901
118_75,s3.170817,s-1.895755,s315.148739
118_76,s-3.619878,s1.193083,s348.196623
118_77,s-3.353874,s-0.320132,s80.154814
118_78,s-0.262830,s3.735134,s44.863381
118_79,s1.913337,s3.118583,s268.633393
118_80,s2.242339,s-2.871109,s235.786210
118_81,s-1.341822,s3.303504,s110.056808
118_82,s-3.164294,s-2.173327,s330.676475
118_83,s0.702955,s3.644807,s75.642859
118_84,s0.476520,s-4.108582,s302.619822
118_85,s3.026202,s2.599083,s106.095019
118_86,s1.818478,s-3.455553,s268.821430
118_87,s-3.698785,s-1.276414,s17.157115
118_88,s3.480079,s1.639115,s271.266989
118_89,s-2.071469,s-3.528373,s183.500137
118_90,s-2.367875,s-3.196096,s21.722681
118_91,s-3.197175,s2.514721,s89.290145
118_92,s3.300916,s-2.471727,s263.894377
118_93,s-1.126948,s-3.796803,s219.485994
118_94,s4.157370,s0.066403,s359.335759
118_95,s-1.473185,s3.765276,s299.758940
118_96,s1.099442,s3.803774,s14.524855
118_97,s-4.019518,s1.045654,s86.393267
118_98,s-2.928668,s-2.983284,s34.464441
118_99,s-2.170599,s3.334358,s36.197989
118_100,s0.024506,s4.178534,s314.306148
118_101,s1.924374,s-3.988517,s255.161924
118_102,s2.530280,s3.450841,s296.220182
118_103,s-3.955088,s1.961572,s150.639424
118_104,s-4.307679,s-1.225513,s27.766669
118_105,s4.268047,s-0.865095,s283.327372
118_106,s2.683668,s-3.651965,s254.166731
118_107,s-1.919391,s3.854640,s51.209715
118_108,s-3.780380,s-1.996775,s309.725456
118_109,s4.180542,s1.216991,s270.584838
118_110,s3.471258,s2.442118,s357.244855
118_111,s-3.541569,s3.017487,s313.069738
118_112,s-0.383614,s-4.438977,s178.239200
118_113,s3.865246,s-2.115774,s8.503880
118_114,s-2.600476,s-3.480858,s145.501098
118_115,s2.123357,s3.689066,s16.772234
118_116,s1.201611,s-4.221226,s121.436483
118_117,s-3.563080,s-2.506478,s148.231263
119_0,s0.008024,s0.035375,s96.278583
119_1,s-0.328106,s1.183741,s203.080967
119_2,s-0.545427,s0.508650,s31.170523
119_3,s-0.947874,s0.266688,s170.488645
119_4,s-1.067824,s-0.802481,s318.163976
119_5,s-0.342400,s-1.221702,s25.740523
119_6,s0.079019,s-1.375222,s288.529979
119_7,s0.714695,s-0.680149,s57.315176
119_8,s1.296233,s-0.771654,s353.605396
119_9,s1.781598,s-0.051227,s14.467166
119_10,s0.962906,s1.318509,s229.848488
119_11,s0.207304,s0.712484,s286.401516
119_12,s0.498479,s1.372250,s77.138628
119_13,s-0.498843,s1.518045,s96.169851
119_14,s-1.326472,s1.103820,s34.269671
119_15,s-1.194599,s0.621510,s69.073400
119_16,s-1.487066,s0.175931,s90.932245
119_17,s-1.374710,s-0.413073,s83.438947
119_18,s-1.404054,s-1.467372,s355.923393
119_19,s-0.928304,s-1.634980,s260.501122
119_20,s-0.503632,s-2.165120,s273.518830
119_21,s0.434052,s-2.380883,s329.249506
119_22,s1.069532,s-1.530684,s8.016359
119_23,s1.538443,s-1.186730,s250.553387
119_24,s1.796004,s-0.672815,s260.265262
119_25,s2.233499,s-0.364550,s343.329856
119_26,s2.434189,s0.782264,s152.000899
119_27,s1.751032,s0.842496,s309.261598
119_28,s1.588772,s1.921739,s170.177923
119_29,s1.088785,s2.301329,s136.399830
119_30,s0.489833,s2.185015,s99.509413
119_31,s-0.299086,s2.573849,s164.929550
119_32,s-1.376892,s1.982565,s285.231064
119_33,s-2.025851,s1.964956,s189.886266
119_34,s-2.182231,s0.951709,s57.001455
119_35,s-2.414939,s0.367289,s32.358304
119_36,s-2.661158,s-0.164671,s274.627456
119_37,s-2.217480,s-0.737572,s74.027054
119_38,s-1.978393,s-1.182015,s159.069961
119_39,s-1.799551,s-1.771529,s193.163696
119_40,s-1.168774,s-2.131118,s196.178309
119_41,s-0.829934,s-3.022728,s257.124129
119_42,s1.247154,s-2.939538,s108.965423
119_43,s1.212617,s-1.925330,s166.791355
119_44,s2.150764,s-2.498344,s58.362844
119_45,s2.043899,s-1.844171,s264.640225
119_46,s2.474616,s-1.323558,s254.492956
119_47,s2.781038,s-0.461574,s184.067872
119_48,s2.756422,s0.082118,s224.861399
119_49,s2.922151,s1.044553,s191.275839
119_50,s2.563024,s1.355289,s344.624342
119_51,s2.261016,s2.043822,s145.153057
119_52,s1.576356,s2.858872,s193.143769
119_53,s1.078953,s2.843968,s107.501255
119_54,s0.537130,s3.082535,s76.121492
119_55,s-0.463751,s2.985850,s53.408054
119_56,s-1.343130,s2.927659,s245.050094
119_57,s-1.869109,s2.488147,s265.803880
119_58,s-2.261214,s2.279176,s85.092502
119_59,s-2.585728,s1.585413,s34.143973
119_60,s-3.192874,s0.952611,s354.379943
119_61,s-3.083675,s0.543122,s160.242415
119_62,s-3.596841,s-0.515068,s292.741269
119_63,s-2.862509,s-1.025588,s81.941996
119_64,s-3.085219,s-1.587792,s259.140502
119_65,s-2.532687,s-2.636172,s351.668563
119_66,s-1.823163,s-2.623531,s129.120546
119_67,s-1.410149,s-3.007207,s227.209747
119_68,s-0.741990,s-3.855803,s306.922151
119_69,s0.169654,s-3.066285,s159.140767
119_70,s0.430424,s-3.750418,s301.418783
119_71,s1.693816,s-3.295536,s4.094116
119_72,s2.631232,s-2.776129,s115.400076
119_73,s2.528045,s-2.207915,s228.395262
119_74,s3.069749,s-1.872385,s302.981618
119_75,s3.228747,s-1.039889,s240.174696
119_76,s3.843044,s-0.653648,s84.362399
119_77,s3.548847,s0.190845,s235.486729
119_78,s3.501433,s0.766595,s326.961177
119_79,s3.544803,s1.712483,s137.206220
119_80,s2.926609,s2.272743,s304.371250
119_81,s2.499459,s2.770241,s183.421281
119_82,s1.907103,s3.128679,s275.293161
119_83,s1.490734,s3.369087,s6.129317
119_84,s0.739065,s3.669367,s306.325323
119_85,s-0.231008,s3.751061,s263.304795
119_86,s-0.736579,s3.643743,s337.775693
119_87,s-1.627539,s3.741533,s232.580657
119_88,s-2.083325,s3.297132,s258.692977
119_89,s-2.509955,s2.843365,s12.684340
119_90,s-3.388611,s2.464633,s328.649689
119_91,s-3.480368,s1.969861,s185.719067
119_92,s-3.749679,s1.244895,s157.427703
119_93,s-3.906952,s0.249027,s333.400286
119_94,s-3.971152,s-0.215650,s151.703664
119_95,s-4.000869,s-1.247376,s348.319291
119_96,s-3.749079,s-1.851414,s336.716888
119_97,s-3.525110,s-2.423109,s315.332104
119_98,s-2.987448,s-2.788503,s129.706186
119_99,s-2.874547,s-3.391763,s249.862110
119_100,s-1.923756,s-3.585022,s283.214846
119_101,s-0.991226,s-4.271747,s26.811126
119_102,s-0.094048,s-4.340499,s86.700733
119_103,s0.574842,s-4.224715,s133.440974
119_104,s1.094673,s-4.639151,s9.102856
119_105,s1.170928,s-3.759895,s285.375010
119_106,s2.183097,s-3.502404,s280.398437
119_107,s3.737474,s-3.178309,s102.575312
119_108,s3.423246,s-2.675880,s352.574988
119_109,s3.994120,s-1.700686,s154.159260
119_110,s4.257654,s-1.311706,s202.142406
119_111,s4.502169,s-0.680153,s116.567503
119_112,s4.274845,s0.008756,s301.485685
119_113,s4.235985,s0.701435,s259.781960
119_114,s4.244822,s1.194882,s334.924278
119_115,s3.733287,s2.213623,s218.609619
119_116,s3.746596,s2.771864,s251.327441
119_117,s3.017631,s3.408950,s209.537440
119_118,s2.635945,s3.666924,s101.021244
120_0,s0.006895,s-0.025477,s331.024276
120_1,s0.086708,s0.901661,s117.525095
120_2,s-0.832805,s0.897620,s187.787643
120_3,s-1.005968,s-0.213447,s358.374835
120_4,s-0.703363,s-0.805230,s56.554838
120_5,s-0.492794,s-1.329671,s345.012122
120_6,s0.201790,s-1.319115,s35.318593
120_7,s0.872001,s-0.935004,s139.240740
120_8,s1.538469,s-0.510825,s102.778315
120_9,s1.583345,s0.047600,s106.636643
120_10,s1.235473,s0.712541,s237.249776
120_11,s0.770493,s0.308624,s5.325765
120_12,s0.593183,s1.327686,s36.862882
120_13,s-0.108007,s1.639280,s47.290001
120_14,s-1.151146,s1.373553,s320.485629
120_15,s-1.917289,s0.725959,s306.783874
120_16,s-1.423553,s0.321386,s130.069215
120_17,s-1.595360,s-0.477502,s161.143276
120_18,s-1.207677,s-0.968526,s121.065953
120_19,s-0.956916,s-1.491157,s175.691039
120_20,s-0.103640,s-1.950185,s107.254525
120_21,s0.321750,s-2.292920,s6.946730
120_22,s0.693024,s-1.875702,s267.811227
120_23,s1.606160,s-1.349959,s184.018866
120_24,s2.068717,s-0.534674,s138.773515
120_25,s2.001842,s-0.179807,s350.828247
120_26,s2.450132,s0.726269,s78.107365
120_27,s1.873323,s1.661674,s147.763060
120_28,s1.471858,s2.007292,s111.863083
120_29,s0.506735,s2.342326,s262.327093
120_30,s0.048064,s2.730546,s189.535905
120_31,s-0.593497,s2.457347,s64.717688
120_32,s-1.283107,s2.422297,s176.603187
120_33,s-1.674173,s1.504978,s19.865011
120_34,s-2.343611,s0.874566,s348.377625
120_35,s-2.546192,s-0.039405,s328.590996
120_36,s-2.702038,s-0.594693,s298.446091
120_37,s-2.066021,s-0.906007,s120.186739
120_38,s-2.016016,s-1.524798,s95.944937
120_39,s-1.981675,s-2.176252,s288.115073
120_40,s-1.422292,s-2.501550,s285.306494
120_41,s-0.445794,s-2.403836,s184.121338
120_42,s0.561821,s-2.743541,s85.976845
120_43,s1.046401,s-2.944259,s347.064830
120_44,s1.596151,s-2.206246,s214.130108
120_45,s2.164482,s-1.735413,s357.239379
120_46,s2.735048,s-1.330057,s29.662032
120_47,s3.049387,s-0.567673,s81.270635
120_48,s2.706164,s0.018586,s293.604116
120_49,s3.045188,s1.019325,s146.830164
120_50,s2.378850,s1.196025,s322.841425
120_51,s2.277460,s1.846567,s351.878227
120_52,s1.920201,s2.321617,s61.650986
120_53,s1.034677,s2.835881,s47.616306
120_54,s0.168229,s3.509212,s201.956866
120_55,s-0.239471,s3.046265,s49.536003
120_56,s-0.954341,s3.187556,s108.837240
120_57,s-1.754665,s2.595935,s66.579781
120_58,s-2.380427,s2.423673,s191.124064
120_59,s-2.560855,s1.529050,s14.159797
120_60,s-2.948449,s1.100845,s108.893496
120_61,s-2.858087,s0.393455,s92.606376
120_62,s-3.256762,s-0.640419,s3.369281
120_63,s-3.404513,s-1.166409,s276.462023
120_64,s-2.930490,s-1.574426,s149.989148
120_65,s-2.338893,s-2.166833,s136.203956
120_66,s-1.831075,s-2.704829,s136.704011
120_67,s-1.239995,s-3.014736,s118.627701
120_68,s-0.535536,s-3.659457,s37.396294
120_69,s-0.032350,s-3.402279,s283.847233
120_70,s1.007379,s-3.328592,s118.925535
120_71,s1.565237,s-3.136957,s232.868012
120_72,s2.337636,s-2.896715,s175.325831
120_73,s2.336559,s-2.452883,s341.339074
120_74,s2.948591,s-2.180582,s356.160296
120_75,s3.637820,s-0.853648,s128.077466
120_76,s3.593882,s-0.516864,s15.338468
120_77,s3.851098,s0.152780,s4.295725
120_78,s3.412844,s1.030447,s288.262391
120_79,s3.145154,s1.450804,s342.855359
120_80,s2.758314,s2.173343,s282.433840
120_81,s2.912375,s2.778057,s90.446981
120_82,s2.148685,s3.192787,s128.618160
120_83,s1.237221,s3.564516,s205.555303
120_84,s0.864392,s3.744827,s75.119396
120_85,s-0.070088,s3.864735,s51.052115
120_86,s-0.778509,s4.083013,s130.405266
120_87,s-1.608125,s3.425663,s351.441451
120_88,s-2.180794,s3.225149,s57.947298
120_89,s-2.801336,s2.860355,s11.355122
120_90,s-3.470063,s2.514436,s256.193708
120_91,s-3.628022,s1.781855,s284.572116
120_92,s-3.806070,s1.063509,s33.421897
120_93,s-4.364376,s0.400173,s263.065343
120_94,s-4.225545,s-0.125735,s242.975359
120_95,s-3.943822,s-1.215805,s19.868086
120_96,s-3.651497,s-1.665074,s136.809963
120_97,s-3.663929,s-2.382472,s199.460346
120_98,s-3.021125,s-2.849454,s195.584569
120_99,s-2.429686,s-3.518950,s165.815996
120_100,s-1.907402,s-3.931986,s315.894971
120_101,s-1.106542,s-4.043383,s15.140519
120_102,s-0.705926,s-4.161112,s231.390873
120_103,s0.633727,s-4.393364,s99.295555
120_104,s0.912100,s-3.984518,s235.919190
120_105,s2.153530,s-3.863547,s136.362601
120_106,s2.485310,s-3.991205,s241.648342
120_107,s3.014525,s-2.954648,s153.859278
120_108,s3.373606,s-2.617265,s259.527779
120_109,s3.928646,s-1.892146,s119.802790
120_110,s4.108238,s-1.508387,s18.694215
120_111,s4.266863,s-0.615767,s195.423608
120_112,s4.336024,s-0.214661,s303.078824
120_113,s4.281835,s0.850845,s182.830597
120_114,s4.252138,s1.538414,s215.753605
120_115,s4.209046,s2.119800,s90.388990
120_116,s3.657601,s3.022339,s179.780545
120_117,s3.084133,s3.418336,s194.581730
120_118,s2.522798,s3.611338,s3.809721
120_119,s1.835830,s4.281216,s184.187101
121_0,s0.003867,s-0.542487,s17.688563
121_1,s-0.588157,s-0.239760,s74.963887
121_2,s-0.435526,s0.357305,s41.100676
121_3,s1.077013,s-0.514862,s79.954786
121_4,s0.008200,s0.335333,s271.689753
121_5,s0.499619,s0.710185,s27.602007
121_6,s-0.250344,s-0.940513,s69.525107
121_7,s-0.128250,s0.789905,s354.344333
121_8,s0.106117,s-0.957255,s229.862595
121_9,s2.031532,s-0.317839,s110.898698
121_10,s-0.980436,s0.379011,s123.089123
121_11,s1.076541,s-0.027275,s314.279389
121_12,s0.973327,s0.484986,s340.550418
121_13,s-0.523577,s1.168647,s11.709167
121_14,s-0.747337,s-1.363864,s253.671163
121_15,s-1.038929,s1.290627,s129.324261
121_16,s0.852449,s1.236590,s23.265095
121_17,s-1.002480,s-0.938333,s134.634069
121_18,s1.808316,s0.336802,s275.389816
121_19,s-1.507822,s-0.794352,s24.616487
121_20,s0.991274,s-1.674048,s88.519716
121_21,s0.808889,s-1.074102,s265.056372
121_22,s-1.863925,s0.822542,s90.935177
121_23,s-1.264191,s1.765698,s349.651036
121_24,s-1.293890,s-1.713812,s83.252037
121_25,s1.400400,s1.400188,s300.187564
121_26,s1.478650,s-1.422433,s192.272174
121_27,s0.000872,s2.275667,s180.102697
121_28,s0.075867,s-1.829678,s181.011606
121_29,s-0.962257,s-1.960198,s262.065972
121_30,s-2.013678,s1.356502,s2.168509
121_31,s0.862378,s1.988180,s262.842429
121_32,s1.894871,s-1.093128,s205.276949
121_33,s2.589403,s-0.647117,s105.609627
121_34,s-2.183486,s-0.615564,s212.853525
121_35,s-1.730316,s0.257720,s80.349305
121_36,s-0.570892,s2.141106,s31.692260
121_37,s1.749166,s0.956747,s234.354455
121_38,s0.557106,s2.331044,s314.496059
121_39,s2.918803,s0.292017,s348.187284
121_40,s-0.671406,s-2.662442,s55.540649
121_41,s-2.311917,s-0.082956,s93.371113
121_42,s1.932134,s2.025449,s41.880541
121_43,s0.225604,s-2.818072,s257.210258
121_44,s-2.528030,s-1.066034,s197.844502
121_45,s-1.890146,s3.406102,s187.438293
121_46,s-2.963323,s0.983480,s305.807856
121_47,s-2.481728,s-2.055746,s75.752134
121_48,s1.399955,s-2.477216,s158.028254
121_49,s2.510508,s1.287140,s28.050618
121_50,s-2.144391,s-1.994748,s230.855227
121_51,s2.275266,s2.540183,s260.183407
121_52,s-2.579823,s1.622585,s348.268310
121_53,s-2.950544,s0.373694,s289.603212
121_54,s-0.049489,s3.298445,s100.139147
121_55,s2.970707,s-0.534818,s338.618465
121_56,s-1.517713,s2.351772,s95.672189
121_57,s2.467167,s-1.635035,s285.544965
121_58,s-1.708403,s-2.687113,s195.319304
121_59,s2.002035,s-2.184121,s181.088019
121_60,s2.707552,s-2.093594,s185.098448
121_61,s0.393983,s-3.267020,s208.810757
121_62,s1.344165,s2.950154,s266.279352
121_63,s-2.883961,s-0.905041,s83.097915
121_64,s-0.342235,s-3.090463,s354.385282
121_65,s-1.242698,s-2.901187,s233.365027
121_66,s0.803697,s3.015376,s57.184898
121_67,s-3.153444,s1.487734,s355.900087
121_68,s-2.235417,s-2.609217,s114.534316
121_69,s-0.829367,s3.434766,s85.465262
121_70,s2.881222,s1.276576,s275.972704
121_71,s1.428109,s-3.226288,s256.266332
121_72,s1.304022,s3.489255,s89.024377
121_73,s-2.846368,s2.431740,s338.929002
121_74,s-3.277262,s-0.268964,s133.972089
121_75,s-1.164710,s-3.549678,s107.811530
121_76,s-3.332240,s-1.324667,s155.771197
121_77,s-2.881097,s-2.358988,s141.888461
121_78,s2.351054,s-2.855766,s202.859847
121_79,s0.371527,s-3.919818,s147.708901
121_80,s-3.416807,s0.681103,s23.615057
121_81,s-3.397210,s2.462400,s130.579879
121_82,s3.369352,s1.666621,s11.350297
121_83,s-2.407538,s3.502838,s67.006340
121_84,s2.902301,s-1.150769,s312.683523
121_85,s2.289029,s3.217011,s73.906559
121_86,s-1.000258,s4.279358,s111.889242
121_87,s-1.959495,s-3.209615,s91.853133
121_88,s-3.358676,s0.339264,s132.491191
121_89,s3.620431,s-1.339252,s0.350394
121_90,s3.588398,s-0.175431,s241.554558
121_91,s2.771177,s3.357135,s185.509391
121_92,s-3.487488,s-2.594306,s73.724965
121_93,s3.875548,s1.463932,s350.681259
121_94,s0.819867,s3.969998,s82.336016
121_95,s1.062749,s-3.431844,s198.737278
121_96,s-3.953210,s0.252409,s52.936512
121_97,s-0.314557,s-3.723110,s105.075351
121_98,s-3.922939,s-1.151399,s71.905383
121_99,s-3.908889,s1.517571,s117.574457
121_100,s3.328118,s-2.327125,s145.876422
121_101,s2.021767,s-3.705899,s234.310638
121_102,s-3.008849,s3.039158,s33.528875
121_103,s3.474053,s-1.899023,s308.109406
121_104,s3.727279,s0.993919,s139.715147
121_105,s-3.890723,s-1.882642,s132.569400
121_106,s3.475376,s2.467914,s297.204584
121_107,s2.376834,s3.787227,s342.348619
121_108,s4.268478,s-0.911365,s267.775584
121_109,s1.013156,s-4.184179,s107.495468
121_110,s-2.328633,s-3.642805,s181.821433
121_111,s1.927313,s4.116843,s109.581334
121_112,s1.229208,s4.189537,s3.902638
121_113,s-0.710104,s3.903797,s285.163060
121_114,s2.832182,s-3.673657,s271.368363
121_115,s4.129646,s1.115007,s227.083849
121_116,s3.321047,s2.989658,s10.815857
121_117,s-1.604523,s4.404356,s25.681152
121_118,s-2.180333,s4.041147,s350.722870
121_119,s-1.306411,s-4.069492,s129.731059
121_120,s-0.806179,s-4.317344,s285.925934
122_0,s0.203035,s-0.147839,s67.168808
122_1,s-0.117456,s0.930089,s270.809657
122_2,s-0.807300,s0.908973,s197.368867
122_3,s-0.661758,s-0.031395,s125.043506
122_4,s-1.162800,s-0.806567,s306.605730
122_5,s-0.633545,s-1.230043,s335.041604
122_6,s0.466812,s-1.393009,s89.543119
122_7,s0.815374,s-0.959109,s72.880464
122_8,s0.998461,s-0.459459,s255.657937
122_9,s1.403479,s0.067309,s289.252843
122_10,s1.333422,s0.804928,s284.082024
122_11,s0.873423,s1.226669,s2.517868
122_12,s0.258362,s1.441277,s38.124359
122_13,s-0.432265,s1.412370,s0.294492
122_14,s-0.957387,s1.442334,s113.507304
122_15,s-1.469817,s0.683710,s59.769385
122_16,s-1.951194,s0.144342,s267.386367
122_17,s-1.572654,s-0.424568,s97.649374
122_18,s-1.694697,s-1.112138,s248.579371
122_19,s-0.888692,s-1.593641,s174.322696
122_20,s-0.553445,s-2.003777,s243.075501
122_21,s0.269846,s-2.168455,s312.302977
122_22,s1.126385,s-1.883589,s14.563434
122_23,s1.253752,s-0.946661,s210.432770
122_24,s2.368410,s-0.862537,s83.044209
122_25,s2.251764,s-0.095113,s107.525152
122_26,s2.029097,s0.675494,s248.551768
122_27,s1.888522,s1.347519,s231.534489
122_28,s1.283396,s1.591423,s324.243992
122_29,s1.219629,s2.265300,s99.272760
122_30,s0.218077,s2.225702,s39.747175
122_31,s-0.428875,s2.546840,s101.624747
122_32,s-1.215150,s1.937159,s12.100275
122_33,s-1.587714,s1.522099,s31.165399
122_34,s-2.218687,s1.558371,s153.553125
122_35,s-2.588283,s0.587090,s195.096778
122_36,s-2.574077,s-0.481904,s78.463238
122_37,s-2.237342,s-1.031267,s83.192298
122_38,s-2.085961,s-1.739278,s46.130724
122_39,s-1.427102,s-2.162207,s78.391823
122_40,s-1.052786,s-2.563009,s185.249258
122_41,s-0.557982,s-2.717569,s258.565656
122_42,s0.537292,s-2.855304,s51.022480
122_43,s1.038229,s-2.742256,s326.495765
122_44,s1.795950,s-1.802022,s166.849404
122_45,s2.847213,s-2.049287,s74.222956
122_46,s2.680063,s-1.190156,s137.934477
122_47,s2.654798,s-0.643737,s290.459321
122_48,s3.160888,s-0.100821,s54.877700
122_49,s3.032819,s1.095618,s166.690424
122_50,s2.388612,s1.709911,s240.548153
122_51,s1.979281,s2.203307,s286.626296
122_52,s1.584593,s2.432428,s333.405838
122_53,s1.165920,s2.934760,s103.256503
122_54,s0.154763,s3.086917,s273.771368
122_55,s-0.470908,s3.116915,s7.205715
122_56,s-1.376036,s3.241229,s212.815033
122_57,s-2.016386,s2.946750,s256.520425
122_58,s-2.378510,s2.232732,s351.670827
122_59,s-2.951897,s1.634550,s298.992040
122_60,s-3.223663,s0.918933,s295.900774
122_61,s-3.161397,s0.462761,s116.337803
122_62,s-3.534472,s-0.636669,s358.792057
122_63,s-3.273185,s-0.872904,s209.466144
122_64,s-3.125812,s-1.835846,s251.378860
122_65,s-2.236271,s-2.247613,s156.644297
122_66,s-1.757185,s-2.671403,s111.445309
122_67,s-1.528810,s-3.051030,s180.527372
122_68,s-0.588436,s-3.548938,s80.490986
122_69,s0.336335,s-3.447110,s86.907281
122_70,s0.856505,s-3.420236,s144.914578
122_71,s1.489941,s-3.197439,s77.724795
122_72,s2.074693,s-3.220268,s40.602622
122_73,s2.496543,s-2.753588,s306.669063
122_74,s3.289763,s-1.636125,s175.288144
122_75,s3.263181,s-1.196115,s348.628432
122_76,s4.289853,s-0.240702,s101.126202
122_77,s3.592069,s-0.060702,s346.547259
122_78,s3.734803,s1.328678,s194.046793
122_79,s3.222647,s1.510988,s315.847372
122_80,s3.395716,s2.229625,s86.770346
122_81,s2.673266,s2.816876,s98.135673
122_82,s1.979844,s3.287827,s296.446222
122_83,s1.307560,s3.723806,s217.398970
122_84,s0.808545,s3.779497,s62.487019
122_85,s-0.145854,s3.951076,s189.254321
122_86,s-0.593895,s4.229645,s127.741962
122_87,s-1.581210,s3.591600,s30.916280
122_88,s-2.189158,s3.292883,s12.753094
122_89,s-2.875382,s3.140026,s191.914149
122_90,s-3.178864,s2.377538,s80.732759
122_91,s-3.573743,s1.772212,s91.105341
122_92,s-4.071772,s1.245207,s237.182975
122_93,s-4.009386,s0.399840,s81.706878
122_94,s-4.037285,s-0.322577,s49.758868
122_95,s-4.344596,s-0.942019,s259.968291
122_96,s-3.732511,s-1.914266,s343.824730
122_97,s-3.369775,s-2.362945,s111.771981
122_98,s-2.951095,s-2.966973,s107.565435
122_99,s-2.652646,s-3.843585,s0.921112
122_100,s-2.076553,s-3.539718,s225.503597
122_101,s-0.833548,s-4.396309,s61.695467
122_102,s-0.466179,s-4.233326,s316.210274
122_103,s0.027146,s-4.385353,s287.617378
122_104,s0.884298,s-4.068396,s262.143619
122_105,s2.051063,s-4.383719,s43.844956
122_106,s2.567734,s-3.464798,s136.696857
122_107,s2.952462,s-3.473077,s240.856871
122_108,s3.573757,s-2.513439,s144.812384
122_109,s4.091465,s-2.294237,s17.480986
122_110,s4.410095,s-1.550091,s72.387031
122_111,s4.403133,s-1.012724,s350.225821
122_112,s4.631378,s0.158221,s188.983999
122_113,s4.313284,s1.112789,s205.254276
122_114,s4.217845,s1.572046,s251.592330
122_115,s4.168664,s2.013727,s10.628456
122_116,s3.815926,s2.989954,s119.706359
122_117,s3.224803,s3.048033,s39.921365
122_118,s2.527274,s4.205535,s217.252477
122_119,s2.027143,s4.040537,s90.654708
122_120,s1.314782,s4.441276,s89.152407
122_121,s0.365056,s4.608355,s125.249561
123_0,s0.204888,s-0.111220,s30.188040
123_1,s0.987318,s-0.177204,s10.945139
123_2,s-0.495720,s0.031760,s65.784447
123_3,s-0.315620,s-0.392136,s166.100710
123_4,s-0.352766,s0.702033,s90.571926
123_5,s0.161024,s-0.569905,s284.217776
123_6,s0.072852,s-0.931459,s185.834976
123_7,s-0.838454,s-0.389138,s75.914473
123_8,s0.558764,s0.963998,s120.095019
123_9,s1.133013,s0.971505,s179.021600
123_10,s0.566097,s-1.045189,s283.100999
123_11,s-0.268833,s-1.572368,s56.045430
123_12,s-0.227478,s1.083793,s345.665494
123_13,s-1.228601,s0.540457,s68.664683
123_14,s0.570336,s1.520948,s245.075833
123_15,s1.575337,s-0.990515,s242.796213
123_16,s-1.049029,s1.150696,s291.584316
123_17,s-1.196813,s-0.979099,s171.856402
123_18,s-1.768323,s0.320314,s98.070571
123_19,s1.777514,s0.993996,s49.269231
123_20,s0.790548,s-1.698600,s112.326454
123_21,s-1.497415,s-0.688784,s24.820286
123_22,s-1.465060,s1.158186,s88.867632
123_23,s-1.145843,s1.644517,s308.305403
123_24,s1.349465,s-0.659420,s349.265177
123_25,s1.443482,s0.405868,s250.443083
123_26,s-0.383802,s-1.929880,s143.358398
123_27,s0.491378,s2.062198,s141.942435
123_28,s-2.110923,s-0.841417,s19.897857
123_29,s0.597287,s2.477488,s3.254666
123_30,s0.562859,s-2.329098,s78.922780
123_31,s-2.032929,s-1.377363,s82.219819
123_32,s2.165940,s-0.443901,s53.004221
123_33,s1.204635,s1.956615,s239.932746
123_34,s-2.399723,s0.556198,s47.768721
123_35,s2.077541,s0.695188,s248.202935
123_36,s-0.277267,s2.132006,s310.790688
123_37,s1.237606,s-1.377499,s198.968487
123_38,s2.204672,s-0.799461,s199.156790
123_39,s-0.799787,s2.513945,s327.894633
123_40,s-1.748111,s-2.175252,s335.356210
123_41,s-2.265433,s1.702333,s257.567607
123_42,s-1.059588,s-2.458007,s93.146946
123_43,s2.246176,s1.525550,s50.254483
123_44,s2.561822,s0.044318,s196.985222
123_45,s0.946594,s-2.514077,s203.706950
123_46,s-2.863806,s0.311675,s111.969204
123_47,s1.730845,s-2.092029,s299.085138
123_48,s-1.420620,s2.674475,s178.813087
123_49,s-2.740933,s-0.653403,s351.252377
123_50,s1.544069,s-2.468894,s195.001677
123_51,s-2.528150,s1.265598,s83.177729
123_52,s-0.083975,s-2.525529,s180.443185
123_53,s-2.258442,s-1.936694,s85.874910
123_54,s-2.240088,s2.144947,s82.196937
123_55,s1.937563,s2.317929,s81.576932
123_56,s1.309785,s2.700651,s56.872131
123_57,s2.351838,s2.786427,s86.504364
123_58,s-1.226267,s-2.912876,s180.508687
123_59,s-3.108807,s0.778864,s88.047816
123_60,s2.674890,s-1.179964,s243.760162
123_61,s2.791025,s1.312809,s103.484458
123_62,s-0.304361,s3.260074,s260.517948
123_63,s2.630446,s-1.779693,s255.125964
123_64,s-2.916537,s-1.477197,s78.008860
123_65,s-2.069252,s-2.531983,s119.450090
123_66,s-2.011036,s2.784676,s61.165492
123_67,s2.916051,s1.889652,s59.220904
123_68,s2.897855,s0.657400,s287.556945
123_69,s-0.099146,s-3.457537,s110.297405
123_70,s-3.591113,s-0.538743,s248.286502
123_71,s3.097665,s-0.923607,s324.953082
123_72,s0.610860,s-3.490754,s355.112411
123_73,s2.371067,s-2.292014,s153.003850
123_74,s-1.388348,s3.229250,s263.551763
123_75,s1.550915,s-3.419221,s111.279848
123_76,s-1.823470,s-2.932116,s161.899360
123_77,s3.551862,s-1.325083,s239.023862
123_78,s1.968074,s-3.293378,s242.478775
123_79,s-3.448207,s1.232374,s57.815228
123_80,s2.746498,s2.396287,s354.998882
123_81,s0.244141,s3.655432,s76.715365
123_82,s2.960785,s-2.227519,s163.010720
123_83,s3.327816,s1.688645,s269.765817
123_84,s3.618072,s-1.972144,s255.363405
123_85,s1.484212,s3.215719,s300.560507
123_86,s-1.794233,s3.276517,s44.063668
123_87,s-3.382941,s1.722825,s333.269397
123_88,s3.702887,s0.629327,s278.485924
123_89,s-2.736776,s-2.384950,s107.705049
123_90,s-3.433096,s-2.070030,s160.722740
123_91,s0.294147,s-3.787299,s129.802122
123_92,s3.569591,s0.182724,s200.104896
123_93,s3.826744,s1.143109,s310.975682
123_94,s-1.081544,s-3.887390,s244.491686
123_95,s-4.130341,s-0.457707,s178.835529
123_96,s-0.745222,s3.457187,s13.102566
123_97,s2.459622,s3.348968,s2.629887
123_98,s0.964278,s-3.944929,s206.497124
123_99,s2.162479,s-3.812008,s184.080761
123_100,s-4.147526,s1.047130,s141.092124
123_101,s1.578988,s3.726424,s339.471189
123_102,s-3.762736,s2.230104,s98.283717
123_103,s3.581416,s-2.483097,s141.765587
123_104,s-3.723869,s-0.077273,s80.125218
123_105,s3.492295,s2.232857,s293.925257
123_106,s4.372659,s0.379827,s227.940986
123_107,s3.299587,s2.763446,s20.554172
123_108,s-4.086635,s-1.484298,s181.620108
123_109,s-1.821645,s3.979269,s239.966101
123_110,s-2.834467,s-3.123933,s172.007555
123_111,s-1.916885,s-3.934424,s317.757648
123_112,s-1.337604,s-4.270745,s174.733833
123_113,s0.746295,s3.386491,s325.030333
123_114,s-0.881923,s4.521529,s217.815638
123_115,s3.365389,s-3.355069,s307.427424
123_116,s-3.097483,s2.829436,s105.921018
123_117,s-2.662503,s3.322436,s71.748045
123_118,s-3.445169,s-2.998770,s193.779624
123_119,s4.132040,s1.969628,s271.374904
123_120,s4.137241,s-1.056108,s44.278387
123_121,s0.299255,s-4.300971,s202.264556
123_122,s-4.472734,s1.631273,s160.565829
124_0,s-0.009438,s-0.012058,s306.158083
124_1,s-0.473736,s0.103818,s339.812958
124_2,s-0.425462,s-0.412552,s52.198286
124_3,s0.135964,s-0.360281,s219.757421
124_4,s0.765062,s0.233689,s240.835626
124_5,s-0.153194,s-0.845163,s128.440392
124_6,s-0.871208,s-0.594089,s116.915702
124_7,s-0.922037,s0.418742,s358.824719
124_8,s0.320907,s0.617258,s53.589676
124_9,s0.928339,s-0.669154,s36.162570
124_10,s0.532685,s-1.172461,s191.323303
124_11,s0.718594,s0.787156,s265.073963
124_12,s0.411939,s1.224281,s82.587330
124_13,s1.299118,s-0.520114,s314.750568
124_14,s0.981096,s-1.041799,s242.691335
124_15,s-1.259800,s0.251727,s100.620300
124_16,s-0.731998,s1.492488,s210.797922
124_17,s0.856000,s1.295762,s291.684149
124_18,s-0.241865,s1.596830,s331.863986
124_19,s-0.989506,s-1.200108,s78.932911
124_20,s1.641293,s0.252766,s3.875616
124_21,s0.054534,s-1.443624,s109.756995
124_22,s1.724283,s-0.900263,s206.581880
124_23,s-0.230964,s-2.063736,s268.223090
124_24,s-1.317600,s-1.693097,s257.398257
124_25,s-1.222400,s0.920298,s53.542472
124_26,s-1.696958,s0.732086,s110.206388
124_27,s-1.798596,s-0.848425,s73.680671
124_28,s-1.931966,s-0.128591,s126.508468
124_29,s-1.977306,s1.169122,s80.793045
124_30,s1.456182,s1.843286,s19.446913
124_31,s0.565567,s1.601740,s9.671025
124_32,s2.111375,s0.122774,s245.761177
124_33,s0.993987,s-1.633286,s258.597058
124_34,s-1.141677,s1.865837,s124.285932
124_35,s-0.729955,s-2.156549,s180.050395
124_36,s1.960831,s0.765076,s323.163441
124_37,s-1.730768,s1.867188,s45.128992
124_38,s-0.403208,s2.251382,s55.016012
124_39,s1.059016,s-2.119844,s149.099780
124_40,s1.703873,s1.331465,s286.681249
124_41,s2.374831,s-1.185448,s10.758420
124_42,s-2.150684,s-1.174655,s116.548199
124_43,s0.454919,s2.465740,s69.021320
124_44,s-1.463350,s2.364511,s348.214349
124_45,s-1.406361,s-2.155320,s215.253683
124_46,s2.198541,s1.853386,s28.180955
124_47,s-1.769323,s-1.720802,s115.691385
124_48,s2.085808,s-1.948017,s320.440777
124_49,s2.693262,s-0.446941,s188.095444
124_50,s0.312103,s-2.561374,s122.401945
124_51,s-2.462847,s1.724318,s81.139034
124_52,s2.647760,s0.985579,s185.023433
124_53,s-1.892072,s-2.291248,s126.968421
124_54,s-2.408444,s0.155640,s102.563429
124_55,s0.427915,s2.999031,s347.612629
124_56,s2.763242,s-1.325776,s242.943757
124_57,s1.692376,s-2.308697,s262.132037
124_58,s0.494532,s-3.079143,s174.468639
124_59,s1.569588,s2.511426,s314.459182
124_60,s2.683114,s1.565529,s249.686136
124_61,s-1.376422,s-2.799193,s130.474381
124_62,s-2.917783,s-0.787819,s324.474155
124_63,s-3.131672,s0.999377,s230.040392
124_64,s-2.582395,s-2.062802,s146.731154
124_65,s3.123715,s0.635651,s304.768324
124_66,s2.702599,s-1.845135,s193.672475
124_67,s2.266991,s2.491133,s274.772200
124_68,s0.975237,s-3.066019,s212.633896
124_69,s1.817750,s-2.972505,s280.659656
124_70,s3.101977,s1.839912,s312.211272
124_71,s-2.981201,s-1.316536,s96.919770
124_72,s1.633592,s3.278956,s266.762763
124_73,s-3.014642,s2.272953,s260.017156
124_74,s-1.215492,s3.442930,s270.703557
124_75,s-0.437150,s-3.237500,s79.943714
124_76,s-1.842765,s2.999543,s327.359667
124_77,s-0.398878,s-3.740695,s242.563040
124_78,s-1.671456,s-3.467349,s226.111366
124_79,s-2.246649,s-3.003502,s141.547232
124_80,s-3.395946,s1.667582,s163.538147
124_81,s0.925852,s-3.802878,s139.397200
124_82,s-3.769270,s0.367727,s229.158734
124_83,s3.226126,s-0.741118,s317.394337
124_84,s3.726064,s0.486311,s193.304215
124_85,s1.774738,s-3.635538,s303.414573
124_86,s-2.861654,s2.943146,s129.223219
124_87,s-3.838654,s-0.741693,s339.685606
124_88,s-3.081159,s-1.993547,s79.760645
124_89,s0.665755,s4.154635,s136.895852
124_90,s4.045320,s1.173594,s209.270841
124_91,s-0.827726,s3.941202,s42.702292
124_92,s3.827379,s-0.847797,s162.564330
124_93,s1.031635,s3.123691,s337.156076
124_94,s2.778384,s3.083403,s220.398091
124_95,s-2.160474,s3.404729,s94.014865
124_96,s-3.354408,s-2.579975,s170.041600
124_97,s2.523149,s3.422862,s10.859255
124_98,s-4.009234,s-1.323242,s152.739730
124_99,s3.238340,s-2.013759,s297.293198
124_100,s-1.392941,s3.994917,s118.984113
124_101,s1.769234,s3.807391,s340.245215
124_102,s-1.961369,s-4.013318,s56.709846
124_103,s4.189794,s1.786335,s92.518618
124_104,s-4.246765,s1.066356,s6.618649
124_105,s4.048229,s-1.404006,s206.281743
124_106,s-3.628406,s2.198629,s102.371975
124_107,s2.934527,s-3.072588,s30.323904
124_108,s-3.476487,s2.883426,s82.794206
124_109,s1.300001,s-3.952627,s230.141016
124_110,s3.475297,s-2.462529,s172.923919
124_111,s2.347507,s-3.829553,s181.569602
124_112,s-3.794236,s-2.333438,s99.332672
124_113,s-4.299682,s-0.804504,s139.841890
124_114,s-4.676754,s0.947513,s71.000766
124_115,s-2.401917,s3.844012,s43.029775
124_116,s3.806908,s2.353247,s326.527189
124_117,s-2.879718,s-3.787557,s134.110420
124_118,s1.328408,s-4.506547,s195.714723
124_119,s4.197526,s-2.450607,s126.202320
124_120,s4.276623,s-0.063733,s330.798887
124_121,s3.567108,s2.849287,s355.617821
124_122,s2.856837,s3.883078,s274.783573
124_123,s1.034309,s4.180654,s300.098661
125_0,s-0.502033,s-0.036842,s270.521230
125_1,s0.217505,s-0.343114,s155.321077
125_2,s0.539014,s0.132697,s199.156221
125_3,s-0.655312,s0.646060,s167.536203
125_4,s-0.106125,s0.429347,s318.602914
125_5,s-0.406045,s1.113777,s103.469893
125_6,s-0.811357,s-0.249318,s108.883779
125_7,s0.524305,s0.673794,s256.123275
125_8,s-0.423640,s-0.584186,s134.627567
125_9,s1.039910,s-0.571065,s232.830491
125_10,s0.620655,s1.343733,s223.775772
125_11,s1.066936,s0.153536,s233.025279
125_12,s-0.058310,s1.145473,s331.663121
125_13,s-0.075446,s-1.431626,s333.264897
125_14,s-1.451674,s-0.001244,s355.496860
125_15,s-0.542989,s1.654376,s19.873241
125_16,s-1.116007,s-1.243191,s177.908158
125_17,s0.782630,s-1.177597,s248.151613
125_18,s1.372249,s0.849779,s273.734933
125_19,s1.091274,s1.418684,s270.759641
125_20,s0.649006,s-1.621617,s114.939808
125_21,s-1.571309,s0.827133,s356.424557
125_22,s1.533728,s0.275283,s274.091508
125_23,s0.537059,s1.739728,s326.376336
125_24,s-1.643474,s-0.660691,s107.765130
125_25,s1.739202,s-0.688145,s286.672760
125_26,s1.643697,s-1.276121,s247.282895
125_27,s-0.363619,s-1.738870,s110.044300
125_28,s-0.462023,s-2.372856,s288.020966
125_29,s1.205669,s2.151750,s218.313799
125_30,s-1.064751,s1.909236,s105.500038
125_31,s-2.601964,s0.404931,s256.146610
125_32,s-1.618693,s-1.225099,s122.075815
125_33,s2.045188,s1.282207,s225.359467
125_34,s-2.132936,s0.857311,s80.663424
125_35,s1.746796,s-1.781188,s222.644360
125_36,s-2.097964,s-0.129609,s118.597768
125_37,s0.199769,s2.645703,s175.592222
125_38,s-1.445206,s-2.376152,s145.585616
125_39,s0.978135,s-1.954047,s191.030924
125_40,s2.640751,s-1.477495,s162.779510
125_41,s1.417232,s-2.362289,s234.816193
125_42,s-0.494083,s2.545943,s22.523306
125_43,s2.631577,s0.489292,s199.490904
125_44,s-1.308538,s2.411065,s27.888509
125_45,s-0.955428,s-2.251106,s194.209822
125_46,s-1.776668,s2.005617,s73.193656
125_47,s2.697060,s-0.568011,s220.712627
125_48,s1.143148,s2.557317,s312.716591
125_49,s-2.558448,s-1.044484,s122.673783
125_50,s-2.766746,s1.396075,s258.083534
125_51,s2.062525,s1.627444,s11.751947
125_52,s-2.694421,s-2.092741,s327.114226
125_53,s-1.045161,s3.449402,s102.609623
125_54,s2.463316,s1.648328,s311.459689
125_55,s0.428968,s-2.295473,s205.314704
125_56,s-1.964906,s-1.912899,s143.768324
125_57,s0.727998,s2.933708,s69.538632
125_58,s-3.128767,s0.875775,s136.417124
125_59,s-0.146616,s3.049120,s59.386488
125_60,s-1.924505,s2.493305,s36.639571
125_61,s3.201965,s0.784543,s62.317899
125_62,s2.438948,s2.121825,s358.319381
125_63,s2.960975,s1.541879,s232.805839
125_64,s-3.011609,s-0.558176,s127.045403
125_65,s-1.022674,s-3.028312,s128.319925
125_66,s-3.186839,s-1.679029,s146.972483
125_67,s3.234535,s-1.468631,s314.009679
125_68,s0.645330,s-3.397482,s314.854432
125_69,s-2.773304,s2.052730,s231.761656
125_70,s3.258169,s0.179754,s163.494042
125_71,s2.874691,s-2.028774,s291.764183
125_72,s1.338328,s-3.097611,s289.915973
125_73,s2.758368,s-2.400622,s188.654498
125_74,s1.632639,s3.318258,s345.915242
125_75,s-3.304182,s1.729983,s205.995661
125_76,s1.080529,s3.491018,s51.102173
125_77,s-0.880680,s3.780594,s354.342803
125_78,s1.903461,s2.682029,s315.821840
125_79,s-3.733972,s1.118174,s356.300964
125_80,s2.123721,s-3.272202,s324.012575
125_81,s-2.644646,s2.518325,s10.424127
125_82,s-2.090875,s-2.888186,s129.248595
125_83,s2.763082,s3.037399,s354.818574
125_84,s-3.131410,s2.266728,s60.617801
125_85,s-1.405380,s-3.925973,s45.642515
125_86,s-2.662503,s-2.582783,s119.323409
125_87,s3.716204,s0.803429,s175.156994
125_88,s3.555251,s1.853119,s187.539971
125_89,s-3.933361,s-0.877162,s352.675113
125_90,s-0.433789,s-3.338390,s220.681106
125_91,s0.712349,s-3.757144,s195.536038
125_92,s-2.559926,s3.510655,s67.488214
125_93,s3.912693,s-0.571825,s83.807088
125_94,s-3.596355,s-1.448310,s118.777031
125_95,s3.910112,s-1.988546,s313.589006
125_96,s0.354239,s4.099165,s332.617876
125_97,s2.874948,s2.631481,s260.175256
125_98,s2.211179,s-3.639175,s193.201937
125_99,s2.300257,s3.454629,s24.483327
125_100,s-2.121762,s3.219761,s348.513466
125_101,s-4.210444,s-0.030704,s322.535170
125_102,s-4.018577,s0.827852,s106.204021
125_103,s-4.605543,s-0.462916,s32.153396
125_104,s-3.824454,s-2.165225,s127.339428
125_105,s1.092005,s4.054432,s303.308289
125_106,s4.270240,s-0.354197,s326.181896
125_107,s-3.214396,s2.970720,s11.057483
125_108,s1.644146,s-3.729480,s65.443148
125_109,s-2.710898,s-3.620371,s206.394144
125_110,s-2.103537,s4.164027,s23.691123
125_111,s4.153619,s1.067434,s11.654993
125_112,s-3.155286,s-3.200015,s136.484466
125_113,s3.383411,s3.101655,s37.354364
125_114,s-4.307280,s-1.500859,s63.089542
125_115,s-3.864033,s2.039255,s61.845514
125_116,s-1.905386,s-4.161442,s225.014044
125_117,s0.935108,s4.711540,s263.949176
125_118,s4.101093,s-1.039617,s270.159629
125_119,s3.357400,s-2.361804,s242.489670
125_120,s3.935644,s-2.952568,s148.940952
125_121,s2.987390,s-3.312879,s178.956834
125_122,s4.287144,s2.010280,s55.476019
125_123,s-0.430639,s4.115382,s304.235034
125_124,s1.656989,s-4.221376,s224.179043
126_0,s0.015438,s0.011869,s218.864375
126_1,s-0.308614,s0.910672,s238.523735
126_2,s-0.743640,s0.790935,s192.236114
126_3,s-1.181873,s-0.020717,s355.399464
126_4,s-0.729120,s-0.565935,s66.062355
126_5,s-0.597103,s-1.113797,s324.290387
126_6,s-0.028073,s-0.920076,s243.686626
126_7,s0.851068,s-1.082903,s230.115134
126_8,s1.166381,s-0.695908,s287.556966
126_9,s1.707178,s-0.215934,s11.317951
126_10,s1.528107,s0.894876,s109.941445
126_11,s0.736125,s1.689702,s197.019279
126_12,s0.456142,s0.848117,s6.253092
126_13,s-0.485576,s1.827302,s272.172123
126_14,s-1.264523,s1.298409,s293.139292
126_15,s-1.656550,s0.715668,s351.608008
126_16,s-1.702819,s0.150509,s36.307030
126_17,s-1.679775,s-0.313820,s97.235186
126_18,s-1.623534,s-1.058788,s216.398100
126_19,s-1.015983,s-1.990518,s342.786978
126_20,s-0.320197,s-2.008453,s353.700386
126_21,s0.234952,s-1.686612,s223.730915
126_22,s1.155046,s-1.913528,s53.474704
126_23,s1.792602,s-1.207427,s153.242568
126_24,s2.127599,s-0.589840,s185.045596
126_25,s2.167573,s-0.037771,s224.701667
126_26,s2.175568,s0.632222,s224.956322
126_27,s1.875775,s0.992935,s340.756156
126_28,s1.249264,s1.940781,s228.939498
126_29,s0.849848,s2.623010,s182.497733
126_30,s0.405378,s2.103269,s5.760871
126_31,s-0.425018,s2.335711,s302.561808
126_32,s-1.322886,s2.075691,s275.829978
126_33,s-2.109230,s1.721325,s280.001182
126_34,s-2.539600,s0.840787,s341.774308
126_35,s-2.315825,s0.404319,s98.087219
126_36,s-2.720244,s-0.143667,s272.378192
126_37,s-2.686102,s-1.133771,s347.107032
126_38,s-2.177095,s-1.413515,s236.397484
126_39,s-1.817274,s-2.143723,s240.472470
126_40,s-0.777713,s-2.674788,s100.472677
126_41,s-0.107115,s-2.473920,s132.273823
126_42,s0.426628,s-2.326676,s188.516360
126_43,s0.894984,s-3.223980,s329.546081
126_44,s1.521123,s-2.124718,s217.541204
126_45,s2.410348,s-1.864323,s86.335454
126_46,s2.649342,s-1.071801,s137.675921
126_47,s3.130698,s-0.874540,s359.617909
126_48,s3.225184,s-0.012049,s27.995844
126_49,s2.470341,s1.381299,s213.597963
126_50,s2.835324,s2.104192,s132.738317
126_51,s2.282470,s2.267915,s114.918007
126_52,s1.415142,s2.312057,s316.107096
126_53,s1.428286,s2.868986,s62.053543
126_54,s0.043187,s3.317947,s267.963751
126_55,s-0.517080,s3.234759,s235.039682
126_56,s-1.049861,s3.082591,s181.940394
126_57,s-1.860720,s2.824253,s243.087940
126_58,s-2.355874,s2.291585,s280.268417
126_59,s-2.639308,s1.969063,s146.889459
126_60,s-3.184670,s1.108535,s169.065361
126_61,s-3.329291,s0.190630,s98.462566
126_62,s-3.152376,s-0.660451,s358.040903
126_63,s-3.515819,s-0.955609,s238.331532
126_64,s-2.830786,s-1.533226,s148.110670
126_65,s-2.393283,s-2.549922,s34.023890
126_66,s-1.660110,s-2.897118,s83.378606
126_67,s-1.484500,s-3.369948,s292.950303
126_68,s-0.827258,s-3.616985,s326.982774
126_69,s0.111856,s-3.562650,s33.714765
126_70,s0.504881,s-3.629482,s278.206596
126_71,s1.793660,s-3.654711,s51.836439
126_72,s2.472109,s-2.722022,s138.246635
126_73,s3.006213,s-2.692719,s39.628152
126_74,s2.889374,s-2.087002,s348.476697
126_75,s3.419092,s-1.490193,s344.610929
126_76,s3.757117,s-0.499973,s314.543596
126_77,s3.992280,s0.791500,s190.437868
126_78,s3.368473,s0.526799,s343.894794
126_79,s3.255044,s1.723374,s230.028527
126_80,s3.420177,s2.152311,s53.941960
126_81,s2.757180,s2.733648,s83.651699
126_82,s1.939862,s3.665794,s192.666525
126_83,s1.312065,s3.388318,s341.821459
126_84,s0.697065,s3.592135,s355.774989
126_85,s-0.016829,s3.867773,s18.725861
126_86,s-0.828552,s4.210436,s192.749255
126_87,s-1.066430,s3.513822,s72.901363
126_88,s-1.994677,s3.608394,s132.420416
126_89,s-2.773857,s3.027668,s191.730018
126_90,s-3.351102,s2.371777,s257.250561
126_91,s-3.745962,s1.938047,s206.949989
126_92,s-3.961409,s0.752687,s335.783941
126_93,s-4.274877,s0.412550,s121.267289
126_94,s-4.126435,s-0.276121,s231.640202
126_95,s-3.989700,s-1.031859,s151.260325
126_96,s-3.845918,s-1.656404,s223.682208
126_97,s-3.364772,s-2.450594,s154.661763
126_98,s-3.068299,s-3.044081,s335.244961
126_99,s-2.541627,s-3.526321,s299.715465
126_100,s-2.011260,s-3.678428,s250.099822
126_101,s-1.073861,s-4.112352,s212.770581
126_102,s-0.555797,s-4.195666,s282.368871
126_103,s0.676996,s-4.577071,s35.458455
126_104,s0.960674,s-4.010633,s246.330800
126_105,s1.902449,s-4.046509,s238.468664
126_106,s2.274918,s-3.562502,s196.518511
126_107,s2.951193,s-3.603288,s336.165421
126_108,s3.614149,s-2.522693,s164.307625
126_109,s3.863507,s-2.034647,s231.818748
126_110,s4.379773,s-1.524255,s103.223219
126_111,s4.466519,s-0.477251,s158.203619
126_112,s4.480644,s0.065879,s226.909474
126_113,s4.684996,s0.685502,s38.438543
126_114,s4.578152,s1.475708,s92.643735
126_115,s3.891358,s2.299651,s220.211038
126_116,s3.610756,s2.796641,s256.607373
126_117,s3.364782,s3.590060,s128.823205
126_118,s2.770191,s3.653392,s49.789354
126_119,s1.908281,s4.080703,s343.006778
126_120,s1.363703,s4.900698,s192.001460
126_121,s0.769182,s4.883391,s159.308932
126_122,s-0.236400,s4.818095,s289.772197
126_123,s-1.242381,s4.513137,s285.803932
126_124,s-1.774259,s4.577009,s179.135076
126_125,s-2.276890,s4.135218,s121.491704
127_0,s0.312345,s-0.055107,s46.928536
127_1,s-0.241161,s-0.703982,s302.701539
127_2,s0.869527,s-0.158178,s31.502529
127_3,s-0.776495,s-0.658010,s333.985377
127_4,s0.818660,s-0.588710,s170.519265
127_5,s0.934430,s0.677397,s204.449559
127_6,s-0.439121,s0.270321,s68.608054
127_7,s0.286324,s0.847006,s307.021133
127_8,s0.218339,s-0.908504,s217.627593
127_9,s-0.512161,s0.907313,s237.223192
127_10,s-1.266062,s-0.537706,s132.898453
127_11,s-1.025860,s-0.214204,s39.522485
127_12,s-1.449541,s0.594801,s326.304128
127_13,s-0.225249,s-1.445662,s35.697261
127_14,s-0.032745,s1.351486,s62.309034
127_15,s1.559352,s-0.533680,s139.040155
127_16,s-1.014070,s-1.041444,s178.515241
127_17,s1.132109,s-1.443614,s302.490130
127_18,s0.466442,s-1.774599,s88.077361
127_19,s-0.935904,s1.556248,s112.845474
127_20,s0.816532,s1.731392,s114.431783
127_21,s0.827174,s-1.930319,s272.466702
127_22,s-1.753009,s-0.401414,s99.137998
127_23,s-0.282451,s1.918796,s0.920983
127_24,s1.535414,s0.993136,s161.076859
127_25,s-0.932325,s2.007477,s40.767774
127_26,s-0.501786,s-1.993843,s253.417644
127_27,s1.343600,s1.564700,s148.654308
127_28,s-1.429643,s-1.306695,s103.913444
127_29,s0.158568,s2.268945,s260.473196
127_30,s-1.656983,s-1.847589,s122.048042
127_31,s1.865137,s1.270354,s270.353676
127_32,s1.494551,s-0.037567,s250.326844
127_33,s-1.863971,s1.303399,s36.464448
127_34,s1.992480,s-0.834516,s283.415190
127_35,s-1.945483,s0.706402,s90.097488
127_36,s-0.939031,s-2.265668,s41.552197
127_37,s0.394833,s-2.397163,s217.437485
127_38,s2.088613,s-1.407975,s197.746796
127_39,s1.821815,s0.357589,s305.139953
127_40,s-2.394074,s1.120676,s64.813297
127_41,s0.755134,s2.619215,s47.343709
127_42,s-1.983729,s-1.113653,s62.344165
127_43,s-0.932355,s2.583868,s293.383419
127_44,s-0.126435,s-2.862198,s57.338131
127_45,s1.964897,s-1.995519,s151.807791
127_46,s1.641663,s1.733907,s344.808003
127_47,s2.237296,s1.719971,s345.681385
127_48,s-2.938135,s0.509954,s9.898144
127_49,s-1.079112,s-2.692463,s206.517199
127_50,s-1.483711,s-2.308116,s141.374903
127_51,s2.497449,s-1.249241,s246.855899
127_52,s-3.112260,s-0.831376,s304.598241
127_53,s-0.876709,s3.221410,s73.000230
127_54,s2.797504,s0.957728,s291.096929
127_55,s-2.391789,s-1.377106,s117.349348
127_56,s-1.820134,s2.178184,s332.767629
127_57,s2.244153,s0.076973,s272.055096
127_58,s1.972834,s-2.672019,s221.349497
127_59,s0.872143,s3.064196,s309.534689
127_60,s0.856785,s-3.215228,s251.067976
127_61,s2.126317,s2.784758,s106.394961
127_62,s3.104433,s0.304853,s302.842329
127_63,s-3.348765,s1.002146,s84.216139
127_64,s2.610790,s-2.337660,s4.932584
127_65,s-0.508256,s-3.369276,s257.411858
127_66,s-1.958256,s2.707016,s29.782442
127_67,s-3.001165,s0.086529,s148.189127
127_68,s2.872700,s-0.358528,s277.421612
127_69,s3.422705,s1.726054,s123.116891
127_70,s3.155109,s-0.732766,s186.409166
127_71,s-3.150039,s-1.471506,s84.012357
127_72,s-2.985204,s-2.048230,s245.706752
127_73,s-3.369874,s1.603767,s78.347790
127_74,s-2.497436,s2.088693,s49.878539
127_75,s3.228132,s2.325250,s107.689999
127_76,s1.555566,s3.005648,s346.018523
127_77,s3.854656,s-0.823407,s341.537328
127_78,s2.608392,s2.641305,s295.963838
127_79,s0.737085,s3.680613,s126.683752
127_80,s3.931614,s1.522725,s143.643263
127_81,s-3.664219,s-0.931937,s2.014768
127_82,s-1.169972,s-3.360100,s184.095296
127_83,s3.119393,s-2.267278,s321.411360
127_84,s-2.091257,s-3.193561,s237.871770
127_85,s0.538212,s-3.666401,s108.209102
127_86,s-1.188390,s3.783578,s304.234760
127_87,s-1.952199,s3.523335,s332.813879
127_88,s-3.101730,s2.182632,s95.762038
127_89,s2.613758,s-2.859928,s293.121105
127_90,s-3.855225,s0.219143,s301.218176
127_91,s-2.738740,s-2.552573,s144.171864
127_92,s0.800138,s-4.069211,s292.413589
127_93,s3.781631,s0.284577,s281.850847
127_94,s3.590677,s-1.493603,s312.625678
127_95,s-2.597854,s2.996279,s118.138837
127_96,s-3.318582,s-2.151577,s89.925113
127_97,s1.812291,s-3.425403,s259.375982
127_98,s-2.758590,s3.407237,s49.931002
127_99,s-0.782701,s-4.223089,s133.651007
127_100,s1.286186,s3.856777,s312.209426
127_101,s3.539007,s2.499931,s6.283875
127_102,s2.600891,s3.463843,s105.778913
127_103,s0.707074,s4.145767,s94.702120
127_104,s-4.065563,s-1.386195,s40.678495
127_105,s-2.140841,s-3.702644,s203.171058
127_106,s3.945265,s-1.903518,s284.048440
127_107,s2.880078,s-3.366799,s208.539334
127_108,s-3.449563,s2.816978,s16.353416
127_109,s3.768109,s2.053285,s248.534936
127_110,s3.573562,s-2.622784,s272.301916
127_111,s-4.082614,s2.643144,s184.031982
127_112,s1.632975,s-4.142688,s117.011490
127_113,s4.362863,s1.015250,s311.995972
127_114,s-3.083923,s-3.327610,s141.275737
127_115,s-4.365119,s1.230070,s196.472413
127_116,s4.337618,s-0.120475,s258.690249
127_117,s4.648459,s-0.798120,s229.649573
127_118,s-3.411434,s-2.993129,s63.190023
127_119,s0.665718,s-4.477530,s169.278816
127_120,s4.660211,s0.577415,s242.416141
127_121,s-4.368104,s-1.836087,s198.680793
127_122,s2.408667,s-3.853639,s153.626479
127_123,s2.219101,s4.371125,s138.194211
127_124,s2.968661,s3.558645,s333.200907
127_125,s-2.418559,s3.858592,s30.142142
127_126,s3.524182,s-3.229781,s192.221216
128_0,s-0.010723,s0.053269,s66.707866
128_1,s0.442042,s0.392016,s36.108856
128_2,s0.413040,s-0.319088,s317.372545
128_3,s-0.178742,s-0.845685,s292.729561
128_4,s-0.495137,s-0.283342,s45.203505
128_5,s-0.292372,s0.668960,s110.806044
128_6,s0.845483,s-0.606876,s208.449440
128_7,s0.548398,s0.965248,s309.403588
128_8,s-0.646217,s-0.663653,s135.675229
128_9,s-1.062498,s-0.296689,s89.820992
128_10,s1.226484,s0.544339,s167.494686
128_11,s0.343131,s-1.051618,s251.086132
128_12,s-1.117913,s0.902280,s173.952595
128_13,s-0.732621,s-1.262177,s249.976241
128_14,s-1.553719,s0.125424,s69.291006
128_15,s0.111613,s1.198052,s44.603933
128_16,s-0.568454,s1.163623,s36.238374
128_17,s1.865123,s0.412491,s23.184221
128_18,s-1.724075,s1.004104,s311.644830
128_19,s-0.176166,s-1.774537,s138.813897
128_20,s-1.342220,s-0.718646,s149.355734
128_21,s-1.299597,s-1.473838,s184.340306
128_22,s1.476947,s1.392696,s321.757207
128_23,s0.213131,s-1.676494,s294.305597
128_24,s1.338539,s-0.304625,s237.662579
128_25,s-1.221904,s1.814026,s130.903972
128_26,s0.393484,s1.815128,s255.972559
128_27,s0.707530,s-1.911129,s218.390571
128_28,s1.764617,s-1.080734,s53.328692
128_29,s-0.004750,s2.022486,s29.325873
128_30,s1.992109,s1.227160,s230.063208
128_31,s1.259427,s-1.515778,s216.803563
128_32,s-0.633426,s1.858431,s351.469601
128_33,s-2.407925,s-0.334676,s253.660451
128_34,s1.400155,s1.999539,s350.531920
128_35,s-2.036508,s0.781116,s78.956244
128_36,s-1.859079,s-0.938742,s108.593672
128_37,s2.351326,s-0.547488,s62.857569
128_38,s-1.850687,s-2.008550,s2.040742
128_39,s-1.138952,s2.351876,s89.571254
128_40,s-1.980208,s1.701954,s123.018828
128_41,s-0.924162,s-2.413059,s129.027946
128_42,s0.311135,s-2.697363,s13.213091
128_43,s2.189743,s-1.218988,s254.040686
128_44,s1.894508,s-1.925294,s243.095825
128_45,s-0.731940,s2.788278,s85.179053
128_46,s-2.712435,s0.166372,s261.780612
128_47,s0.887076,s2.212371,s73.075616
128_48,s-2.935410,s-0.231297,s191.526318
128_49,s1.463672,s-2.518734,s282.423793
128_50,s2.832064,s0.401603,s8.002712
128_51,s-1.689801,s-2.425325,s138.206776
128_52,s1.895682,s2.280466,s336.007918
128_53,s-0.374264,s-2.508774,s161.723459
128_54,s2.700832,s-1.008687,s357.674113
128_55,s1.288020,s-2.875904,s105.686197
128_56,s0.476091,s2.787798,s272.771297
128_57,s-0.381787,s3.017173,s297.772872
128_58,s-2.485132,s2.030739,s138.657177
128_59,s-2.976885,s0.784361,s158.796429
128_60,s-2.243118,s2.392188,s44.212510
128_61,s-2.541169,s-1.576140,s34.575632
128_62,s2.411094,s1.809154,s2.774860
128_63,s1.046722,s3.278814,s41.490442
128_64,s3.085300,s-0.588877,s263.937251
128_65,s1.608746,s2.937631,s19.304133
128_66,s-2.377124,s-2.319514,s45.057763
128_67,s2.732949,s1.388076,s323.111914
128_68,s-3.141626,s1.080284,s3.820692
128_69,s-0.931630,s-3.398786,s210.104071
128_70,s1.567520,s-3.233170,s309.369421
128_71,s2.498560,s-2.565290,s150.338857
128_72,s0.604364,s-3.335331,s156.860744
128_73,s-1.476109,s-3.226044,s110.977929
128_74,s-1.870601,s2.624741,s350.858339
128_75,s-0.801954,s3.324177,s32.526997
128_76,s0.930134,s3.914444,s288.956246
128_77,s-3.627922,s0.105308,s189.706613
128_78,s3.202057,s-1.309000,s174.624254
128_79,s-3.173957,s-0.849647,s126.514985
128_80,s2.722304,s2.510042,s340.611568
128_81,s-3.638220,s0.922643,s160.166043
128_82,s-2.892287,s2.276766,s17.873686
128_83,s1.325766,s-3.605584,s138.097663
128_84,s-2.473172,s-2.748788,s132.606167
128_85,s-3.276731,s-1.825728,s229.135171
128_86,s-0.348099,s3.660651,s303.422299
128_87,s-2.134144,s3.112628,s60.174993
128_88,s3.062076,s1.076992,s264.771817
128_89,s2.519031,s3.341095,s122.220833
128_90,s2.979929,s-0.067615,s316.043495
128_91,s3.180994,s-2.919071,s42.716608
128_92,s3.458402,s1.539584,s271.240904
128_93,s3.706258,s0.194652,s299.752887
128_94,s3.667343,s-1.706793,s324.445683
128_95,s3.916704,s-0.449274,s325.378722
128_96,s-3.801340,s-0.849750,s98.912685
128_97,s-3.117277,s-2.680877,s108.443747
128_98,s3.341960,s-2.207371,s275.840458
128_99,s-1.918763,s3.714088,s56.180518
128_100,s-3.600575,s1.495127,s30.928872
128_101,s-4.159416,s0.731343,s69.082985
128_102,s-0.841570,s-4.125608,s140.378862
128_103,s-1.462095,s3.640103,s344.666541
128_104,s-1.710426,s-3.720021,s193.288723
128_105,s-2.948531,s3.151964,s13.220387
128_106,s2.474321,s-3.281231,s215.035332
128_107,s-2.593323,s-3.319696,s218.090841
128_108,s3.996358,s1.110143,s254.751419
128_109,s0.525170,s-4.140772,s205.441228
128_110,s3.314974,s2.317002,s256.249503
128_111,s3.614575,s-2.755532,s212.216023
128_112,s-3.660215,s-2.188275,s79.220977
128_113,s1.845939,s-3.909872,s264.597044
128_114,s1.183822,s-4.244482,s200.688122
128_115,s4.416866,s-1.075097,s205.450083
128_116,s-4.732044,s0.129316,s273.916587
128_117,s0.399687,s4.263460,s10.099496
128_118,s4.249642,s1.907930,s278.776634
128_119,s3.495905,s2.830021,s7.135676
128_120,s-3.874678,s-1.581314,s78.946595
128_121,s2.863555,s3.502587,s356.643847
128_122,s-1.918174,s-4.279216,s104.268927
128_123,s-3.432886,s2.223395,s32.457438
128_124,s-0.400718,s4.164174,s16.981004
128_125,s-0.073387,s-4.831908,s274.029380
128_126,s-3.345627,s-3.180025,s157.515923
128_127,s-3.386999,s2.990535,s61.863500
129_0,s-0.006501,s-0.035071,s313.968340
129_1,s-0.066893,s1.030520,s184.131378
129_2,s-0.800013,s0.755740,s315.542304
129_3,s-0.453322,s0.264958,s77.385882
129_4,s-0.903146,s-0.665159,s344.907904
129_5,s-0.758650,s-1.060134,s214.512086
129_6,s-0.210593,s-1.241838,s250.227273
129_7,s1.140982,s-0.957860,s133.901932
129_8,s1.314966,s-0.483433,s103.338494
129_9,s1.559157,s0.120061,s111.568974
129_10,s1.094946,s0.462305,s307.665061
129_11,s0.798311,s1.113483,s285.561705
129_12,s0.113206,s1.539921,s269.998324
129_13,s-0.714882,s1.813705,s267.314256
129_14,s-1.195710,s1.125745,s340.957207
129_15,s-1.537398,s0.702378,s40.136400
129_16,s-1.996935,s0.187068,s290.405602
129_17,s-1.789235,s-0.250745,s156.171845
129_18,s-1.569181,s-0.757415,s209.413526
129_19,s-1.248144,s-1.791418,s256.003201
129_20,s-0.006313,s-2.134120,s87.973965
129_21,s0.573051,s-1.719145,s149.796231
129_22,s1.093241,s-1.861338,s273.619976
129_23,s1.562926,s-1.419025,s302.938100
129_24,s2.080776,s-0.466114,s209.426934
129_25,s1.965517,s0.011449,s248.903461
129_26,s2.074676,s0.698252,s277.961830
129_27,s1.669283,s1.199104,s292.946153
129_28,s1.446300,s1.566142,s340.093632
129_29,s1.042983,s2.212092,s174.869327
129_30,s0.482369,s2.205377,s77.819197
129_31,s-0.618835,s2.468376,s288.711144
129_32,s-1.469677,s1.901107,s308.216131
129_33,s-1.624288,s1.601804,s108.683572
129_34,s-2.282346,s0.976434,s90.452713
129_35,s-2.348279,s0.360795,s55.846766
129_36,s-2.747401,s-0.317996,s293.020208
129_37,s-2.448742,s-1.057668,s344.244007
129_38,s-2.309701,s-1.657871,s322.732010
129_39,s-1.713426,s-2.047803,s353.796120
129_40,s-0.922958,s-2.467147,s75.258331
129_41,s-0.308677,s-2.628912,s119.714667
129_42,s0.315733,s-2.630416,s150.172172
129_43,s1.172071,s-2.623907,s66.487566
129_44,s1.528818,s-2.232848,s237.111375
129_45,s1.969750,s-1.943826,s298.569555
129_46,s2.793801,s-1.343340,s327.656091
129_47,s3.040008,s-0.348927,s242.805851
129_48,s2.699393,s0.088037,s301.435811
129_49,s2.906983,s1.192702,s209.648243
129_50,s2.630466,s1.373592,s14.095652
129_51,s2.110598,s2.312744,s151.247720
129_52,s1.692381,s2.848057,s143.153174
129_53,s1.120445,s3.159653,s186.421058
129_54,s0.316287,s2.789597,s316.974499
129_55,s-0.523588,s3.185142,s240.977220
129_56,s-0.866527,s3.061860,s132.978320
129_57,s-1.990340,s2.661166,s238.055776
129_58,s-2.456322,s2.341695,s222.996292
129_59,s-2.787972,s1.757701,s262.111897
129_60,s-3.359726,s0.988134,s326.796072
129_61,s-3.142617,s0.608835,s151.252070
129_62,s-3.398102,s-0.331638,s322.784471
129_63,s-3.035459,s-1.172595,s25.354911
129_64,s-2.713171,s-1.672454,s65.241027
129_65,s-2.425434,s-2.578773,s8.588317
129_66,s-1.796595,s-2.462316,s155.940116
129_67,s-1.256030,s-2.864728,s146.466359
129_68,s-1.159915,s-3.480200,s276.411153
129_69,s0.409581,s-3.570044,s75.700186
129_70,s0.910811,s-3.592495,s20.563976
129_71,s1.574221,s-3.377182,s10.646265
129_72,s2.493822,s-2.777279,s126.362069
129_73,s2.413912,s-2.168316,s243.563284
129_74,s2.951737,s-1.829249,s243.176841
129_75,s3.392018,s-1.249911,s203.633335
129_76,s3.852186,s-0.341471,s187.999525
129_77,s3.700416,s0.011787,s323.867159
129_78,s3.616110,s0.650703,s346.439611
129_79,s3.658806,s1.762863,s105.714390
129_80,s2.702045,s2.162596,s257.009000
129_81,s2.651517,s2.855828,s237.515292
129_82,s2.199344,s2.952983,s51.521840
129_83,s1.555664,s3.566332,s81.873810
129_84,s0.359940,s3.567065,s313.997356
129_85,s0.088942,s3.966938,s90.693851
129_86,s-0.947507,s4.058981,s198.555396
129_87,s-1.780841,s3.237576,s283.838306
129_88,s-2.093406,s3.717566,s174.621071
129_89,s-2.420334,s3.008961,s125.000913
129_90,s-3.588625,s2.138979,s315.921449
129_91,s-3.594282,s1.574065,s99.994109
129_92,s-3.894320,s0.936065,s48.098031
129_93,s-4.168910,s0.591082,s230.234019
129_94,s-3.952352,s-0.408109,s27.038867
129_95,s-3.970820,s-0.822300,s170.155183
129_96,s-3.885125,s-1.863900,s324.099521
129_97,s-3.450753,s-2.051448,s190.869869
129_98,s-3.054903,s-2.991820,s348.661430
129_99,s-2.265995,s-3.601095,s45.221798
129_100,s-1.947639,s-3.754120,s192.181350
129_101,s-1.485212,s-3.885723,s241.399497
129_102,s-0.279337,s-4.448554,s52.542520
129_103,s0.580425,s-4.159684,s83.343053
129_104,s0.965862,s-4.066944,s250.348780
129_105,s1.838836,s-4.156785,s344.207698
129_106,s2.449646,s-3.382292,s153.592418
129_107,s3.046486,s-3.134170,s161.651296
129_108,s3.712966,s-2.824248,s78.368080
129_109,s3.974005,s-2.365634,s331.398424
129_110,s4.155832,s-1.218849,s219.692130
129_111,s4.302567,s-0.666784,s291.028713
129_112,s4.380776,s-0.181472,s332.591784
129_113,s4.535183,s1.065252,s213.183176
129_114,s4.075356,s1.664684,s240.256850
129_115,s4.377799,s2.335941,s107.581045
129_116,s3.821820,s2.763799,s135.665376
129_117,s3.053354,s3.248122,s19.262401
129_118,s2.559843,s3.786018,s118.465884
129_119,s2.058209,s4.322254,s146.522130
129_120,s1.251717,s4.595994,s180.329891
129_121,s0.547113,s4.700515,s224.598863
129_122,s0.164860,s4.645483,s87.940379
129_123,s-1.189440,s4.521341,s272.581570
129_124,s-1.571159,s4.435081,s168.504131
129_125,s-2.153996,s4.285876,s143.188705
129_126,s-2.867177,s3.609686,s37.540984
129_127,s-3.321340,s3.227738,s114.316344
129_128,s-3.826771,s2.561012,s74.792916
130_0,s0.031311,s0.053993,s190.835031
130_1,s0.126937,s0.478504,s333.703399
130_2,s-0.463404,s0.505940,s355.622786
130_3,s-1.055626,s0.065419,s223.734302
130_4,s-0.939314,s-0.555050,s152.596193
130_5,s-0.536553,s-1.001032,s319.255477
130_6,s-0.231082,s-1.408302,s269.320341
130_7,s1.042700,s-0.957966,s115.075086
130_8,s1.382709,s-0.496975,s92.228782
130_9,s1.721012,s0.377855,s172.549954
130_10,s1.175468,s0.730324,s179.974267
130_11,s0.674872,s1.466617,s205.463533
130_12,s0.147235,s1.986416,s189.930958
130_13,s-0.528749,s1.841165,s206.861212
130_14,s-1.399668,s1.036403,s324.066750
130_15,s-1.022114,s0.571520,s82.717614
130_16,s-2.155413,s0.688768,s191.542395
130_17,s-1.493423,s-0.371489,s122.632895
130_18,s-1.638253,s-1.425941,s350.406439
130_19,s-0.682584,s-1.484146,s98.962684
130_20,s-0.495260,s-1.836150,s195.000747
130_21,s0.461009,s-1.858392,s124.127690
130_22,s1.101207,s-1.927921,s43.892427
130_23,s1.409717,s-1.291376,s255.547532
130_24,s1.723139,s-0.886318,s292.016561
130_25,s1.973219,s-0.251888,s262.901125
130_26,s2.229393,s0.950051,s175.517349
130_27,s2.119461,s1.479700,s122.778216
130_28,s1.382177,s1.660452,s174.274442
130_29,s0.827529,s1.868243,s336.481873
130_30,s0.004514,s2.583671,s228.482286
130_31,s-0.396098,s2.663530,s136.691166
130_32,s-1.164705,s1.787209,s359.348204
130_33,s-1.852928,s1.953455,s164.302268
130_34,s-2.285106,s1.155905,s139.414430
130_35,s-2.518347,s0.255580,s89.330399
130_36,s-2.259627,s-0.265891,s96.396897
130_37,s-2.609475,s-0.771635,s231.275192
130_38,s-2.136567,s-1.620613,s60.120155
130_39,s-1.921942,s-1.991613,s227.123912
130_40,s-1.003863,s-2.441743,s17.710559
130_41,s-0.662632,s-2.635024,s246.668900
130_42,s0.201969,s-2.969248,s318.318016
130_43,s1.327408,s-2.551007,s63.473262
130_44,s1.718853,s-1.746202,s166.666828
130_45,s2.461674,s-1.658848,s135.923282
130_46,s2.689270,s-1.197827,s88.342785
130_47,s2.845033,s-0.678724,s338.353964
130_48,s2.638748,s0.089423,s335.835295
130_49,s2.904438,s0.987427,s57.246857
130_50,s2.521543,s1.627758,s299.204750
130_51,s2.055152,s2.493182,s230.490923
130_52,s1.772865,s1.943673,s51.416182
130_53,s1.163374,s2.738561,s35.294193
130_54,s0.365699,s3.173895,s202.591632
130_55,s-0.170954,s3.110738,s86.255369
130_56,s-1.513853,s3.374416,s227.078791
130_57,s-1.640130,s2.280742,s358.969909
130_58,s-2.186456,s2.361656,s106.777457
130_59,s-2.866234,s1.598157,s302.156923
130_60,s-3.366775,s1.354508,s210.332847
130_61,s-3.585261,s0.227598,s341.228798
130_62,s-3.594656,s-0.644613,s337.799808
130_63,s-3.052484,s-1.203885,s64.619900
130_64,s-2.843553,s-1.623335,s153.505486
130_65,s-2.437873,s-2.133511,s196.296972
130_66,s-1.944026,s-3.172853,s329.296704
130_67,s-1.358874,s-3.269622,s322.602980
130_68,s-0.795938,s-3.225414,s240.427465
130_69,s0.208288,s-3.794436,s19.340571
130_70,s0.883221,s-2.949600,s147.641343
130_71,s1.658944,s-3.446893,s44.454698
130_72,s2.106855,s-3.026793,s75.002315
130_73,s2.330998,s-2.508624,s323.641233
130_74,s3.413554,s-1.897775,s79.019341
130_75,s3.254458,s-0.995466,s210.368090
130_76,s3.672858,s-0.770386,s338.901481
130_77,s3.685506,s0.059676,s344.210107
130_78,s3.367556,s0.662807,s326.507677
130_79,s3.404825,s1.351854,s0.385243
130_80,s2.887624,s2.431208,s250.978922
130_81,s2.805493,s3.039256,s109.026877
130_82,s1.885697,s3.466650,s182.120869
130_83,s1.397312,s3.206481,s7.438100
130_84,s0.585167,s3.843828,s219.440174
130_85,s-0.141711,s4.018281,s219.470010
130_86,s-0.671039,s4.047910,s135.016716
130_87,s-1.864995,s3.803705,s269.956333
130_88,s-2.065085,s2.975863,s2.535200
130_89,s-2.511471,s2.917687,s43.735870
130_90,s-3.174272,s2.330547,s297.526659
130_91,s-3.773017,s1.664527,s312.138806
130_92,s-3.811411,s1.141989,s49.599050
130_93,s-4.252082,s0.352706,s355.228507
130_94,s-3.895051,s-0.000968,s159.840040
130_95,s-4.103428,s-0.862006,s128.073528
130_96,s-3.492768,s-1.659979,s51.149597
130_97,s-3.778824,s-2.714387,s353.756239
130_98,s-2.663190,s-2.697162,s81.419451
130_99,s-2.401092,s-3.529448,s19.564017
130_100,s-1.533011,s-3.804667,s71.666017
130_101,s-0.984803,s-3.979884,s109.661426
130_102,s-0.389881,s-4.145423,s39.616844
130_103,s0.091071,s-4.270194,s283.378827
130_104,s0.973299,s-4.018429,s252.036917
130_105,s1.841597,s-3.876655,s217.321138
130_106,s2.438039,s-3.420162,s166.691941
130_107,s3.093227,s-3.114059,s69.345227
130_108,s3.459264,s-2.501964,s246.192974
130_109,s4.327199,s-2.338865,s67.247669
130_110,s4.189752,s-1.281736,s135.032338
130_111,s4.286919,s-0.658940,s309.387165
130_112,s4.829861,s0.198631,s104.479390
130_113,s4.277636,s0.746588,s291.873552
130_114,s4.470518,s1.581621,s123.328038
130_115,s4.318719,s2.175787,s104.201586
130_116,s3.364027,s2.833613,s224.623814
130_117,s3.071191,s3.297004,s289.614014
130_118,s2.730422,s3.743188,s93.463800
130_119,s1.860807,s4.046929,s276.672953
130_120,s1.427081,s4.606457,s136.684127
130_121,s0.517037,s4.807583,s183.986170
130_122,s0.069374,s4.488466,s76.110035
130_123,s-0.974765,s4.677011,s163.850234
130_124,s-1.415270,s4.303493,s91.237282
130_125,s-2.346246,s4.063504,s22.992635
130_126,s-2.809983,s3.606579,s20.834621
130_127,s-3.438568,s3.313377,s207.568695
130_128,s-3.754094,s2.659066,s90.872318
130_129,s-4.177951,s2.086733,s59.481129
131_0,s0.266457,s-0.245133,s291.956924
131_1,s-0.716123,s-0.280913,s82.734868
131_2,s0.455827,s-0.847450,s301.657137
131_3,s-0.497095,s0.314898,s340.554840
131_4,s-0.081223,s-0.605648,s198.847584
131_5,s0.115979,s0.782288,s216.601563
131_6,s-0.173704,s-0.038325,s151.602106
131_7,s-1.052799,s0.179079,s359.412741
131_8,s-0.780307,s-0.892646,s56.159578
131_9,s0.100278,s-1.656510,s294.288989
131_10,s-1.631148,s0.974342,s199.422055
131_11,s1.398375,s-0.079411,s226.239180
131_12,s0.999775,s-1.472458,s205.332594
131_13,s-0.259471,s-1.133274,s154.636971
131_14,s-0.572490,s1.297941,s256.557904
131_15,s1.160937,s0.180024,s338.078458
131_16,s-1.018410,s1.673996,s135.018133
131_17,s-1.719091,s0.049948,s170.054447
131_18,s-1.308204,s-0.994893,s144.768891
131_19,s1.419277,s-0.607680,s161.610395
131_20,s-0.021764,s1.796616,s86.444374
131_21,s0.971431,s0.813242,s0.432220
131_22,s-1.893699,s0.443276,s78.123992
131_23,s2.320055,s0.351905,s135.916895
131_24,s1.504415,s-1.325697,s238.652587
131_25,s0.658536,s-1.888307,s183.066578
131_26,s0.517341,s2.315417,s242.809693
131_27,s1.819410,s0.883970,s182.863722
131_28,s0.504444,s1.215762,s6.641059
131_29,s-1.036639,s-1.474383,s162.191356
131_30,s1.939623,s-0.729985,s241.375557
131_31,s0.444313,s2.786792,s100.648539
131_32,s-1.920909,s-0.945052,s163.301964
131_33,s-1.536210,s-2.005338,s106.486051
131_34,s-1.946023,s1.266363,s75.315466
131_35,s1.459540,s2.137812,s358.540240
131_36,s1.986711,s1.434851,s242.694613
131_37,s-0.693917,s2.142242,s65.693327
131_38,s2.592494,s-0.143423,s225.298945
131_39,s-1.484176,s1.877980,s59.893205
131_40,s1.965143,s-2.262338,s52.634473
131_41,s-2.260141,s-0.518460,s129.417427
131_42,s2.710174,s1.382743,s314.061660
131_43,s-0.337974,s-1.918097,s235.763649
131_44,s-0.861767,s-2.044697,s205.602245
131_45,s-2.807476,s0.754838,s72.526334
131_46,s0.942479,s-2.762551,s112.167167
131_47,s-0.265193,s-2.996860,s122.476230
131_48,s1.471527,s1.141440,s355.587944
131_49,s1.957312,s2.638233,s352.497461
131_50,s-0.647407,s2.656442,s341.217192
131_51,s-1.830183,s-2.503504,s195.923753
131_52,s1.373897,s-2.717464,s271.706927
131_53,s-2.173415,s1.885898,s86.201046
131_54,s-2.593399,s-1.405785,s220.222098
131_55,s2.446081,s-1.653706,s40.535008
131_56,s2.826606,s0.325637,s352.530245
131_57,s2.590565,s-1.983031,s150.354303
131_58,s-1.863640,s2.454821,s3.883725
131_59,s-0.553461,s3.756431,s116.871519
131_60,s-2.441325,s-2.347641,s195.134530
131_61,s0.960156,s-3.402676,s284.064758
131_62,s-2.869621,s-0.278655,s135.860198
131_63,s2.097772,s1.875282,s340.939293
131_64,s0.974357,s2.610306,s327.600485
131_65,s-3.107820,s0.323385,s144.471536
131_66,s3.342469,s0.459095,s287.390798
131_67,s-0.030848,s3.526681,s25.957563
131_68,s0.421837,s3.342197,s339.430683
131_69,s-2.576427,s2.355846,s315.412303
131_70,s2.953100,s-0.889509,s216.957423
131_71,s-3.089860,s1.816280,s174.895012
131_72,s0.392971,s-3.292938,s161.162888
131_73,s-2.803663,s-1.848433,s171.680045
131_74,s1.574369,s3.301754,s351.791342
131_75,s0.962031,s3.433386,s322.484755
131_76,s-1.304400,s-3.394656,s233.133259
131_77,s3.592628,s-0.258426,s59.466408
131_78,s-1.859732,s-3.452275,s22.957253
131_79,s2.707649,s2.237581,s327.451194
131_80,s-3.123489,s-1.544066,s2.844492
131_81,s2.972994,s-1.524018,s181.090946
131_82,s3.264825,s1.047883,s291.808202
131_83,s3.798703,s-2.301662,s49.107489
131_84,s-1.549047,s3.090445,s338.135459
131_85,s-0.224437,s-3.515070,s183.782602
131_86,s2.831581,s-2.605008,s127.842837
131_87,s-2.909832,s2.389342,s129.006452
131_88,s-2.574869,s3.041891,s119.646508
131_89,s-3.674122,s-0.549937,s178.869641
131_90,s-3.813832,s0.741686,s204.302945
131_91,s2.046565,s-3.259183,s160.707339
131_92,s-3.657711,s1.155504,s352.614153
131_93,s3.326546,s2.271078,s354.651255
131_94,s2.630497,s2.869871,s45.242487
131_95,s3.283902,s-2.562337,s232.255462
131_96,s-2.494037,s3.366800,s327.786706
131_97,s-3.409393,s-2.461699,s344.834967
131_98,s-1.212630,s4.070360,s330.142262
131_99,s4.392230,s-1.600185,s151.788544
131_100,s-3.558411,s-1.521464,s145.936001
131_101,s3.817726,s-1.122973,s49.250662
131_102,s-4.188637,s-0.407963,s38.861852
131_103,s-2.614694,s-3.233111,s33.461768
131_104,s-0.173579,s4.362346,s22.020870
131_105,s3.081601,s3.205541,s284.004940
131_106,s-2.239910,s-3.982725,s12.233368
131_107,s2.738550,s-3.295307,s136.998133
131_108,s3.468553,s1.780460,s271.440522
131_109,s1.337109,s4.348931,s86.584338
131_110,s-3.199614,s3.028837,s71.281767
131_111,s4.047847,s0.354429,s243.066104
131_112,s4.263949,s-0.925915,s221.364835
131_113,s-4.032967,s-1.164740,s125.510545
131_114,s-0.841538,s-4.460031,s277.324670
131_115,s1.519666,s-4.170140,s356.607839
131_116,s4.176492,s1.049104,s260.480642
131_117,s2.181582,s-4.141364,s151.102067
131_118,s-1.651454,s3.694260,s35.898968
131_119,s0.277157,s-4.318735,s315.402521
131_120,s1.801008,s4.298996,s315.513632
131_121,s4.451192,s1.683933,s238.093138
131_122,s2.187063,s3.763228,s249.194639
131_123,s3.719606,s2.751552,s319.730679
131_124,s-3.403571,s-3.438406,s258.415494
131_125,s-3.865827,s2.188172,s331.548311
131_126,s2.386961,s4.353409,s266.832065
131_127,s-3.516501,s-2.979297,s33.374604
131_128,s4.229018,s-0.423220,s270.861928
131_129,s-4.226490,s1.381429,s183.692681
131_130,s-1.672420,s-3.993321,s248.717550
132_0,s-0.098545,s-0.008333,s250.029317
132_1,s-0.147567,s0.953899,s284.538759
132_2,s-0.690400,s0.742699,s240.206629
132_3,s-1.024644,s0.008154,s301.072257
132_4,s-1.137936,s-0.521903,s229.450620
132_5,s-0.357917,s-1.248657,s94.784067
132_6,s0.151849,s-1.270515,s22.066154
132_7,s0.806767,s-0.846903,s145.215576
132_8,s1.004070,s-0.550319,s268.599172
132_9,s1.339744,s0.100800,s116.113392
132_10,s1.539626,s0.662597,s105.581166
132_11,s0.952550,s1.507261,s206.098932
132_12,s0.091273,s1.895191,s255.869743
132_13,s-0.653485,s1.352410,s282.296241
132_14,s-1.055994,s1.228363,s111.414979
132_15,s-1.631798,s0.696418,s214.087669
132_16,s-2.037022,s-0.000975,s275.086887
132_17,s-1.648213,s-0.465107,s119.363953
132_18,s-1.349030,s-1.029804,s101.119511
132_19,s-1.244707,s-1.570379,s188.743209
132_20,s-0.244716,s-1.918042,s56.221271
132_21,s0.400634,s-2.041338,s39.192538
132_22,s1.073642,s-1.965494,s52.524758
132_23,s1.370749,s-1.470218,s317.586536
132_24,s2.199368,s-0.679368,s48.114320
132_25,s2.168142,s-0.007612,s65.963200
132_26,s2.021097,s0.635217,s270.103677
132_27,s1.692023,s1.000465,s358.786903
132_28,s1.377399,s1.864518,s353.476206
132_29,s0.972511,s2.134612,s33.688480
132_30,s0.247180,s2.753840,s154.906997
132_31,s-0.442232,s2.434020,s170.738998
132_32,s-1.377897,s1.930023,s313.132991
132_33,s-1.832946,s1.912666,s206.520846
132_34,s-2.091866,s1.365483,s196.155677
132_35,s-2.587469,s1.026021,s204.037324
132_36,s-2.650104,s-0.403247,s337.717831
132_37,s-2.571607,s-1.358665,s4.178316
132_38,s-2.085973,s-1.441139,s201.204787
132_39,s-1.622758,s-2.500251,s355.004355
132_40,s-1.009081,s-2.510164,s135.504552
132_41,s-0.356658,s-2.341170,s147.207176
132_42,s-0.063218,s-2.902363,s285.403361
132_43,s0.913501,s-2.551836,s289.942945
132_44,s1.938224,s-2.195786,s51.610964
132_45,s2.210854,s-1.249540,s133.093177
132_46,s2.905246,s-1.526270,s44.918242
132_47,s2.697170,s-0.230684,s162.620276
132_48,s3.204576,s-0.241181,s331.415215
132_49,s2.643923,s1.079095,s220.171228
132_50,s2.975595,s1.591871,s70.312959
132_51,s2.039203,s1.917407,s28.605405
132_52,s2.158111,s2.648787,s82.440820
132_53,s0.815640,s3.125449,s248.557244
132_54,s0.000978,s3.301367,s238.105146
132_55,s-0.435220,s2.854195,s348.323220
132_56,s-1.028829,s3.091991,s162.840059
132_57,s-1.577831,s3.213988,s147.245095
132_58,s-2.127471,s2.375683,s139.420649
132_59,s-3.054072,s1.876104,s235.665576
132_60,s-3.210059,s0.903273,s314.477010
132_61,s-3.534234,s-0.034976,s346.066706
132_62,s-3.073166,s-0.425133,s84.906726
132_63,s-3.054854,s-1.043172,s72.383680
132_64,s-3.219136,s-1.972663,s343.868543
132_65,s-2.551178,s-1.952694,s200.908275
132_66,s-2.148167,s-2.870252,s240.500815
132_67,s-1.188962,s-3.657658,s56.939837
132_68,s-0.364992,s-3.208060,s129.389476
132_69,s-0.079028,s-3.568073,s286.451743
132_70,s0.801710,s-2.968045,s189.461893
132_71,s1.783093,s-3.189560,s62.610183
132_72,s2.360003,s-3.104548,s20.372710
132_73,s2.506800,s-2.358409,s257.440881
132_74,s3.394559,s-2.263650,s17.376218
132_75,s3.507496,s-1.362889,s44.485574
132_76,s3.758224,s-0.520575,s109.523911
132_77,s3.981111,s0.530827,s145.362688
132_78,s3.313737,s0.752545,s294.873009
132_79,s3.449767,s1.789765,s198.320007
132_80,s2.861066,s2.288792,s249.631429
132_81,s2.853202,s2.899681,s134.794459
132_82,s1.883270,s3.538872,s222.064085
132_83,s1.219848,s3.543251,s299.399658
132_84,s0.767810,s3.686599,s0.506906
132_85,s-0.136459,s4.023284,s230.779603
132_86,s-0.704160,s3.720675,s12.530687
132_87,s-1.493647,s3.706749,s241.239196
132_88,s-2.040911,s3.261942,s56.377279
132_89,s-2.713589,s2.843833,s1.930320
132_90,s-3.256622,s2.391460,s275.675145
132_91,s-3.871939,s1.807860,s241.201210
132_92,s-3.689355,s1.287236,s179.694537
132_93,s-3.885764,s0.290950,s71.041865
132_94,s-4.081064,s-0.329053,s50.205922
132_95,s-4.132326,s-1.177624,s341.132783
132_96,s-3.734038,s-1.438130,s161.468566
132_97,s-3.696848,s-2.219313,s231.419823
132_98,s-2.898386,s-2.744723,s195.211429
132_99,s-2.717821,s-3.620209,s235.716382
132_100,s-1.754144,s-3.918139,s186.064373
132_101,s-1.306616,s-4.243010,s259.591813
132_102,s-0.315598,s-4.630003,s319.448935
132_103,s0.337053,s-3.956503,s257.979279
132_104,s1.345282,s-4.446927,s14.590065
132_105,s1.719009,s-3.878788,s42.607980
132_106,s2.589947,s-3.834751,s45.152778
132_107,s2.790402,s-3.328081,s306.297998
132_108,s3.505760,s-2.706518,s245.523902
132_109,s3.814582,s-2.247813,s306.619055
132_110,s4.311952,s-0.980295,s178.416125
132_111,s4.316879,s-0.604235,s48.664198
132_112,s4.337765,s-0.010904,s290.852416
132_113,s4.432273,s0.769763,s327.347164
132_114,s4.530825,s1.765794,s146.115969
132_115,s4.047329,s1.941507,s44.909919
132_116,s3.479711,s2.864423,s277.927633
132_117,s3.039531,s3.421686,s266.243890
132_118,s2.568950,s3.775488,s169.107254
132_119,s1.928500,s4.130904,s293.808079
132_120,s1.373658,s4.334146,s39.735097
132_121,s0.397038,s4.672929,s312.812008
132_122,s-0.150068,s4.568177,s36.093845
132_123,s-0.885026,s4.636682,s40.467310
132_124,s-1.639772,s4.357426,s239.916966
132_125,s-2.229129,s4.087280,s223.628832
132_126,s-2.944091,s3.780373,s91.823955
132_127,s-3.291419,s3.265864,s54.249591
132_128,s-3.943892,s2.560756,s303.023246
132_129,s-4.208872,s2.060268,s71.947109
132_130,s-4.667930,s1.436082,s264.303701
132_131,s-4.850718,s0.767089,s296.983870
133_0,s0.490109,s0.188157,s78.153313
133_1,s0.246496,s-0.351459,s180.120629
133_2,s-0.172518,s0.768106,s253.895494
133_3,s-0.049799,s-0.047216,s123.076225
133_4,s0.726128,s-0.760785,s177.756979
133_5,s-0.640935,s0.428462,s344.391851
133_6,s-0.350711,s-0.628283,s209.912056
133_7,s-0.807187,s-0.227095,s26.087589
133_8,s-1.202784,s-0.468787,s75.069807
133_9,s0.967898,s1.519458,s106.006875
133_10,s0.903559,s-0.368047,s6.794967
133_11,s-1.160062,s0.707402,s350.966621
133_12,s1.210411,s0.427156,s13.576313
133_13,s-0.968653,s-0.787742,s193.330797
133_14,s1.372087,s-0.584636,s159.213860
133_15,s1.449849,s0.173373,s197.285675
133_16,s-0.024756,s1.267515,s20.454053
133_17,s-1.548179,s-1.282437,s14.319285
133_18,s-1.476861,s0.562353,s100.938521
133_19,s0.399667,s-1.370118,s143.738066
133_20,s-0.942900,s-1.868673,s68.673833
133_21,s1.404251,s1.094336,s307.171353
133_22,s0.419481,s1.765286,s352.044674
133_23,s-0.879081,s1.553456,s19.464126
133_24,s1.040070,s-1.612864,s298.168361
133_25,s-2.150141,s-0.495420,s11.862365
133_26,s1.883265,s0.423257,s243.277566
133_27,s1.919456,s-0.724067,s268.187967
133_28,s0.519743,s-1.951772,s266.011483
133_29,s2.237238,s0.775545,s3.866149
133_30,s1.277837,s1.832805,s16.950301
133_31,s-0.693225,s2.071215,s283.540900
133_32,s1.962883,s-1.298022,s197.488250
133_33,s-2.625925,s0.319840,s311.984785
133_34,s-2.023113,s-1.041316,s51.220541
133_35,s-1.421358,s1.550008,s70.146123
133_36,s0.202068,s-2.219427,s158.269412
133_37,s-0.439947,s-2.020866,s179.615409
133_38,s2.274194,s1.722287,s299.980451
133_39,s0.880976,s-2.365988,s215.342915
133_40,s-1.708667,s-1.916921,s195.086821
133_41,s-2.097164,s1.240521,s254.965490
133_42,s-2.607704,s-0.170254,s80.046841
133_43,s2.806924,s-0.319540,s184.255410
133_44,s2.742055,s0.626111,s234.950977
133_45,s-1.043893,s2.599197,s311.078008
133_46,s2.130255,s-2.220693,s192.684676
133_47,s-0.425169,s-3.039810,s192.067298
133_48,s-2.038776,s-1.648212,s51.717024
133_49,s-2.467345,s1.069809,s124.715061
133_50,s-2.606752,s-1.730620,s150.502149
133_51,s1.782941,s1.740816,s0.493397
133_52,s-2.746182,s-0.816462,s149.792584
133_53,s2.758734,s1.067549,s1.126664
133_54,s-1.907610,s2.118034,s305.247365
133_55,s0.007714,s2.647573,s107.905394
133_56,s-3.024979,s0.377903,s114.790598
133_57,s1.475308,s-2.622630,s247.797527
133_58,s0.427756,s-2.776380,s184.594202
133_59,s-2.373791,s1.948782,s62.624685
133_60,s2.563782,s-1.371242,s183.671409
133_61,s-0.107339,s3.106939,s50.295122
133_62,s2.006851,s2.590039,s335.065453
133_63,s-2.304413,s2.463852,s0.381207
133_64,s0.411726,s2.796158,s269.782761
133_65,s3.268638,s0.935776,s236.713956
133_66,s-1.043504,s-2.738636,s134.140089
133_67,s1.432324,s2.832739,s295.633497
133_68,s-2.149143,s-2.192239,s138.966783
133_69,s-3.290734,s-0.494883,s175.976950
133_70,s3.237614,s-0.596427,s282.816280
133_71,s-1.841581,s-2.764640,s190.995663
133_72,s2.685290,s2.454486,s288.048724
133_73,s-3.168942,s1.125129,s148.948686
133_74,s-2.748924,s1.563843,s95.519713
133_75,s1.480840,s-3.208816,s233.887320
133_76,s-1.531192,s2.991309,s338.963309
133_77,s-2.784162,s-3.082448,s42.079997
133_78,s-3.179014,s2.048271,s104.057006
133_79,s2.554479,s-2.608339,s259.567723
133_80,s0.207996,s-3.981040,s310.722530
133_81,s0.513163,s3.313742,s52.379354
133_82,s1.304166,s3.497892,s70.993782
133_83,s2.012423,s3.530915,s275.647758
133_84,s-3.469320,s-1.360737,s188.095757
133_85,s2.979120,s-1.734979,s240.214655
133_86,s3.336685,s-1.170646,s201.850754
133_87,s-0.770231,s3.816158,s41.971363
133_88,s3.297995,s1.900902,s167.746582
133_89,s-4.002852,s-1.270629,s46.999717
133_90,s-3.664457,s1.200301,s29.575259
133_91,s-3.981913,s-0.645524,s345.132300
133_92,s2.340070,s-3.225103,s204.785451
133_93,s2.665576,s2.998705,s334.966190
133_94,s-2.617408,s3.085224,s73.658051
133_95,s-0.773776,s-3.504928,s85.166045
133_96,s1.184212,s-3.606400,s179.613042
133_97,s-1.540632,s3.753336,s359.585777
133_98,s3.694007,s1.388046,s195.300689
133_99,s3.462759,s-2.589802,s319.363565
133_100,s-3.429818,s2.556683,s38.449107
133_101,s-1.058428,s-3.913720,s111.151228
133_102,s-2.164979,s-3.172365,s113.913644
133_103,s-3.718233,s-2.020058,s134.996520
133_104,s0.802793,s4.007819,s348.428410
133_105,s-2.234643,s3.578133,s28.785058
133_106,s4.038878,s-0.955422,s152.115526
133_107,s3.646108,s2.411682,s358.051280
133_108,s-4.213464,s1.430777,s108.957003
133_109,s-3.531364,s-2.591902,s149.032628
133_110,s1.503864,s4.018146,s37.059993
133_111,s-1.819690,s-3.728501,s118.993730
133_112,s-1.904659,s4.291522,s84.550695
133_113,s-0.921863,s4.622380,s69.045792
133_114,s3.743090,s0.186223,s124.029194
133_115,s1.044314,s-4.673678,s72.483769
133_116,s-3.159718,s3.588453,s33.069511
133_117,s2.238084,s-4.030154,s99.145743
133_118,s3.222878,s-3.141028,s140.516833
133_119,s0.253964,s4.112040,s115.939367
133_120,s3.173392,s3.258584,s295.643220
133_121,s-3.224817,s-3.452477,s145.758717
133_122,s2.909001,s3.853350,s311.263946
133_123,s4.251154,s-1.484362,s250.940003
133_124,s2.109658,s4.050552,s329.590531
133_125,s-0.459092,s-4.201108,s259.958056
133_126,s4.045024,s1.850042,s353.260340
133_127,s4.267085,s0.433426,s163.354968
133_128,s-1.794571,s-4.368345,s97.363192
133_129,s-4.278106,s0.323315,s181.994160
133_130,s4.263985,s-2.201274,s180.840243
133_131,s-1.072228,s-4.409110,s190.004247
133_132,s0.398261,s4.744060,s122.041338
134_0,s0.079838,s0.113869,s74.794132
134_1,s0.471145,s-0.053077,s262.576026
134_2,s-0.253810,s-0.276684,s111.381234
134_3,s0.056363,s-0.480864,s249.567530
134_4,s-0.132461,s-0.964010,s195.752459
134_5,s-0.597036,s0.837964,s236.872648
134_6,s0.371941,s0.583591,s355.181218
134_7,s-0.872453,s0.473908,s79.382367
134_8,s-0.576181,s-0.772720,s155.767794
134_9,s0.499005,s-1.096103,s150.509266
134_10,s-0.256723,s1.320224,s343.695002
134_11,s1.263570,s-0.517937,s86.759362
134_12,s-1.165967,s-0.610337,s154.455859
134_13,s-0.837332,s-0.173321,s71.528319
134_14,s1.061199,s0.701472,s25.059760
134_15,s1.081229,s0.305965,s237.250998
134_16,s0.951907,s-1.005405,s203.246673
134_17,s-0.941767,s1.078027,s65.223783
134_18,s1.551535,s0.506537,s303.712658
134_19,s-1.757692,s0.051579,s150.878054
134_20,s0.187435,s1.634626,s279.058321
134_21,s0.612441,s-1.644310,s194.517008
134_22,s1.676083,s-0.430564,s254.799881
134_23,s1.471725,s-1.519568,s307.832813
134_24,s-0.774705,s-1.791063,s276.280228
134_25,s-1.595911,s0.847715,s18.221396
134_26,s-1.440886,s1.723925,s49.576992
134_27,s-1.283365,s-1.506069,s175.926019
134_28,s-1.712320,s-1.052337,s58.872928
134_29,s-1.030208,s1.719925,s275.222487
134_30,s1.221183,s1.663094,s9.881818
134_31,s-1.954734,s-1.435938,s220.166208
134_32,s-0.617252,s-2.336656,s198.362675
134_33,s-1.896118,s0.607111,s117.834706
134_34,s-2.279487,s1.271916,s335.777517
134_35,s1.727146,s1.360528,s97.024024
134_36,s-1.763978,s-2.131986,s159.831655
134_37,s1.566945,s-2.030580,s286.118104
134_38,s-0.734277,s2.387039,s121.068606
134_39,s-1.186739,s-2.586712,s109.119556
134_40,s-1.415389,s2.378028,s65.327880
134_41,s2.594963,s-0.528712,s338.211300
134_42,s-2.515312,s-0.652037,s9.813348
134_43,s0.233201,s-2.509142,s26.859118
134_44,s2.568582,s1.935626,s99.756797
134_45,s2.223223,s1.119739,s310.758594
134_46,s-0.311437,s2.630071,s57.240086
134_47,s-2.367893,s-1.579939,s106.945839
134_48,s2.468307,s-0.968248,s133.126470
134_49,s0.435039,s2.116515,s14.725277
134_50,s0.861196,s-2.507006,s259.495100
134_51,s-2.681376,s1.583036,s78.001869
134_52,s2.235708,s0.607925,s271.880240
134_53,s-2.547666,s0.951133,s170.580682
134_54,s1.524997,s2.136508,s327.760998
134_55,s-2.197593,s2.068956,s52.290210
134_56,s2.714653,s-1.574536,s89.112533
134_57,s-3.049660,s-0.378722,s135.410432
134_58,s0.344297,s-3.004053,s117.654798
134_59,s-0.893125,s-3.038431,s212.107780
134_60,s1.867001,s-2.447214,s232.834316
134_61,s3.128848,s0.424543,s175.219315
134_62,s0.864953,s2.999158,s90.944312
134_63,s3.035946,s1.141506,s5.901950
134_64,s2.908376,s-0.886875,s242.935956
134_65,s-1.846295,s-3.090878,s136.670650
134_66,s2.326333,s-2.226152,s268.771797
134_67,s-0.718430,s3.246743,s2.629427
134_68,s1.219142,s2.727072,s295.318581
134_69,s-2.520639,s-2.127039,s214.371782
134_70,s2.131975,s2.503217,s262.369399
134_71,s1.122396,s-3.215952,s108.209801
134_72,s1.558891,s-3.035711,s273.228330
134_73,s-2.696414,s-1.091378,s109.696780
134_74,s-3.657060,s-0.023754,s291.148310
134_75,s-3.037402,s1.241654,s145.056881
134_76,s-1.412473,s3.363036,s145.165765
134_77,s-3.017437,s-2.041198,s128.281398
134_78,s0.230260,s3.449110,s90.098038
134_79,s3.541021,s0.165310,s217.674921
134_80,s-2.100464,s2.971845,s79.515203
134_81,s3.554264,s-1.559126,s146.821343
134_82,s-2.452876,s-2.823067,s133.603872
134_83,s1.793081,s3.383804,s54.277426
134_84,s0.206420,s-3.832239,s291.239539
134_85,s3.191681,s1.960313,s305.364295
134_86,s-3.728973,s0.998766,s192.759480
134_87,s-3.844854,s-0.444357,s145.970987
134_88,s2.746467,s-2.751627,s311.835215
134_89,s1.307419,s-3.825452,s304.693542
134_90,s-1.289029,s-3.442120,s138.081488
134_91,s3.355307,s0.937738,s242.583839
134_92,s-3.486752,s-1.709275,s117.406611
134_93,s-1.844661,s3.584719,s353.783461
134_94,s2.107583,s3.107287,s243.377540
134_95,s3.955869,s-1.196700,s14.745097
134_96,s-1.288605,s4.298355,s206.884120
134_97,s3.566645,s-2.298472,s262.597586
134_98,s3.369437,s-2.715107,s183.590742
134_99,s2.251924,s-3.616833,s141.736240
134_100,s-3.531709,s1.366874,s21.736121
134_101,s4.023643,s1.846401,s146.148664
134_102,s-1.405193,s-4.052099,s172.241981
134_103,s3.321333,s2.490966,s5.218980
134_104,s4.530130,s1.630192,s270.680860
134_105,s-3.229905,s2.097819,s331.907879
134_106,s2.678588,s3.429534,s53.241012
134_107,s4.176118,s-0.680614,s297.277169
134_108,s-2.441019,s3.536128,s84.104808
134_109,s-3.325111,s-2.893004,s198.323485
134_110,s0.458575,s3.914206,s282.378211
134_111,s-2.983318,s2.987663,s62.071164
134_112,s-2.469465,s-3.711134,s192.467711
134_113,s-4.149980,s1.349182,s158.777077
134_114,s-0.127194,s-4.113495,s165.960138
134_115,s-4.281408,s-1.377006,s55.715021
134_116,s0.882933,s-4.036889,s143.377570
134_117,s-0.424068,s4.318757,s266.869437
134_118,s2.622590,s-3.170086,s236.057281
134_119,s1.563840,s4.023141,s0.024484
134_120,s3.089982,s3.636924,s232.481473
134_121,s-3.512519,s2.511401,s31.403217
134_122,s-4.174823,s1.767875,s18.980117
134_123,s2.009655,s-4.374806,s181.799507
134_124,s4.086818,s1.003984,s262.814481
134_125,s2.733198,s4.041050,s273.762629
134_126,s4.158263,s-1.610364,s199.126063
134_127,s-4.769961,s0.749073,s158.542104
134_128,s-1.814603,s-4.401511,s111.504898
134_129,s2.358139,s4.380689,s341.586695
134_130,s4.439260,s-1.327388,s299.690349
134_131,s-0.968442,s-4.506140,s140.394092
134_132,s4.003272,s2.393682,s347.508140
134_133,s3.789341,s-3.036019,s278.056060
135_0,s-0.277854,s0.047047,s188.472638
135_1,s-0.049218,s0.383660,s320.766533
135_2,s-0.464961,s0.389297,s71.388850
135_3,s-0.442335,s-0.726154,s118.732532
135_4,s0.050818,s1.121573,s107.857170
135_5,s-0.648517,s-0.270387,s86.216824
135_6,s1.391180,s0.239015,s107.672423
135_7,s0.258853,s-0.533297,s157.277422
135_8,s0.259294,s-0.033284,s241.882780
135_9,s0.755016,s1.738031,s107.458090
135_10,s-0.347716,s-1.247407,s150.430129
135_11,s-1.361516,s0.819557,s55.153003
135_12,s-1.008278,s1.062731,s331.818344
135_13,s0.717461,s0.638385,s329.910168
135_14,s0.844244,s-0.742875,s250.771803
135_15,s-1.471605,s-0.745047,s205.185435
135_16,s0.372360,s-1.149212,s196.193923
135_17,s-1.577231,s0.238947,s89.750709
135_18,s1.374923,s-0.550905,s327.288707
135_19,s-1.536281,s-0.189490,s143.003118
135_20,s1.525762,s1.453886,s52.589996
135_21,s-0.035858,s1.751208,s79.344307
135_22,s-0.009553,s-1.781966,s104.716467
135_23,s1.069437,s-1.290595,s175.244568
135_24,s1.749482,s0.608501,s41.859280
135_25,s2.269945,s0.453322,s157.389297
135_26,s1.551750,s-1.355354,s307.322509
135_27,s-0.989578,s-2.333479,s184.441795
135_28,s0.753190,s2.130902,s12.845818
135_29,s-2.669371,s-0.074854,s275.636697
135_30,s-1.642461,s-2.260784,s19.379639
135_31,s-1.445782,s1.745678,s125.794678
135_32,s-1.059445,s-1.565884,s163.571363
135_33,s0.686320,s-2.214998,s90.903842
135_34,s-1.985820,s-1.140587,s99.406269
135_35,s2.801625,s-0.819750,s112.566099
135_36,s0.081749,s2.299213,s323.077202
135_37,s-2.647833,s-0.641285,s159.729243
135_38,s1.080066,s-2.374768,s229.335869
135_39,s1.928618,s1.275187,s215.903495
135_40,s-0.427927,s2.379741,s35.670802
135_41,s1.710626,s-1.928030,s173.571980
135_42,s2.885487,s0.094116,s196.474863
135_43,s-0.907091,s1.845465,s58.504390
135_44,s1.946546,s-0.574003,s310.041899
135_45,s-2.402215,s1.370421,s4.510717
135_46,s2.072388,s1.745878,s51.240811
135_47,s-0.358305,s-2.336644,s191.062999
135_48,s-1.888568,s1.974808,s55.825676
135_49,s1.266646,s2.425015,s2.836164
135_50,s0.235022,s-2.555601,s187.964955
135_51,s-2.477427,s-1.633371,s222.765128
135_52,s2.919294,s1.187066,s55.887658
135_53,s2.500961,s2.039813,s279.666625
135_54,s2.625513,s-1.524646,s130.849446
135_55,s-2.398177,s0.933241,s175.588414
135_56,s-2.874964,s0.429278,s53.294352
135_57,s-1.494498,s-2.673104,s201.625782
135_58,s3.045992,s-1.489084,s249.783139
135_59,s3.372762,s0.836611,s12.910483
135_60,s-1.903623,s-2.719372,s104.738482
135_61,s-1.164097,s3.143739,s295.771429
135_62,s-3.007358,s-1.783344,s161.119528
135_63,s-1.684733,s-3.474616,s52.669180
135_64,s2.110267,s-2.459899,s232.549761
135_65,s0.755867,s3.003105,s351.425922
135_66,s-3.494196,s1.209512,s252.534181
135_67,s-1.872977,s2.539580,s303.482232
135_68,s-2.742583,s2.097524,s57.671265
135_69,s0.670893,s-2.935712,s246.575038
135_70,s-0.442783,s-3.409126,s94.073170
135_71,s3.191321,s-0.900125,s273.025849
135_72,s1.852689,s2.516583,s265.636697
135_73,s-3.088251,s-0.055969,s120.213064
135_74,s1.628208,s-3.262715,s265.867602
135_75,s-3.261626,s-1.448960,s27.797591
135_76,s1.688764,s3.187820,s293.703855
135_77,s-3.753377,s0.326932,s357.250173
135_78,s2.693405,s-2.194615,s264.065169
135_79,s-2.971701,s1.526895,s35.505025
135_80,s-2.539327,s-3.186113,s142.479040
135_81,s-2.164661,s3.034566,s51.065020
135_82,s2.279652,s-3.659995,s247.374117
135_83,s-3.610328,s-1.899602,s163.344095
135_84,s3.683319,s1.468530,s42.081054
135_85,s-2.657901,s2.802164,s107.521461
135_86,s1.302019,s-3.555035,s160.062151
135_87,s0.359674,s3.541535,s172.350186
135_88,s-1.769802,s3.173205,s318.702850
135_89,s0.541488,s-3.642278,s69.111856
135_90,s0.257428,s4.104056,s277.982127
135_91,s-1.160976,s-3.975858,s76.698193
135_92,s-2.905411,s-2.647038,s119.886270
135_93,s-3.639200,s2.226267,s351.874186
135_94,s2.992065,s2.643961,s84.335141
135_95,s-3.834973,s-0.940161,s108.625296
135_96,s3.071781,s3.201741,s60.567799
135_97,s3.152306,s-3.005450,s156.056584
135_98,s4.402188,s-1.143453,s82.854891
135_99,s-1.951130,s3.649261,s69.380031
135_100,s-4.085324,s-0.437604,s6.195074
135_101,s4.115397,s-0.390772,s258.281870
135_102,s1.102012,s3.931673,s238.692379
135_103,s3.311360,s2.436849,s266.570937
135_104,s-2.004882,s-4.208061,s235.733854
135_105,s-4.573533,s-0.641389,s154.707464
135_106,s4.446067,s1.963305,s136.089158
135_107,s1.825659,s-3.957357,s161.573151
135_108,s3.598314,s-2.400051,s172.861681
135_109,s1.859864,s3.805220,s294.471527
135_110,s1.256914,s4.442229,s358.924004
135_111,s-0.326858,s3.680621,s331.772317
135_112,s0.703730,s4.519086,s37.755395
135_113,s-0.671861,s4.202918,s307.113062
135_114,s3.940470,s-1.624428,s271.692824
135_115,s0.785119,s-4.049769,s121.637511
135_116,s-0.719167,s-3.976557,s246.543777
135_117,s-4.013896,s1.454799,s154.462394
135_118,s-2.932881,s3.582463,s350.920196
135_119,s-1.792476,s4.110814,s24.170240
135_120,s-2.409075,s-3.727053,s189.502443
135_121,s-4.229301,s1.804111,s348.449778
135_122,s-3.942754,s-1.583781,s79.618292
135_123,s-3.205656,s-3.779757,s166.485413
135_124,s-3.802529,s-2.950300,s52.099295
135_125,s2.627764,s0.519814,s275.005995
135_126,s4.080007,s1.058410,s131.771160
135_127,s3.655654,s2.855134,s355.450304
135_128,s0.919086,s-4.593686,s133.522827
135_129,s-3.546438,s3.870667,s332.813342
135_130,s3.996665,s-2.242768,s263.153658
135_131,s4.497562,s1.261874,s282.958312
135_132,s-1.199186,s4.007372,s15.015150
135_133,s-3.592151,s3.458761,s207.003948
135_134,s-4.706402,s0.953333,s187.705030
136_0,s-0.011273,s0.027795,s298.084769
136_1,s0.001569,s0.997210,s93.036260
136_2,s-0.600524,s0.380383,s27.993176
136_3,s-1.151512,s0.146281,s116.069786
136_4,s-1.071517,s-0.539532,s251.581459
136_5,s-0.720315,s-1.131000,s244.852097
136_6,s0.422807,s-1.163386,s141.477913
136_7,s0.837829,s-1.011638,s226.786219
136_8,s1.153894,s-0.569175,s273.297463
136_9,s1.402326,s0.078774,s224.946539
136_10,s1.307603,s0.993335,s187.006542
136_11,s1.204277,s1.341621,s83.181974
136_12,s0.264614,s1.507396,s28.189100
136_13,s-0.755809,s1.530931,s309.903289
136_14,s-1.242870,s1.611315,s187.358271
136_15,s-1.469491,s0.733493,s68.592215
136_16,s-1.854269,s0.346341,s141.564972
136_17,s-2.114951,s-0.888336,s343.754394
136_18,s-1.342767,s-1.393294,s58.316003
136_19,s-1.063043,s-1.687204,s277.110773
136_20,s-0.260820,s-2.015231,s114.345057
136_21,s0.376991,s-1.768811,s186.015107
136_22,s0.829426,s-1.893256,s288.619108
136_23,s1.769020,s-1.341121,s57.632508
136_24,s2.104218,s-0.751599,s102.472574
136_25,s2.135011,s-0.016588,s221.696639
136_26,s2.093608,s0.402416,s335.124100
136_27,s1.837192,s1.437865,s189.529985
136_28,s1.426458,s1.731953,s321.942803
136_29,s0.719679,s1.869492,s8.562318
136_30,s0.069331,s2.571265,s200.879390
136_31,s-0.335695,s2.297902,s68.797205
136_32,s-1.240939,s2.416936,s119.779121
136_33,s-1.930995,s1.251333,s346.496328
136_34,s-2.533197,s1.436145,s195.466875
136_35,s-2.572230,s0.637929,s139.501779
136_36,s-2.588428,s-0.412406,s351.322375
136_37,s-2.643246,s-0.819537,s140.150576
136_38,s-1.961614,s-1.599139,s61.924491
136_39,s-1.527700,s-1.938806,s118.192270
136_40,s-1.014908,s-2.515705,s118.544251
136_41,s-0.507810,s-2.651386,s227.806533
136_42,s0.452697,s-3.148709,s8.542194
136_43,s0.990321,s-2.533087,s187.146452
136_44,s1.777440,s-2.404055,s72.929061
136_45,s2.142151,s-1.562412,s172.022531
136_46,s2.892827,s-1.344684,s64.180861
136_47,s3.032814,s-0.683419,s107.709125
136_48,s3.030274,s0.292159,s182.329678
136_49,s2.657907,s0.889631,s313.180038
136_50,s2.653748,s1.492959,s60.413948
136_51,s2.276061,s2.107158,s39.439171
136_52,s1.570368,s2.709660,s128.460763
136_53,s1.059264,s3.275369,s150.381694
136_54,s0.416012,s3.477115,s151.280621
136_55,s-0.423088,s3.388660,s191.147557
136_56,s-1.052962,s2.806425,s42.406285
136_57,s-1.633837,s2.742673,s89.055053
136_58,s-2.586061,s2.444141,s232.730922
136_59,s-2.533360,s1.769718,s48.631628
136_60,s-3.276584,s1.006716,s328.321609
136_61,s-3.267029,s0.277613,s26.387434
136_62,s-3.457359,s-0.126091,s215.965845
136_63,s-3.442930,s-1.474526,s344.109447
136_64,s-2.532884,s-1.948332,s51.028575
136_65,s-2.507444,s-2.689108,s340.003735
136_66,s-2.033253,s-3.033454,s331.335063
136_67,s-1.473677,s-3.181299,s237.223127
136_68,s-0.581274,s-3.389903,s178.027345
136_69,s0.110586,s-3.407606,s174.914937
136_70,s0.824866,s-3.413118,s192.118352
136_71,s1.547377,s-2.930706,s166.437215
136_72,s2.161554,s-2.769408,s161.186760
136_73,s2.833986,s-2.572715,s58.098664
136_74,s2.869508,s-1.993755,s325.614528
136_75,s3.532449,s-1.266674,s9.517001
136_76,s3.699881,s-0.543024,s342.985360
136_77,s3.689459,s0.436523,s158.032450
136_78,s3.965742,s0.885508,s77.058066
136_79,s3.600578,s1.370268,s42.150285
136_80,s2.927674,s1.998151,s346.376143
136_81,s2.227493,s2.934845,s242.178644
136_82,s2.328914,s3.534084,s114.741564
136_83,s1.406870,s3.639010,s191.172288
136_84,s0.510690,s4.039005,s251.694794
136_85,s-0.419657,s3.941425,s287.631543
136_86,s-0.959286,s3.931224,s170.501243
136_87,s-1.587255,s3.899431,s210.292237
136_88,s-2.013824,s3.207139,s64.695762
136_89,s-2.599653,s2.786120,s49.009781
136_90,s-3.257757,s2.532818,s4.583495
136_91,s-3.691253,s2.153604,s244.557848
136_92,s-3.859102,s1.158429,s332.379282
136_93,s-4.192189,s0.295967,s348.577431
136_94,s-4.191775,s-0.449871,s329.327095
136_95,s-3.639724,s-0.621571,s134.462612
136_96,s-3.713207,s-1.763487,s74.467718
136_97,s-3.558582,s-2.484109,s295.191123
136_98,s-3.212200,s-3.204013,s334.787831
136_99,s-2.566572,s-3.312880,s221.019227
136_100,s-1.823895,s-3.848054,s280.872657
136_101,s-0.973273,s-4.161421,s123.493713
136_102,s-0.405328,s-4.324251,s150.078502
136_103,s0.119279,s-4.512664,s275.987459
136_104,s1.097142,s-4.450803,s338.203093
136_105,s1.729330,s-4.205520,s10.845758
136_106,s2.104815,s-3.842678,s302.946619
136_107,s2.995677,s-3.669920,s0.671306
136_108,s3.465476,s-2.217894,s144.396816
136_109,s4.443512,s-2.204602,s83.653965
136_110,s4.059199,s-1.507682,s242.696393
136_111,s4.511730,s-0.673155,s167.568291
136_112,s4.502054,s0.209041,s173.392654
136_113,s4.416198,s0.961811,s216.127613
136_114,s4.250781,s1.452561,s261.108075
136_115,s4.068087,s2.324541,s166.524049
136_116,s3.949670,s2.944366,s109.346736
136_117,s3.203327,s3.008300,s12.813471
136_118,s2.860468,s3.918177,s83.783499
136_119,s2.196474,s4.594982,s159.484141
136_120,s1.143775,s4.211050,s284.429830
136_121,s0.983275,s4.874893,s110.570811
136_122,s-0.530195,s4.745156,s254.992383
136_123,s-0.916287,s4.617828,s124.768552
136_124,s-1.882114,s4.379084,s296.039880
136_125,s-2.376368,s4.310316,s159.429654
136_126,s-3.040113,s3.842347,s205.570882
136_127,s-3.752928,s3.569788,s254.714615
136_128,s-3.955285,s2.640384,s359.250827
136_129,s-4.259442,s2.263262,s131.472993
136_130,s-4.657727,s1.434544,s278.006944
136_131,s-4.781165,s0.714181,s14.554330
136_132,s-4.839785,s-0.153489,s342.467661
136_133,s-4.932684,s-0.697386,s229.311925
136_134,s-4.988948,s-1.690667,s301.406069
136_135,s-4.507056,s-2.363468,s1.424451
137_0,s0.106154,s-0.014560,s103.413650
137_1,s0.389752,s-0.186470,s288.308796
137_2,s-0.450007,s-0.468655,s138.805754
137_3,s0.393605,s0.611173,s233.548647
137_4,s-0.432970,s0.387539,s127.698994
137_5,s-0.166284,s0.733411,s350.041894
137_6,s0.195843,s-0.593610,s128.288532
137_7,s0.590529,s-0.665755,s240.161061
137_8,s-1.017842,s-0.256185,s118.725679
137_9,s-0.964050,s0.703885,s148.554838
137_10,s-0.598150,s1.073504,s23.960764
137_11,s1.173604,s0.521475,s192.503604
137_12,s-0.407906,s-1.396893,s67.058302
137_13,s0.948464,s0.934008,s66.409402
137_14,s0.652233,s1.437804,s30.658362
137_15,s-0.106652,s-1.590044,s286.830403
137_16,s-1.418465,s0.815540,s29.942215
137_17,s1.225349,s-0.438600,s227.186963
137_18,s1.081264,s-1.265225,s133.576396
137_19,s1.719974,s-0.195581,s261.966018
137_20,s-1.322903,s-1.189589,s76.013103
137_21,s1.397289,s1.150989,s203.153339
137_22,s-0.958627,s-1.594326,s96.587792
137_23,s1.563880,s-1.579338,s118.748765
137_24,s-0.533700,s2.077566,s207.791778
137_25,s0.216623,s-1.981623,s171.226401
137_26,s-0.519838,s-1.921958,s125.706562
137_27,s-1.865315,s0.017048,s354.426201
137_28,s1.575391,s1.564932,s74.257066
137_29,s2.056817,s0.428389,s344.989307
137_30,s2.162552,s-1.045234,s174.882307
137_31,s1.080873,s-2.189645,s226.881372
137_32,s-2.509177,s-0.651242,s217.319596
137_33,s-0.983027,s2.045162,s8.741284
137_34,s0.475401,s2.253999,s22.267186
137_35,s-0.203932,s-2.588602,s76.113176
137_36,s-2.053140,s0.793623,s20.962260
137_37,s-1.828593,s1.823015,s261.779381
137_38,s1.988927,s1.623368,s272.232188
137_39,s-2.602273,s0.547528,s141.069204
137_40,s1.192460,s2.131071,s40.412160
137_41,s-1.959873,s-1.631466,s83.810922
137_42,s0.397432,s-2.874390,s110.621125
137_43,s-0.369627,s2.432182,s332.466551
137_44,s2.483456,s-0.640137,s82.217165
137_45,s-2.392246,s1.878347,s8.060174
137_46,s-1.557199,s-2.544632,s335.350831
137_47,s-2.675726,s-1.173543,s130.428149
137_48,s-2.570138,s1.226980,s129.586979
137_49,s2.538236,s-1.381052,s244.089534
137_50,s1.644653,s2.045243,s309.708205
137_51,s-1.456363,s2.319609,s28.632392
137_52,s2.512789,s1.079803,s305.444233
137_53,s1.244274,s2.728168,s290.941833
137_54,s-0.699969,s2.998452,s326.150368
137_55,s-0.604050,s-3.102264,s29.775527
137_56,s-2.882076,s-0.264909,s154.993552
137_57,s2.351950,s2.024936,s343.120274
137_58,s-2.157900,s-2.106245,s175.141748
137_59,s-2.928358,s1.498476,s2.349231
137_60,s1.703603,s-2.077530,s223.851023
137_61,s0.479951,s3.017475,s283.758746
137_62,s2.696890,s-1.962029,s149.461579
137_63,s-2.739753,s-1.964084,s72.265552
137_64,s-1.449766,s2.965539,s319.039026
137_65,s1.927366,s-3.029605,s71.242269
137_66,s2.959583,s1.852866,s299.642707
137_67,s-2.219773,s2.975833,s359.299102
137_68,s-1.792070,s-2.911316,s108.661396
137_69,s2.868804,s0.363436,s343.545895
137_70,s-3.552942,s-0.653025,s338.304132
137_71,s-3.382543,s1.426674,s170.475319
137_72,s3.338488,s-0.543639,s82.905555
137_73,s3.528995,s0.085034,s93.191222
137_74,s-1.252538,s-3.148088,s160.519067
137_75,s-0.920717,s-3.696963,s225.401555
137_76,s2.799444,s2.446070,s295.624721
137_77,s3.464807,s-1.420497,s48.052879
137_78,s0.557262,s3.706723,s125.927477
137_79,s1.713721,s3.334291,s73.676550
137_80,s0.979422,s-3.175974,s105.435258
137_81,s-3.465849,s-1.336487,s76.026428
137_82,s-2.559671,s-2.514369,s128.987727
137_83,s3.043230,s-2.513473,s301.846497
137_84,s1.607657,s-3.466988,s109.719365
137_85,s-1.976644,s-3.497528,s112.952157
137_86,s-4.094720,s-0.498227,s107.267831
137_87,s3.716933,s-0.916928,s355.861707
137_88,s3.646134,s0.870907,s37.337611
137_89,s-1.420702,s3.657296,s332.853416
137_90,s2.563122,s-2.804527,s261.693587
137_91,s2.242044,s-3.202478,s183.690510
137_92,s3.930498,s-1.288101,s229.578287
137_93,s-3.207211,s2.548289,s298.782351
137_94,s2.898983,s-3.228849,s162.931600
137_95,s3.808657,s1.334474,s304.010054
137_96,s-3.100207,s-2.291499,s106.310061
137_97,s-3.321788,s1.989564,s95.261129
137_98,s2.281674,s3.223215,s153.773568
137_99,s2.167298,s3.527629,s330.974688
137_100,s-2.718443,s3.131713,s39.192045
137_101,s-1.645519,s-4.060774,s115.692568
137_102,s1.401315,s3.817362,s33.714804
137_103,s4.032327,s2.355705,s220.304478
137_104,s-3.807732,s2.330441,s346.649099
137_105,s-1.772658,s4.018743,s59.051940
137_106,s-3.914081,s0.480325,s248.822546
137_107,s-0.787108,s3.660277,s340.092905
137_108,s-3.820112,s0.900843,s73.674236
137_109,s3.628237,s3.093488,s235.457791
137_110,s-3.730455,s-1.816844,s138.676681
137_111,s-2.989192,s-3.181550,s140.682160
137_112,s3.942532,s-2.136153,s274.606081
137_113,s2.703214,s3.205766,s274.688971
137_114,s0.579144,s-3.769997,s232.416701
137_115,s1.618586,s4.327729,s2.520693
137_116,s4.202821,s-0.329947,s358.283577
137_117,s-0.401704,s4.620851,s334.091139
137_118,s3.769698,s-2.775958,s233.884411
137_119,s0.763430,s-4.621215,s294.536375
137_120,s1.877324,s-4.515413,s314.081233
137_121,s-1.106042,s-4.200494,s197.224277
137_122,s-1.059664,s4.761431,s3.228558
137_123,s-3.465851,s3.178160,s13.732003
137_124,s-4.519580,s0.762214,s100.087576
137_125,s3.845752,s0.582282,s275.726388
137_126,s3.120878,s3.708839,s298.073070
137_127,s-4.423413,s1.830413,s155.659115
137_128,s-4.397403,s-2.102530,s76.925697
137_129,s-3.562250,s-3.296938,s68.205327
137_130,s3.479463,s-3.192359,s190.745176
137_131,s4.482901,s-0.601137,s241.679596
137_132,s-4.641806,s-1.472759,s331.641305
137_133,s-1.624816,s4.910879,s193.511304
137_134,s-1.555974,s-4.643291,s236.675837
137_135,s4.627367,s-1.293593,s239.222593
137_136,s4.534100,s1.189608,s221.888771
138_0,s-0.014330,s0.011147,s321.475403
138_1,s-0.178352,s0.884649,s311.675892
138_2,s-0.608703,s0.643480,s71.425566
138_3,s-0.893204,s0.155988,s94.332070
138_4,s-1.284745,s-0.290416,s215.898459
138_5,s-0.228443,s-1.475582,s46.769371
138_6,s0.144600,s-1.149456,s9.606385
138_7,s0.826549,s-1.127203,s171.301491
138_8,s1.399337,s-0.802941,s90.150639
138_9,s1.452764,s0.121438,s153.682889
138_10,s1.269869,s0.588466,s310.661142
138_11,s0.819865,s1.492148,s217.751332
138_12,s-0.033004,s1.807314,s238.758201
138_13,s-0.466684,s1.629409,s55.578944
138_14,s-1.090321,s1.324452,s81.969522
138_15,s-1.600898,s1.048832,s178.660298
138_16,s-2.188827,s-0.014726,s341.794203
138_17,s-1.653324,s-0.386614,s122.301723
138_18,s-1.536873,s-1.458837,s2.898675
138_19,s-0.859109,s-1.503914,s154.109382
138_20,s-0.237566,s-1.962105,s109.814625
138_21,s0.341688,s-2.017933,s24.105980
138_22,s1.137587,s-1.845557,s123.163224
138_23,s1.574261,s-1.212870,s169.044721
138_24,s1.933110,s-0.957677,s303.554967
138_25,s1.979134,s-0.091321,s237.998997
138_26,s2.237470,s0.651443,s138.160862
138_27,s2.208180,s1.068762,s37.366689
138_28,s1.030878,s1.972158,s240.248522
138_29,s1.034031,s2.443832,s100.631302
138_30,s-0.033098,s2.393165,s311.103586
138_31,s-0.509470,s2.258154,s344.684894
138_32,s-1.566319,s2.111407,s290.896986
138_33,s-1.959328,s1.704135,s351.604029
138_34,s-2.268480,s0.976177,s3.608737
138_35,s-2.719922,s0.860566,s188.166731
138_36,s-2.599436,s-0.552668,s10.294427
138_37,s-2.483441,s-1.097423,s77.406146
138_38,s-2.148759,s-1.684022,s359.130406
138_39,s-1.651335,s-1.918347,s150.707201
138_40,s-1.165809,s-2.425358,s162.828564
138_41,s-0.322262,s-2.847935,s45.557562
138_42,s0.286036,s-2.967531,s21.126168
138_43,s0.610717,s-2.468330,s230.629867
138_44,s1.832327,s-2.260495,s121.619306
138_45,s2.322404,s-1.776066,s98.218614
138_46,s2.561287,s-1.271001,s201.112283
138_47,s2.940577,s-0.356788,s177.127021
138_48,s3.051536,s0.129504,s53.614579
138_49,s3.118296,s0.827190,s75.099590
138_50,s2.497246,s1.508169,s321.992589
138_51,s2.270475,s2.262967,s133.747976
138_52,s1.591833,s2.580288,s307.990021
138_53,s1.024484,s3.187118,s204.565750
138_54,s0.505885,s3.103980,s49.045829
138_55,s-0.370025,s3.342255,s87.122257
138_56,s-0.990104,s2.702461,s32.353550
138_57,s-1.502183,s2.740022,s67.704490
138_58,s-2.159087,s2.413862,s64.511319
138_59,s-2.930007,s1.588501,s323.311488
138_60,s-3.252699,s0.809809,s5.341022
138_61,s-3.250089,s0.298176,s101.276073
138_62,s-3.132099,s-0.351069,s80.704016
138_63,s-3.319265,s-0.857550,s102.397746
138_64,s-2.956752,s-1.863951,s27.845525
138_65,s-2.318248,s-2.510318,s56.393005
138_66,s-1.756465,s-2.832534,s136.689396
138_67,s-1.449876,s-3.396603,s177.538887
138_68,s-0.659010,s-3.387544,s122.491492
138_69,s0.137427,s-3.495433,s117.118863
138_70,s0.830614,s-3.379095,s149.859014
138_71,s1.464332,s-3.081852,s215.980049
138_72,s2.011159,s-3.219713,s324.537182
138_73,s2.557803,s-2.429435,s301.309247
138_74,s3.333299,s-1.951879,s351.219580
138_75,s3.796266,s-1.084214,s69.973142
138_76,s3.911146,s-0.431608,s98.056290
138_77,s3.607117,s0.237545,s242.511317
138_78,s3.461955,s0.944745,s269.771239
138_79,s3.542421,s1.542728,s104.533705
138_80,s3.033748,s2.496912,s204.427177
138_81,s2.680480,s3.041848,s140.535443
138_82,s2.047841,s3.252787,s352.636928
138_83,s1.432322,s3.423801,s17.375956
138_84,s0.515675,s3.912892,s227.423624
138_85,s-0.156526,s3.710130,s343.352868
138_86,s-0.528847,s4.001766,s88.237563
138_87,s-1.322517,s3.622910,s64.287553
138_88,s-2.326097,s3.874582,s180.362439
138_89,s-3.049916,s3.007517,s272.120731
138_90,s-3.010752,s2.455336,s157.583199
138_91,s-3.678968,s1.962090,s166.322325
138_92,s-4.201573,s0.925673,s286.985141
138_93,s-4.478591,s0.576790,s194.007854
138_94,s-4.093183,s-0.545990,s58.502029
138_95,s-4.410922,s-1.153478,s10.230211
138_96,s-3.763844,s-1.827889,s31.399999
138_97,s-3.145491,s-2.466542,s36.000933
138_98,s-3.115721,s-2.994306,s254.615078
138_99,s-2.645698,s-3.951433,s337.308968
138_100,s-2.083078,s-3.572187,s218.392979
138_101,s-1.631870,s-4.538210,s279.276434
138_102,s-0.207490,s-4.189679,s114.435263
138_103,s0.720778,s-4.442151,s88.887250
138_104,s1.047985,s-4.161041,s330.255358
138_105,s1.775381,s-4.424860,s343.221633
138_106,s2.248833,s-3.715231,s309.650630
138_107,s3.105963,s-3.327357,s15.777806
138_108,s3.482184,s-2.613519,s187.917247
138_109,s4.046036,s-1.952733,s125.385027
138_110,s4.147185,s-1.558402,s333.238109
138_111,s4.420672,s-0.581104,s253.621443
138_112,s4.504915,s-0.139648,s294.399224
138_113,s4.603154,s0.870949,s157.355063
138_114,s4.315882,s1.325212,s15.340761
138_115,s3.916603,s2.308390,s169.346051
138_116,s3.578130,s2.680020,s292.017164
138_117,s3.204710,s3.286098,s309.918673
138_118,s2.453833,s3.900805,s244.084324
138_119,s2.036410,s4.411285,s110.566624
138_120,s1.254699,s4.483275,s348.973309
138_121,s0.742507,s4.799249,s112.599204
138_122,s-0.309329,s4.903124,s182.244539
138_123,s-0.937548,s4.596023,s344.961109
138_124,s-1.682328,s4.645129,s202.548936
138_125,s-2.510291,s4.331915,s317.341040
138_126,s-2.908906,s3.760771,s43.005809
138_127,s-3.781244,s3.440379,s266.703203
138_128,s-4.041468,s2.775307,s284.679041
138_129,s-4.403974,s2.059909,s297.435380
138_130,s-4.584501,s1.510039,s73.923459
138_131,s-4.805126,s1.010405,s149.614821
138_132,s-5.144917,s-0.161615,s26.380683
138_133,s-4.935815,s-0.455712,s159.405456
138_134,s-4.716251,s-1.544468,s69.624135
138_135,s-4.337295,s-2.326729,s28.560447
138_136,s-4.176292,s-2.871931,s278.279899
138_137,s-3.606756,s-3.374534,s93.987269
139_0,s-0.079201,s-0.175140,s285.022437
139_1,s-0.061340,s0.340431,s336.167390
139_2,s-1.105998,s0.787586,s282.989522
139_3,s-0.390486,s0.318892,s87.500527
139_4,s-1.198994,s-0.325863,s295.471790
139_5,s-0.453875,s-0.818727,s1.767685
139_6,s0.479528,s-0.566012,s121.126076
139_7,s0.852089,s-1.231126,s7.352835
139_8,s0.911766,s-0.199948,s209.156675
139_9,s1.339363,s-0.032426,s351.390754
139_10,s1.215497,s0.979411,s162.470416
139_11,s0.755648,s1.120815,s11.022051
139_12,s0.093040,s1.186868,s347.621754
139_13,s-0.315474,s1.720650,s152.180419
139_14,s-0.812499,s1.445853,s93.172136
139_15,s-1.617756,s0.595675,s3.617485
139_16,s-1.447401,s0.038053,s108.638429
139_17,s-2.139497,s-0.899016,s308.428325
139_18,s-1.272080,s-0.698638,s174.770971
139_19,s-0.104471,s-1.354121,s98.923849
139_20,s-0.315806,s-2.345512,s15.925462
139_21,s0.426494,s-1.480233,s147.530463
139_22,s1.336575,s-2.057683,s42.178162
139_23,s1.493591,s-0.956177,s177.852831
139_24,s2.175451,s-0.799418,s77.959139
139_25,s2.099121,s-0.121990,s102.095233
139_26,s2.157763,s0.702644,s135.669438
139_27,s1.829514,s1.157262,s35.038721
139_28,s1.412739,s2.147797,s139.298050
139_29,s0.950522,s2.426638,s123.551651
139_30,s-0.083430,s2.099447,s318.959473
139_31,s-0.787741,s2.308980,s290.889780
139_32,s-1.107211,s1.962100,s24.480967
139_33,s-2.032456,s1.405177,s348.549622
139_34,s-2.550878,s1.166852,s242.315169
139_35,s-2.024266,s0.459691,s83.475809
139_36,s-2.617849,s0.098776,s211.568782
139_37,s-3.133695,s-0.603738,s266.234095
139_38,s-1.814911,s-1.573308,s50.248771
139_39,s-1.072189,s-1.620949,s112.940188
139_40,s-1.554392,s-2.250260,s255.495082
139_41,s-0.843161,s-2.715322,s252.934914
139_42,s0.225816,s-2.298004,s240.798789
139_43,s1.147494,s-2.639983,s270.367038
139_44,s2.186295,s-2.355234,s52.577050
139_45,s2.009974,s-1.802502,s12.504656
139_46,s2.700507,s-1.051385,s156.976089
139_47,s2.494264,s-0.603547,s269.200014
139_48,s3.217580,s0.171651,s124.200987
139_49,s2.784183,s0.376914,s37.193155
139_50,s2.408367,s1.584971,s283.284163
139_51,s2.078666,s1.913696,s319.621578
139_52,s1.461693,s2.627628,s246.994351
139_53,s1.062288,s3.115594,s129.139568
139_54,s0.434310,s3.376377,s163.931139
139_55,s-0.477663,s3.076770,s233.348406
139_56,s-1.066694,s2.793102,s358.970996
139_57,s-1.655697,s2.996621,s171.556609
139_58,s-2.065733,s2.479525,s126.397529
139_59,s-2.904492,s1.562604,s286.501066
139_60,s-3.354195,s1.243060,s213.522908
139_61,s-3.374019,s0.536190,s257.580309
139_62,s-3.298009,s0.063723,s165.516771
139_63,s-2.825724,s-1.692946,s21.222008
139_64,s-3.059682,s-2.242098,s299.190813
139_65,s-1.971840,s-2.085207,s107.524721
139_66,s-1.713780,s-2.721106,s120.425076
139_67,s-1.278859,s-3.489686,s14.612057
139_68,s-0.644844,s-3.799334,s18.717635
139_69,s0.368096,s-3.268331,s99.857549
139_70,s0.636426,s-3.829605,s346.503123
139_71,s1.076181,s-3.269863,s275.276401
139_72,s2.281052,s-2.859739,s149.363745
139_73,s2.678524,s-2.610209,s339.203186
139_74,s3.162192,s-1.849818,s318.670962
139_75,s3.433356,s-0.998983,s133.514242
139_76,s3.488491,s-0.465860,s222.147622
139_77,s3.890659,s0.502751,s174.815564
139_78,s2.869798,s1.038672,s224.855980
139_79,s3.770709,s1.764936,s126.468728
139_80,s2.956125,s2.381218,s214.568052
139_81,s2.156435,s2.894148,s247.780022
139_82,s1.958559,s3.271418,s33.484551
139_83,s1.286800,s3.518983,s345.652506
139_84,s0.825988,s4.168157,s179.600826
139_85,s-0.087675,s3.822941,s182.710392
139_86,s-0.781156,s3.992599,s199.054207
139_87,s-1.509647,s3.414492,s329.251122
139_88,s-2.033472,s3.234626,s66.900661
139_89,s-2.897130,s3.023378,s255.338521
139_90,s-2.866029,s2.259156,s72.679291
139_91,s-3.689964,s1.610548,s347.172119
139_92,s-3.788714,s1.202817,s125.344184
139_93,s-4.417848,s0.379766,s280.646873
139_94,s-3.756550,s-0.312301,s66.618637
139_95,s-4.056957,s-0.962968,s280.333930
139_96,s-3.820407,s-1.423638,s229.799333
139_97,s-4.011379,s-2.405837,s270.596780
139_98,s-2.961702,s-2.947562,s317.786347
139_99,s-2.877129,s-3.703416,s315.280615
139_100,s-1.946567,s-3.896247,s13.545347
139_101,s-0.918942,s-4.163275,s59.941789
139_102,s-0.414109,s-4.593411,s1.958535
139_103,s0.259814,s-4.197626,s30.104532
139_104,s0.732119,s-4.612000,s337.930708
139_105,s1.700040,s-3.670106,s133.022065
139_106,s2.587152,s-3.957963,s67.825262
139_107,s2.866827,s-3.004281,s147.164312
139_108,s3.254044,s-2.847468,s271.828275
139_109,s4.023172,s-2.005686,s179.215003
139_110,s3.999954,s-1.309162,s208.875413
139_111,s4.508269,s-1.058554,s326.979417
139_112,s4.230624,s0.055408,s234.970904
139_113,s4.606098,s0.587198,s217.084864
139_114,s4.201635,s1.511939,s198.936779
139_115,s4.235553,s1.955605,s48.125833
139_116,s3.802736,s2.724210,s48.285621
139_117,s2.497366,s3.358642,s267.156905
139_118,s3.009786,s3.813955,s44.999073
139_119,s1.648408,s4.375216,s266.655292
139_120,s1.298289,s4.631820,s34.908355
139_121,s0.206712,s4.564203,s260.907788
139_122,s-0.331597,s4.497271,s14.621843
139_123,s-1.069381,s4.419125,s324.161226
139_124,s-1.618454,s4.500940,s183.145766
139_125,s-2.099597,s4.060846,s89.036998
139_126,s-2.898908,s3.573874,s11.421595
139_127,s-3.368021,s3.351564,s168.793799
139_128,s-3.770900,s2.915367,s131.022985
139_129,s-4.134829,s2.178658,s141.714647
139_130,s-4.543871,s1.316738,s65.397693
139_131,s-5.021527,s0.268045,s337.550875
139_132,s-4.652187,s-0.022006,s144.459364
139_133,s-4.768487,s-0.888063,s297.320590
139_134,s-4.825432,s-1.365781,s270.529952
139_135,s-4.501126,s-2.184859,s338.162975
139_136,s-4.254581,s-2.853685,s246.515195
139_137,s-3.721337,s-3.529991,s312.234600
139_138,s-3.495688,s-4.209276,s327.163814
140_0,s-0.179317,s0.027018,s272.884152
140_1,s-0.538387,s-0.156197,s189.348014
140_2,s0.574349,s0.452736,s242.810476
140_3,s0.092344,s0.662662,s110.509781
140_4,s0.548399,s0.915867,s48.198146
140_5,s0.257910,s-0.418391,s269.610644
140_6,s-0.620874,s0.776988,s354.636770
140_7,s-0.913888,s-0.435591,s97.906484
140_8,s-0.685034,s-1.144714,s55.227877
140_9,s0.164749,s-0.981715,s238.994506
140_10,s-1.188546,s0.647344,s190.790771
140_11,s1.078470,s-0.635348,s273.370376
140_12,s0.374244,s-1.505852,s147.485053
140_13,s1.449796,s1.024466,s108.612187
140_14,s-1.527511,s-0.026089,s37.565182
140_15,s-0.257918,s-1.497366,s153.105173
140_16,s1.653844,s0.426823,s228.068440
140_17,s-1.116720,s0.984658,s23.620546
140_18,s0.545202,s1.610038,s250.551266
140_19,s-0.679040,s1.680705,s0.377857
140_20,s1.195881,s-1.216005,s214.338204
140_21,s0.473729,s2.032604,s32.857768
140_22,s-1.534345,s-0.815238,s137.803990
140_23,s-0.892511,s-1.854852,s105.151331
140_24,s-1.756403,s0.765779,s4.789163
140_25,s0.848552,s-1.931780,s149.249778
140_26,s1.606472,s-0.169805,s221.360752
140_27,s1.843830,s1.035727,s223.676468
140_28,s-2.286474,s0.519115,s19.707964
140_29,s1.048280,s1.879863,s300.040582
140_30,s1.735348,s-0.956419,s217.662183
140_31,s-2.094901,s-0.933535,s76.057443
140_32,s-1.978129,s1.691373,s76.770749
140_33,s-1.115686,s1.940419,s95.189874
140_34,s2.076667,s-2.022251,s205.119307
140_35,s2.652040,s-0.615603,s138.101861
140_36,s2.577849,s-0.225037,s344.289253
140_37,s-0.781275,s2.566597,s85.086442
140_38,s2.172623,s1.616334,s85.010003
140_39,s1.454726,s-2.026849,s174.960041
140_40,s-2.004987,s-1.809897,s33.724489
140_41,s2.425296,s0.994961,s332.066448
140_42,s-0.984395,s-2.350486,s135.061650
140_43,s-2.326080,s-0.422482,s329.651136
140_44,s0.809494,s2.513580,s270.643644
140_45,s-0.569724,s-2.333927,s238.491107
140_46,s-2.704941,s1.337210,s111.409687
140_47,s-1.644977,s-2.295276,s152.055297
140_48,s-0.767055,s-3.076002,s292.272169
140_49,s3.114677,s0.499088,s214.848772
140_50,s2.392547,s-1.522717,s209.335155
140_51,s-2.882227,s-1.208880,s62.612989
140_52,s-2.712863,s-0.368578,s78.519496
140_53,s1.910510,s2.406384,s292.506882
140_54,s2.939465,s1.199891,s238.284691
140_55,s0.398778,s-3.255773,s343.366233
140_56,s-1.475356,s3.029466,s143.504129
140_57,s-2.910655,s1.985252,s26.723776
140_58,s-0.244605,s2.683944,s5.083165
140_59,s2.870297,s-1.031498,s240.257603
140_60,s2.286728,s2.058368,s264.060976
140_61,s1.889629,s2.944889,s334.652399
140_62,s0.253038,s2.923601,s278.675509
140_63,s-2.307084,s2.386307,s3.836576
140_64,s-2.484390,s-1.848520,s66.935004
140_65,s1.415954,s-2.924236,s151.644859
140_66,s-3.516341,s0.755046,s99.517744
140_67,s0.893654,s3.343697,s305.000158
140_68,s-2.311382,s-2.205235,s199.369350
140_69,s3.711441,s-0.874238,s73.328520
140_70,s1.763232,s-2.901918,s277.363595
140_71,s-3.373847,s1.581153,s113.458754
140_72,s-1.619445,s-3.015522,s192.497736
140_73,s-0.456134,s-3.404957,s179.026100
140_74,s-0.656440,s3.605504,s179.573513
140_75,s-1.096653,s3.701154,s126.167687
140_76,s0.682853,s3.811116,s68.931830
140_77,s-3.622444,s-0.630832,s13.076123
140_78,s3.734292,s1.006726,s279.565690
140_79,s-3.403199,s-1.847761,s35.624758
140_80,s3.177477,s2.146742,s356.002591
140_81,s-2.837611,s-2.676159,s12.651852
140_82,s-2.222428,s-3.065825,s133.975926
140_83,s2.453560,s-3.332329,s89.311433
140_84,s-2.699954,s2.858152,s85.303642
140_85,s3.358076,s1.572382,s308.424710
140_86,s1.722913,s3.701127,s283.494045
140_87,s3.706929,s-0.256335,s262.784017
140_88,s1.576511,s-3.544983,s174.594222
140_89,s-1.838855,s3.578309,s15.932453
140_90,s-3.864156,s-2.080839,s70.085697
140_91,s-2.072423,s-3.580069,s152.102274
140_92,s2.963828,s-2.856959,s336.782593
140_93,s-4.119428,s-0.095901,s30.001052
140_94,s3.481442,s-2.460339,s263.348030
140_95,s-0.978040,s-3.843975,s222.503714
140_96,s2.024098,s-3.910021,s225.636285
140_97,s3.198894,s3.222232,s319.040582
140_98,s1.110677,s4.067778,s297.890724
140_99,s4.118300,s-1.142726,s303.939977
140_100,s3.534270,s2.637051,s315.786100
140_101,s-3.677024,s2.205175,s128.507286
140_102,s4.227495,s-1.570940,s227.311802
140_103,s4.065514,s0.615975,s184.861282
140_104,s1.143971,s-4.395068,s11.925920
140_105,s-3.591530,s-2.769637,s346.616404
140_106,s-2.487926,s3.500544,s62.753415
140_107,s0.010129,s-4.349596,s265.891840
140_108,s2.515149,s3.173676,s317.123153
140_109,s4.287791,s1.981107,s154.713273
140_110,s-2.487252,s4.015790,s1.597771
140_111,s-0.275610,s3.899387,s51.482861
140_112,s-3.042101,s-3.121586,s87.673282
140_113,s4.691408,s-0.456873,s291.508087
140_114,s4.574361,s0.728448,s269.746228
140_115,s-1.162267,s4.318795,s328.882210
140_116,s-4.148538,s-0.955340,s257.728689
140_117,s-1.366940,s-4.296088,s127.698050
140_118,s-4.477280,s-0.612255,s29.336419
140_119,s-3.689657,s2.551952,s351.146009
140_120,s2.976268,s-3.267502,s250.967116
140_121,s-4.406394,s-1.518328,s29.338837
140_122,s-4.472125,s1.659615,s141.552076
140_123,s2.175138,s4.560424,s82.599366
140_124,s2.952529,s3.970748,s60.110369
140_125,s-4.097273,s3.058747,s2.098911
140_126,s2.787936,s-3.679437,s210.455299
140_127,s4.682844,s2.199151,s252.580847
140_128,s1.508626,s-4.791379,s312.461877
140_129,s0.870311,s4.544511,s56.962945
140_130,s-3.738278,s-3.387435,s128.379241
140_131,s-4.245327,s2.329209,s53.577893
140_132,s-1.873216,s4.449247,s17.690539
140_133,s0.710152,s-4.849456,s133.578307
140_134,s-4.707238,s2.141337,s121.642589
140_135,s-2.922507,s-3.839866,s138.350482
140_136,s-4.474311,s-2.214642,s176.123192
140_137,s-4.997984,s0.304872,s2.953324
140_138,s-0.648484,s-4.846794,s42.165751
140_139,s3.775819,s4.030116,s321.684578
141_0,s0.103008,s-0.109776,s63.264570
141_1,s0.465448,s-0.186132,s322.203409
141_2,s-0.300763,s-0.461768,s116.548080
141_3,s0.452952,s-0.538710,s130.950015
141_4,s0.224782,s0.400347,s8.360846
141_5,s-0.862230,s0.232122,s120.582374
141_6,s-0.423488,s-1.236696,s57.822236
141_7,s1.057710,s-0.285026,s154.712494
141_8,s0.728017,s0.778817,s245.321695
141_9,s0.304815,s-1.113890,s236.822122
141_10,s-0.527313,s0.576319,s71.923253
141_11,s-1.524249,s-0.378073,s189.938959
141_12,s-1.432737,s0.489250,s122.066745
141_13,s-0.453623,s1.216972,s281.195302
141_14,s0.674950,s1.217180,s39.531149
141_15,s-1.122410,s1.160971,s64.399971
141_16,s1.220413,s1.152065,s7.307957
141_17,s1.409236,s-0.160682,s301.699155
141_18,s-0.973193,s-1.493840,s70.151213
141_19,s1.645328,s0.435943,s330.954610
141_20,s-0.508222,s-1.693664,s123.786336
141_21,s1.471693,s-0.647988,s158.084745
141_22,s1.311543,s-1.586595,s171.832443
141_23,s-1.936650,s0.636903,s25.612720
141_24,s-1.187318,s1.833875,s251.521765
141_25,s2.130333,s-0.881593,s358.101389
141_26,s0.487250,s1.955627,s285.377685
141_27,s-1.853127,s-0.803267,s114.085237
141_28,s-1.545344,s-1.615132,s124.205488
141_29,s-0.576667,s-2.285677,s147.498758
141_30,s1.758159,s1.369473,s336.409387
141_31,s-0.546319,s2.304405,s25.232124
141_32,s1.635305,s-1.377326,s280.497740
141_33,s0.308866,s-1.721254,s235.786185
141_34,s-1.147461,s2.260552,s84.870711
141_35,s-2.164040,s-1.325362,s173.394610
141_36,s-2.152274,s-0.364650,s100.647999
141_37,s2.301817,s0.674338,s344.568945
141_38,s-1.818286,s-2.278396,s253.671504
141_39,s0.807676,s-2.375109,s190.262661
141_40,s-1.242752,s2.791398,s2.455109
141_41,s0.358377,s2.562906,s246.460746
141_42,s-2.515775,s0.499416,s27.792893
141_43,s-2.626525,s1.291045,s355.198259
141_44,s2.419101,s-0.142135,s321.542122
141_45,s1.561761,s-2.169030,s249.576272
141_46,s2.496386,s-1.520602,s340.756951
141_47,s-2.193803,s1.963370,s347.094221
141_48,s0.883713,s2.853052,s358.131424
141_49,s2.052083,s2.227270,s297.730562
141_50,s2.821232,s0.727584,s250.690913
141_51,s1.477419,s2.643742,s10.166819
141_52,s-2.870297,s-0.914839,s76.852023
141_53,s0.140194,s-2.504804,s186.686182
141_54,s2.579640,s1.581869,s268.989546
141_55,s-3.041350,s-0.249540,s347.536905
141_56,s-0.354120,s2.911486,s8.510313
141_57,s-2.603916,s-1.585725,s147.850185
141_58,s3.123916,s-1.208452,s12.519849
141_59,s2.508858,s-1.883088,s232.262443
141_60,s-1.230713,s-2.878837,s84.869322
141_61,s-3.221390,s1.128140,s346.812175
141_62,s-3.146048,s-1.362622,s143.519095
141_63,s1.967043,s2.795166,s348.865458
141_64,s1.477683,s-2.671551,s137.932616
141_65,s-1.854312,s2.819678,s13.959914
141_66,s-0.903095,s-3.286597,s280.748084
141_67,s3.318425,s-0.577015,s342.567954
141_68,s1.957216,s-2.727034,s184.734091
141_69,s3.252573,s1.147231,s241.720533
141_70,s3.000322,s-1.690393,s280.750722
141_71,s0.277779,s3.605100,s283.203881
141_72,s-2.233311,s-2.336849,s171.115755
141_73,s1.047913,s-3.441116,s159.213978
141_74,s-2.468549,s2.556432,s7.469484
141_75,s2.917960,s2.354332,s301.722766
141_76,s-1.493073,s-3.407022,s87.842110
141_77,s2.604979,s-2.443332,s155.625539
141_78,s3.523973,s1.886999,s245.954332
141_79,s-3.689410,s1.179469,s164.045020
141_80,s-2.855171,s2.069414,s25.037494
141_81,s3.550964,s-1.008169,s247.127642
141_82,s-3.473032,s1.840991,s121.307621
141_83,s-2.587770,s-3.156392,s139.886168
141_84,s3.349788,s-2.057030,s177.010047
141_85,s-3.272236,s-2.232969,s136.846915
141_86,s-1.214176,s-3.727391,s262.304864
141_87,s1.623881,s-3.615541,s234.314357
141_88,s-3.446520,s0.320868,s136.650361
141_89,s-1.293073,s3.822213,s355.413730
141_90,s1.967484,s3.724929,s318.890786
141_91,s-3.018377,s-2.727994,s172.845288
141_92,s-3.699229,s-1.210454,s122.954324
141_93,s-0.496375,s3.919702,s353.859801
141_94,s2.495494,s2.809171,s335.255473
141_95,s-3.921838,s-0.605417,s288.157297
141_96,s-2.891614,s2.961133,s81.024714
141_97,s0.398287,s-3.727285,s55.102772
141_98,s1.297779,s3.872834,s8.539611
141_99,s-1.996774,s-3.729770,s142.308262
141_100,s2.278797,s-3.519104,s274.806051
141_101,s-2.075182,s3.822480,s2.282797
141_102,s3.465032,s-3.067154,s81.610119
141_103,s4.062594,s0.704910,s308.758986
141_104,s1.552110,s-4.165000,s182.844853
141_105,s3.894453,s-0.459666,s2.320263
141_106,s-0.336252,s-4.115366,s138.271154
141_107,s-4.275922,s0.581986,s62.121903
141_108,s-2.585470,s3.586641,s10.130100
141_109,s0.575628,s-4.472819,s86.205490
141_110,s-3.421651,s2.701039,s125.127814
141_111,s-1.475030,s-4.222089,s131.971177
141_112,s-3.735275,s-3.019688,s146.287659
141_113,s3.859883,s2.663324,s125.608706
141_114,s-3.137976,s3.557734,s119.341955
141_115,s-4.212045,s-1.999401,s114.738723
141_116,s3.866576,s-2.416248,s317.259727
141_117,s3.306531,s-3.686195,s155.822350
141_118,s-4.322321,s-0.595851,s49.591442
141_119,s-4.207505,s1.988400,s139.436415
141_120,s4.196769,s-0.760147,s215.831826
141_121,s0.317788,s4.835604,s94.622741
141_122,s-1.771235,s4.552116,s347.139865
141_123,s-4.112004,s2.751141,s109.250282
141_124,s3.242053,s3.626847,s85.150751
141_125,s-1.257754,s-4.687887,s217.348722
141_126,s-2.733986,s-4.037301,s69.684585
141_127,s1.201084,s5.021772,s136.379397
141_128,s4.599420,s-0.271326,s55.729864
141_129,s4.422561,s2.310319,s28.982417
141_130,s4.843052,s-1.305923,s228.848294
141_131,s4.012261,s-3.092025,s135.177110
141_132,s4.551754,s0.241088,s343.809574
141_133,s-2.293625,s-4.771818,s175.145877
141_134,s1.969944,s4.270061,s28.947044
141_135,s-4.829276,s-0.955966,s42.320193
141_136,s0.763290,s-4.974426,s98.266958
141_137,s4.489936,s-2.270396,s263.792614
141_138,s4.382724,s1.785062,s243.229846
141_139,s-4.630042,s-1.749732,s81.265151
141_140,s3.199502,s4.199855,s40.013624
142_0,s0.000000,s0.000000,s49.829366
142_1,s0.249490,s-0.245468,s158.696040
142_2,s0.284498,s0.414401,s15.183048
142_3,s0.734806,s-0.356556,s306.294143
142_4,s-0.422721,s-0.338811,s59.832097
142_5,s0.815585,s0.826802,s231.113342
142_6,s-0.410535,s0.976599,s310.501821
142_7,s-0.761414,s0.482936,s40.596486
142_8,s-0.528989,s-0.969020,s250.252433
142_9,s-0.884673,s-0.573720,s86.669775
142_10,s0.376792,s-1.033454,s239.024844
142_11,s0.719093,s1.258253,s53.253837
142_12,s-1.243427,s-0.085158,s55.215006
142_13,s1.412897,s-0.750813,s107.068729
142_14,s-0.379323,s1.501610,s24.126129
142_15,s1.462948,s-0.412814,s355.737597
142_16,s1.838283,s0.207880,s272.882061
142_17,s1.400852,s0.764021,s270.689801
142_18,s-0.601516,s-1.426775,s114.802446
142_19,s-1.364546,s0.622907,s70.185511
142_20,s0.651079,s-1.731645,s247.063423
142_21,s1.417679,s-1.364086,s240.797552
142_22,s-0.910983,s1.459293,s113.152976
142_23,s-0.439807,s-1.851029,s276.738875
142_24,s0.267787,s1.931525,s315.129740
142_25,s-1.957502,s-0.087540,s195.427870
142_26,s1.072681,s1.674181,s263.248989
142_27,s-0.279821,s2.066001,s340.997473
142_28,s-1.437134,s-1.479108,s6.797024
142_29,s-1.215441,s2.069469,s303.004164
142_30,s0.593667,s-2.278440,s236.904218
142_31,s-1.737692,s-1.861456,s262.640210
142_32,s2.245584,s-0.497346,s118.085650
142_33,s-2.321644,s-0.610692,s50.158549
142_34,s-2.110965,s-1.355643,s159.355325
142_35,s-0.847887,s-2.350249,s275.110153
142_36,s-2.162537,s0.991182,s103.478433
142_37,s1.727609,s1.180052,s295.542106
142_38,s1.402078,s2.186814,s249.562391
142_39,s-0.108009,s-2.740725,s335.465419
142_40,s-2.317936,s1.496373,s314.360049
142_41,s2.074976,s-2.053428,s294.377030
142_42,s2.658559,s-0.646189,s164.584291
142_43,s-2.665087,s-0.912003,s182.964881
142_44,s-1.577034,s2.393819,s106.622645
142_45,s-1.277748,s-2.318749,s137.047646
142_46,s2.511644,s0.990781,s194.720580
142_47,s-1.171850,s2.580478,s329.899804
142_48,s-2.964645,s1.151516,s51.437197
142_49,s-2.603645,s1.860385,s100.978785
142_50,s0.389777,s-2.877131,s188.279093
142_51,s0.994826,s3.019402,s177.933521
142_52,s1.910593,s-2.693846,s99.469937
142_53,s-2.192453,s2.728214,s115.811736
142_54,s2.320372,s2.115987,s292.135631
142_55,s3.025527,s0.876749,s308.902627
142_56,s-1.109291,s-3.283276,s65.240485
142_57,s-3.057118,s-0.759293,s91.940404
142_58,s-1.991464,s-2.308091,s96.679507
142_59,s0.152601,s2.997306,s336.597378
142_60,s1.130365,s-3.309119,s28.988427
142_61,s3.032869,s-1.020639,s230.701789
142_62,s1.619867,s2.645048,s6.041647
142_63,s-3.191304,s-1.284030,s202.936374
142_64,s2.385785,s-2.762503,s143.468332
142_65,s-3.119115,s0.440021,s181.877739
142_66,s2.854506,s-2.431933,s180.941008
142_67,s-2.132227,s-2.900622,s195.292810
142_68,s2.297882,s2.725272,s39.034999
142_69,s-2.769980,s-2.755739,s201.885000
142_70,s-0.472033,s-3.506903,s299.756326
142_71,s3.041013,s1.719326,s343.498993
142_72,s-2.376185,s3.128537,s301.627053
142_73,s-3.541536,s1.859442,s3.015774
142_74,s-0.748595,s-3.826759,s134.970830
142_75,s1.477793,s-3.555085,s232.815832
142_76,s3.408506,s-0.795039,s343.057785
142_77,s1.271478,s3.464789,s356.471552
142_78,s3.361053,s0.186271,s349.109201
142_79,s3.785672,s-1.021542,s259.343213
142_80,s2.919766,s-1.642397,s264.258653
142_81,s-1.381667,s3.051802,s7.082126
142_82,s-3.733478,s-1.275644,s190.036866
142_83,s2.423649,s3.229093,s306.643791
142_84,s1.765299,s3.756408,s258.151765
142_85,s-3.614052,s1.188185,s151.514303
142_86,s-2.784540,s2.917343,s49.664834
142_87,s-2.233632,s3.674356,s352.401761
142_88,s3.514683,s-2.012338,s234.878166
142_89,s3.959017,s1.244461,s4.188306
142_90,s-3.006481,s-2.377723,s20.504280
142_91,s0.933576,s4.191890,s304.482333
142_92,s3.919048,s0.668549,s173.826839
142_93,s0.959390,s-3.773669,s94.047017
142_94,s0.175818,s4.179754,s306.699768
142_95,s-4.115726,s0.347984,s89.530553
142_96,s3.873217,s-1.620692,s264.257911
142_97,s-1.440133,s-3.639518,s178.225889
142_98,s4.333235,s0.728021,s248.475900
142_99,s-1.483354,s3.955388,s316.594210
142_100,s-0.412703,s-4.380602,s309.456531
142_101,s2.629292,s-3.291251,s187.959512
142_102,s-1.870014,s-3.949082,s81.345642
142_103,s-3.609197,s-2.516684,s179.679830
142_104,s3.715653,s2.622783,s95.010027
142_105,s-3.103767,s-3.124156,s129.085711
142_106,s-3.963530,s2.245541,s41.075608
142_107,s-2.179232,s-4.369160,s195.054074
142_108,s-4.065099,s-1.034579,s34.145752
142_109,s2.086708,s4.143137,s329.732379
142_110,s4.017795,s-0.509729,s296.720090
142_111,s3.268859,s-2.720046,s254.121224
142_112,s1.342507,s-4.220331,s100.135927
142_113,s-2.655341,s3.633066,s51.705200
142_114,s-0.682686,s4.644353,s169.102849
142_115,s-4.025443,s1.363199,s22.635565
142_116,s-4.029142,s-1.768054,s79.026953
142_117,s-1.573516,s4.540444,s332.518217
142_118,s3.139077,s2.938741,s346.530983
142_119,s2.642518,s4.048334,s282.442426
142_120,s2.505262,s-4.164611,s95.738475
142_121,s1.785591,s-4.616727,s232.859684
142_122,s4.539578,s1.420036,s218.617665
142_123,s-4.589108,s1.585258,s29.833305
142_124,s-4.765087,s-0.884159,s19.981616
142_125,s-4.788230,s-1.934356,s110.801882
142_126,s0.577913,s4.856073,s50.191790
142_127,s3.162198,s-3.774654,s194.890592
142_128,s4.139563,s2.225763,s240.620563
142_129,s-4.067315,s-3.124614,s20.060942
142_130,s-3.119843,s-3.657845,s228.391815
142_131,s-3.765021,s3.219990,s327.743746
142_132,s3.702504,s3.222166,s341.487330
142_133,s-2.594704,s4.215449,s13.065788
142_134,s-3.051178,s-4.236316,s112.799086
142_135,s4.960344,s-1.573237,s32.511554
142_136,s0.784090,s-4.851238,s99.386362
142_137,s4.382242,s-2.169914,s227.924242
142_138,s-5.131088,s1.220194,s13.505877
142_139,s1.916720,s4.789059,s65.649728
142_140,s-4.959770,s-1.272885,s119.110924
142_141,s4.175649,s-3.423467,s115.976842
143_0,s0.000000,s0.000000,s36.530548
143_1,s-0.113254,s-0.331170,s159.485414
143_2,s0.484320,s-0.354167,s201.900034
143_3,s0.390135,s0.088287,s296.874604
143_4,s0.215128,s0.718484,s283.820502
143_5,s-0.657825,s0.239304,s165.203182
143_6,s0.947414,s-0.070048,s258.942781
143_7,s-0.598404,s-0.672245,s100.311116
143_8,s0.326792,s-1.050337,s185.234254
143_9,s0.992766,s-0.674104,s249.414471
143_10,s-0.980308,s0.853813,s260.394366
143_11,s-1.260823,s0.608544,s122.586579
143_12,s0.958403,s-1.281196,s152.965397
143_13,s0.235728,s1.329260,s111.398018
143_14,s0.750846,s1.181622,s2.078496
143_15,s1.173166,s1.013006,s291.512133
143_16,s-1.091752,s-1.169649,s123.362074
143_17,s-0.718815,s1.316550,s18.397179
143_18,s-0.293392,s-1.215081,s165.643488
143_19,s-1.615700,s-0.901117,s91.198722
143_20,s-1.273406,s-1.732321,s204.835597
143_21,s-1.331212,s1.211559,s341.858454
143_22,s-2.050097,s0.455083,s7.505815
143_23,s1.867581,s0.349486,s179.077947
143_24,s0.227044,s2.037388,s134.161970
143_25,s1.446591,s1.522292,s36.764584
143_26,s-0.574695,s1.915653,s343.236303
143_27,s1.848656,s-0.996229,s323.712211
143_28,s-1.564891,s-0.333342,s63.023852
143_29,s1.076036,s-2.032768,s151.671242
143_30,s-2.225059,s-0.582334,s30.943480
143_31,s-1.974523,s1.450434,s347.489087
143_32,s1.801204,s-1.509359,s262.834691
143_33,s-1.270340,s2.153192,s350.073157
143_34,s-2.026913,s-1.376271,s50.247218
143_35,s0.464398,s2.608991,s89.621751
143_36,s2.056041,s1.138066,s235.424283
143_37,s-0.364410,s-2.169609,s213.364784
143_38,s2.385540,s0.263061,s209.263496
143_39,s-1.699941,s-2.032905,s102.960906
143_40,s-0.958523,s-2.577544,s124.049452
143_41,s1.632541,s2.150537,s55.283552
143_42,s2.002452,s1.658369,s339.837925
143_43,s-2.619426,s0.837322,s338.643767
143_44,s-2.254652,s1.902379,s86.197869
143_45,s0.522786,s-2.597921,s141.215219
143_46,s2.560605,s-0.856332,s317.792685
143_47,s2.027274,s-2.143049,s311.326748
143_48,s-2.798362,s-0.761032,s124.663751
143_49,s1.400797,s-2.652879,s344.094486
143_50,s-2.374714,s-1.750209,s75.322179
143_51,s-0.503690,s2.855923,s337.727805
143_52,s-0.522703,s-3.207691,s8.140422
143_53,s1.080734,s2.852107,s325.706467
143_54,s2.927692,s1.019127,s209.534170
143_55,s-1.721532,s2.578047,s110.880010
143_56,s2.563656,s1.652321,s323.967472
143_57,s3.087125,s-0.842413,s242.016757
143_58,s-2.503531,s-2.516909,s49.238650
143_59,s1.791588,s-2.830674,s273.846102
143_60,s1.382266,s-3.106339,s194.846672
143_61,s-0.836529,s-3.450032,s134.230924
143_62,s0.804847,s3.406203,s300.461049
143_63,s-1.803484,s-2.999574,s166.142274
143_64,s-2.778343,s1.375068,s41.343104
143_65,s-2.923678,s2.267621,s321.547827
143_66,s-3.146649,s0.994285,s80.256468
143_67,s2.565933,s-2.153714,s223.796949
143_68,s2.497211,s2.797577,s187.866188
143_69,s2.096542,s-3.229088,s185.955817
143_70,s-3.707278,s-1.038551,s180.283419
143_71,s-2.998850,s0.083057,s310.206127
143_72,s-0.829083,s3.194154,s76.686021
143_73,s-1.655272,s3.140474,s83.459574
143_74,s3.536375,s0.310731,s217.650345
143_75,s3.495130,s1.214110,s48.684949
143_76,s2.192807,s2.980201,s30.568695
143_77,s0.458476,s3.872958,s333.171597
143_78,s-3.497212,s-0.139671,s255.008118
143_79,s3.256291,s-2.235860,s190.854720
143_80,s3.389589,s-1.825702,s322.055648
143_81,s0.551263,s-3.304332,s312.896046
143_82,s3.964580,s1.045040,s0.657945
143_83,s-3.213431,s-2.546343,s210.714382
143_84,s-4.011979,s1.681226,s270.778527
143_85,s-2.443402,s-3.103592,s198.962504
143_86,s0.352660,s-3.632923,s192.704473
143_87,s-3.178658,s-1.893708,s108.659021
143_88,s3.585354,s1.988778,s51.429368
143_89,s-1.872912,s3.590919,s0.543334
143_90,s2.845501,s3.156838,s223.897415
143_91,s3.771851,s2.454209,s317.968005
143_92,s-2.891449,s2.976915,s103.516560
143_93,s-3.744322,s0.648113,s59.103592
143_94,s-2.740461,s3.313589,s357.216052
143_95,s-4.029286,s-1.639314,s79.430908
143_96,s-1.291080,s3.838699,s251.526248
143_97,s3.898227,s-1.814891,s248.730811
143_98,s-0.363758,s4.234404,s95.718384
143_99,s-3.476659,s2.077340,s17.693580
143_100,s3.798875,s-0.882354,s306.732303
143_101,s2.516426,s3.486775,s42.590780
143_102,s-4.300336,s-1.144382,s342.005663
143_103,s-2.645643,s-3.640134,s92.449951
143_104,s-3.516750,s-2.965210,s123.129280
143_105,s2.714322,s-2.938104,s258.715167
143_106,s1.766190,s-4.084492,s99.493377
143_107,s-3.977688,s2.104281,s53.859977
143_108,s4.051891,s0.626239,s269.862877
143_109,s-2.133199,s-4.299938,s70.058218
143_110,s2.738204,s-3.571027,s132.450054
143_111,s1.844047,s4.159566,s95.617946
143_112,s-1.250616,s-4.218526,s131.547272
143_113,s4.624062,s-0.490457,s238.442719
143_114,s3.505806,s2.978141,s316.150796
143_115,s0.577481,s-4.563608,s167.129513
143_116,s-2.174634,s4.279131,s87.389706
143_117,s-4.156819,s-2.400178,s40.435118
143_118,s-3.668531,s3.095461,s1.952557
143_119,s4.321058,s1.717835,s346.585513
143_120,s2.224501,s4.365959,s279.848359
143_121,s3.796129,s-3.254137,s338.805784
143_122,s1.554988,s4.699416,s115.285296
143_123,s-0.963532,s4.651248,s104.486826
143_124,s1.195787,s-4.597020,s252.287545
143_125,s4.552571,s1.355212,s297.924394
143_126,s-4.474334,s-0.479928,s104.380559
143_127,s-4.470181,s1.606232,s30.648427
143_128,s2.940952,s3.793521,s233.800456
143_129,s-0.328120,s-3.434361,s185.806555
143_130,s-3.842750,s-3.577118,s217.210353
143_131,s4.598413,s-1.541784,s196.194494
143_132,s-1.208487,s-4.903270,s295.983254
143_133,s5.023387,s0.517772,s320.596107
143_134,s3.192044,s-3.517578,s257.765382
143_135,s-4.632330,s1.050721,s63.003070
143_136,s-1.256643,s5.045874,s346.689698
143_137,s2.945527,s-4.101996,s256.456560
143_138,s-0.367832,s4.785885,s323.334240
143_139,s4.982941,s-1.301075,s267.555718
143_140,s-1.874403,s4.903989,s111.280399
143_141,s-4.838737,s-2.162550,s68.833739
143_142,s1.994915,s-4.639269,s260.294661
144_0,s0.000000,s0.000000,s259.926820
144_1,s0.230767,s0.499246,s341.695378
144_2,s-0.047812,s-0.497709,s224.001523
144_3,s-0.489544,s0.427606,s198.647318
144_4,s0.500269,s-0.558776,s270.561465
144_5,s-0.437832,s-0.546171,s119.425431
144_6,s-1.165241,s0.286727,s243.430455
144_7,s0.803529,s0.277203,s252.945216
144_8,s0.773491,s0.851007,s303.951640
144_9,s-0.949012,s0.813557,s315.704709
144_10,s-0.460213,s-1.162198,s84.148152
144_11,s0.348362,s1.355966,s345.259746
144_12,s0.722034,s-1.140687,s279.117738
144_13,s-1.385360,s-0.201938,s70.757510
144_14,s-1.054104,s1.333741,s12.314008
144_15,s1.404852,s0.654899,s318.556582
144_16,s0.416231,s-1.596638,s257.298272
144_17,s0.870530,s1.632384,s321.731866
144_18,s1.512743,s-0.521161,s257.498327
144_19,s-1.514305,s-0.973077,s312.538248
144_20,s-1.462012,s0.961780,s143.161410
144_21,s-0.943515,s-1.649175,s53.763023
144_22,s1.543147,s-1.272280,s164.360760
144_23,s-0.295189,s1.623380,s47.463636
144_24,s-0.454948,s-1.637993,s240.235218
144_25,s1.988565,s0.498105,s152.644222
144_26,s-1.871667,s-0.547141,s41.079933
144_27,s-1.710684,s-1.383315,s120.025789
144_28,s0.933327,s-2.047291,s150.125503
144_29,s-1.548261,s1.491773,s78.669031
144_30,s-0.346139,s2.172599,s341.133066
144_31,s-2.074928,s0.992308,s142.296471
144_32,s-2.475367,s-0.350080,s88.913889
144_33,s0.856320,s2.348769,s298.968670
144_34,s-1.402317,s-1.885737,s162.445494
144_35,s-0.962409,s2.361413,s53.858616
144_36,s1.790620,s1.744615,s155.529748
144_37,s2.423249,s0.361063,s340.254588
144_38,s2.577225,s-0.959381,s78.915414
144_39,s-0.975448,s-2.463940,s313.526999
144_40,s-2.513195,s-0.840446,s117.516357
144_41,s2.028137,s-1.545690,s201.675370
144_42,s2.100005,s1.054741,s295.885965
144_43,s-1.842676,s2.041334,s78.048910
144_44,s0.954115,s2.949519,s69.665961
144_45,s-2.642963,s0.759768,s86.534433
144_46,s1.098451,s-2.737865,s292.234958
144_47,s-2.409063,s1.427030,s71.980612
144_48,s2.978406,s0.359305,s306.342410
144_49,s2.192173,s1.821229,s320.681381
144_50,s-0.620547,s-2.730370,s180.774697
144_51,s-0.699462,s3.020058,s79.611960
144_52,s1.493387,s2.942753,s10.160187
144_53,s-2.023666,s-2.543084,s19.027161
144_54,s0.556992,s-2.998710,s45.509595
144_55,s2.559734,s-0.455810,s64.850423
144_56,s-2.737106,s-1.455422,s295.106689
144_57,s-2.508886,s-2.368120,s73.551919
144_58,s1.862752,s2.351628,s310.704658
144_59,s2.915716,s-0.448443,s226.443472
144_60,s-2.013069,s2.551480,s327.811856
144_61,s1.155536,s-3.197614,s109.449667
144_62,s2.778581,s-1.587290,s309.763709
144_63,s-1.329624,s-2.800375,s205.663314
144_64,s-2.210971,s-2.841057,s164.760419
144_65,s-2.989040,s1.915240,s1.098284
144_66,s1.681063,s-3.012727,s333.986544
144_67,s-1.547204,s-3.305852,s135.614251
144_68,s2.478729,s-2.399668,s146.726379
144_69,s-3.202530,s1.141841,s11.727036
144_70,s-3.123783,s-1.686559,s84.444802
144_71,s-0.745658,s-3.878981,s306.538547
144_72,s2.949849,s1.240319,s298.490583
144_73,s0.815307,s3.455108,s327.122372
144_74,s2.923206,s2.427934,s270.094902
144_75,s1.961367,s-3.370911,s172.963510
144_76,s-0.407635,s3.274727,s306.491576
144_77,s-3.323349,s-0.421727,s71.069470
144_78,s3.379614,s-1.625027,s182.486245
144_79,s-2.481538,s2.877841,s348.892021
144_80,s2.897277,s-2.610706,s186.123219
144_81,s-0.678940,s3.789662,s26.887564
144_82,s-3.336610,s-1.056897,s110.697706
144_83,s2.702961,s3.016041,s60.099093
144_84,s-3.735589,s1.430165,s32.496216
144_85,s-2.987170,s-2.808347,s35.900196
144_86,s-4.017141,s-0.820111,s130.803845
144_87,s3.973488,s-1.507944,s169.970323
144_88,s3.752665,s0.597917,s236.074749
144_89,s3.726408,s-0.967668,s248.339223
144_90,s-2.940743,s2.856927,s63.039081
144_91,s-3.557002,s2.039052,s9.568624
144_92,s-3.582434,s0.699045,s166.688068
144_93,s4.100419,s-0.639581,s340.444168
144_94,s3.334229,s-2.793818,s283.351713
144_95,s-1.508636,s3.433150,s331.652659
144_96,s-1.697490,s4.005125,s103.968980
144_97,s3.433701,s1.952484,s291.101031
144_98,s-2.656742,s-3.444448,s85.837916
144_99,s-1.262866,s-3.795414,s144.186652
144_100,s3.692537,s1.089804,s347.991046
144_101,s-4.188020,s0.974932,s197.403627
144_102,s1.146126,s-3.727787,s189.587802
144_103,s-3.730196,s-2.237887,s152.949364
144_104,s0.237340,s4.143208,s90.817057
144_105,s-0.856394,s-4.366817,s114.613880
144_106,s4.170694,s1.551713,s242.777151
144_107,s0.790019,s-4.226804,s58.861953
144_108,s2.133311,s3.617870,s21.811333
144_109,s3.987382,s2.488129,s42.405757
144_110,s1.401776,s4.486092,s270.822446
144_111,s2.236809,s-3.904700,s226.944093
144_112,s-2.170119,s-3.999136,s212.649528
144_113,s-2.721186,s3.584013,s50.513369
144_114,s2.447561,s4.012412,s308.040508
144_115,s-4.352526,s1.488460,s351.584955
144_116,s-3.520675,s-3.188628,s104.308144
144_117,s1.958357,s-4.491641,s238.097051
144_118,s2.707150,s3.594626,s254.066983
144_119,s2.761544,s-3.616127,s268.534986
144_120,s-4.077219,s-1.516175,s122.786444
144_121,s4.593592,s-0.242722,s284.965637
144_122,s4.390395,s-1.812991,s204.049910
144_123,s-2.130834,s4.301110,s64.358247
144_124,s3.718409,s3.267404,s280.508277
144_125,s-1.184247,s4.806252,s169.278572
144_126,s-0.585844,s4.360824,s344.883940
144_127,s3.310841,s3.879218,s269.483116
144_128,s0.922572,s4.455487,s163.005371
144_129,s-4.468623,s-0.530483,s121.115658
144_130,s4.577509,s-1.066024,s287.292138
144_131,s4.123793,s-2.914932,s209.673471
144_132,s-3.855518,s3.261516,s64.502385
144_133,s-3.982499,s2.588861,s73.982856
144_134,s-3.157187,s-3.747289,s155.050580
144_135,s4.573082,s0.496911,s239.488429
144_136,s1.262069,s-4.941375,s335.903387
144_137,s0.603738,s-4.761880,s192.279950
144_138,s-4.745273,s0.722760,s37.854938
144_139,s4.593265,s2.098669,s23.864564
144_140,s-4.689777,s2.003994,s21.096652
144_141,s-4.366093,s-2.436644,s157.341794
144_142,s4.865362,s-1.835279,s295.217117
144_143,s4.969207,s0.899715,s326.751667
145_0,s0.079126,s-0.109909,s113.393198
145_1,s0.060696,s0.454102,s311.525014
145_2,s0.565817,s-0.011437,s154.566564
145_3,s-0.433330,s-0.663895,s234.373472
145_4,s0.794597,s0.518368,s231.468754
145_5,s-0.490955,s0.316976,s133.811526
145_6,s-0.311406,s0.781882,s104.240539
145_7,s1.043127,s-0.295623,s221.972121
145_8,s0.282274,s1.252911,s246.758513
145_9,s-1.320656,s-0.471340,s241.633896
145_10,s-0.276261,s-1.240589,s108.548686
145_11,s0.295629,s-1.463234,s321.157048
145_12,s1.371236,s0.680162,s234.790371
145_13,s-1.405484,s0.382741,s349.853251
145_14,s1.626874,s-0.137473,s231.769738
145_15,s-1.653312,s0.189256,s173.907172
145_16,s0.861485,s1.346099,s298.964303
145_17,s-0.363359,s1.333807,s352.150000
145_18,s0.978375,s-1.008071,s271.295332
145_19,s1.524619,s1.030968,s318.274715
145_20,s-1.257053,s-1.413548,s47.738868
145_21,s-0.662603,s-2.096145,s308.177183
145_22,s0.830842,s-1.582318,s200.956478
145_23,s-1.264548,s-1.768128,s214.600864
145_24,s-2.192256,s-0.486830,s206.610032
145_25,s-1.129294,s1.352659,s302.558942
145_26,s1.950176,s0.648296,s291.192321
145_27,s0.244853,s-1.822336,s124.286959
145_28,s1.309250,s-1.713586,s240.403404
145_29,s0.025758,s2.325682,s211.657722
145_30,s-1.144228,s1.957419,s307.533805
145_31,s-2.097654,s0.208370,s25.544494
145_32,s1.848653,s-1.239997,s277.994546
145_33,s-2.064077,s1.099361,s287.676850
145_34,s-1.747400,s1.670339,s330.081964
145_35,s0.578770,s2.123401,s250.791388
145_36,s1.919800,s1.867590,s310.126277
145_37,s-0.584481,s2.632140,s45.600238
145_38,s2.551915,s1.191236,s335.769407
145_39,s-2.147475,s-1.429330,s230.416040
145_40,s-1.543914,s-2.216991,s151.322488
145_41,s-2.583372,s0.284403,s122.565607
145_42,s1.485711,s2.179213,s69.569759
145_43,s0.459494,s2.753705,s98.515376
145_44,s2.180021,s-1.740682,s290.522186
145_45,s0.689727,s-2.633000,s15.625609
145_46,s1.139976,s-2.548228,s198.511947
145_47,s-0.596044,s-2.471708,s200.830012
145_48,s-2.409603,s-1.884693,s199.894992
145_49,s2.450473,s-0.541556,s208.065435
145_50,s2.469003,s0.250058,s159.725201
145_51,s2.849165,s-0.225053,s256.427581
145_52,s-2.505534,s1.015047,s96.301049
145_53,s2.811837,s0.712389,s238.270322
145_54,s-2.332688,s1.963210,s316.993366
145_55,s1.893637,s-2.313429,s150.034285
145_56,s1.340115,s2.795297,s282.163809
145_57,s-2.438216,s1.660196,s117.946748
145_58,s-1.719359,s2.670345,s265.180955
145_59,s2.565078,s-2.035933,s239.874119
145_60,s0.982687,s3.058484,s61.677919
145_61,s0.350614,s-2.945212,s175.411042
145_62,s3.101742,s1.296409,s229.437997
145_63,s-2.468093,s-0.975037,s143.773068
145_64,s-2.236977,s2.561875,s2.019538
145_65,s-0.872944,s-2.925094,s123.137488
145_66,s-0.521496,s3.243097,s33.181076
145_67,s3.157363,s-1.052979,s204.916420
145_68,s2.107687,s-2.831226,s253.462033
145_69,s-3.373556,s1.461954,s0.594714
145_70,s-3.170842,s0.504310,s153.848267
145_71,s-2.968761,s-1.762921,s81.026767
145_72,s-2.956030,s-0.704740,s130.141438
145_73,s2.703285,s2.250445,s322.050867
145_74,s-2.696341,s-2.317632,s129.118435
145_75,s-1.378558,s3.234276,s39.427535
145_76,s-2.831305,s2.102422,s349.491838
145_77,s3.090904,s1.773679,s275.185038
145_78,s3.679512,s-1.311553,s263.135806
145_79,s-0.213375,s-3.520658,s76.266665
145_80,s0.059021,s3.485528,s53.634435
145_81,s-1.753289,s-3.382984,s88.829106
145_82,s2.189700,s-3.513149,s297.866580
145_83,s1.823080,s3.451892,s111.054710
145_84,s-2.657253,s3.016487,s55.254050
145_85,s1.540149,s-3.513913,s203.298384
145_86,s-3.692788,s0.838345,s181.140278
145_87,s3.655476,s0.336214,s316.942476
145_88,s2.447087,s2.773570,s340.352256
145_89,s-3.733283,s-1.941453,s159.419418
145_90,s0.670300,s-3.439585,s228.515707
145_91,s0.695184,s3.604565,s316.998257
145_92,s0.753675,s-3.995513,s175.679335
145_93,s3.070186,s-2.860286,s187.671786
145_94,s-1.949992,s-3.884322,s163.511332
145_95,s-1.132580,s-3.469925,s159.785307
145_96,s3.442995,s2.631049,s204.769518
145_97,s-2.918848,s-3.335051,s339.937365
145_98,s-2.036280,s3.607456,s103.377925
145_99,s3.974584,s1.628959,s210.464664
145_100,s-0.220507,s-4.406332,s22.055482
145_101,s-0.800075,s4.092719,s292.757674
145_102,s4.190607,s-2.132451,s57.148169
145_103,s2.853808,s3.813154,s249.230583
145_104,s-3.914606,s1.812371,s171.332254
145_105,s2.077553,s-3.999487,s247.823652
145_106,s1.828788,s3.852640,s25.421980
145_107,s3.379934,s-2.432538,s210.696030
145_108,s-3.902062,s-0.731539,s331.447600
145_109,s-2.564966,s4.015964,s118.045322
145_110,s0.795045,s4.191222,s51.919752
145_111,s-3.992494,s2.200752,s88.515439
145_112,s-3.155672,s2.527578,s60.369352
145_113,s-4.104172,s-1.476978,s152.747167
145_114,s-4.292630,s0.916775,s144.215103
145_115,s3.922158,s-0.916585,s1.664118
145_116,s-3.427329,s-2.800582,s167.749612
145_117,s-4.029494,s-2.964745,s171.900411
145_118,s4.776738,s1.091780,s24.119451
145_119,s1.501318,s-4.197524,s127.883636
145_120,s4.282961,s-0.494428,s278.072541
145_121,s0.188524,s-4.797455,s131.112116
145_122,s-2.498386,s-3.764241,s97.237321
145_123,s1.972112,s-4.533073,s199.624406
145_124,s4.313415,s2.563187,s151.224670
145_125,s-1.715203,s-4.417606,s253.511974
145_126,s2.204165,s4.413493,s252.277101
145_127,s4.513863,s-1.227505,s270.089365
145_128,s-4.221554,s2.669728,s31.689887
145_129,s-2.248750,s4.514018,s64.897350
145_130,s3.532323,s-3.568652,s195.073884
145_131,s-3.957422,s3.176391,s311.648901
145_132,s-4.260888,s-0.933924,s83.745635
145_133,s-4.680191,s1.758929,s23.463690
145_134,s-0.255473,s4.685833,s310.442490
145_135,s-4.732313,s-1.664750,s152.086152
145_136,s3.626304,s2.966410,s308.739343
145_137,s4.517281,s-2.405865,s217.752168
145_138,s-0.797384,s4.578234,s34.767087
145_139,s1.103750,s4.737156,s52.211169
145_140,s-1.359164,s4.401121,s169.001003
145_141,s-4.587080,s-0.430494,s317.605611
145_142,s-2.972593,s-4.318847,s275.494087
145_143,s3.690859,s3.742423,s284.615172
145_144,s4.582336,s-1.910162,s270.020067
146_0,s0.000000,s0.000000,s77.243423
146_1,s0.177605,s-0.263653,s256.887868
146_2,s0.382531,s0.322882,s261.739505
146_3,s-0.208548,s-0.441228,s189.164112
146_4,s-0.258283,s0.538190,s325.746068
146_5,s-0.780355,s-0.080153,s191.226401
146_6,s0.540790,s-0.709063,s146.893988
146_7,s-1.087093,s0.650869,s174.398561
146_8,s0.864229,s0.607593,s316.785381
146_9,s-0.763998,s0.940693,s286.873605
146_10,s-0.982478,s-0.793444,s105.747431
146_11,s0.323326,s1.160527,s337.953907
146_12,s1.112616,s-0.122033,s246.100799
146_13,s-0.683254,s1.448905,s37.395291
146_14,s1.000332,s-0.677102,s193.043601
146_15,s0.256559,s-1.625013,s215.045237
146_16,s-1.228228,s1.065568,s11.884082
146_17,s1.351463,s0.534469,s277.766543
146_18,s1.499420,s-0.995861,s314.625656
146_19,s0.880630,s1.503366,s248.435283
146_20,s-1.709463,s0.895239,s77.154448
146_21,s-0.501439,s-1.220178,s171.477174
146_22,s-1.228353,s-1.387988,s66.704683
146_23,s-1.813040,s-0.568231,s296.206686
146_24,s1.449578,s-1.430355,s186.063385
146_25,s2.168044,s0.418769,s269.165994
146_26,s-2.066383,s-0.890259,s83.216835
146_27,s-1.484167,s0.217365,s89.907493
146_28,s1.438773,s1.776226,s34.378755
146_29,s-0.295339,s2.019760,s215.057316
146_30,s2.101221,s-1.130724,s299.283352
146_31,s0.201871,s2.190719,s347.324676
146_32,s-0.841734,s-2.164289,s261.650560
146_33,s-1.848693,s1.422817,s353.733386
146_34,s2.136463,s-0.240882,s252.137617
146_35,s2.012293,s1.318232,s219.349566
146_36,s-1.481084,s2.197473,s353.602927
146_37,s-2.326246,s0.475207,s63.596106
146_38,s1.903763,s1.771686,s351.693860
146_39,s2.034042,s-1.925445,s321.172560
146_40,s-1.923317,s-1.446629,s165.723361
146_41,s0.895895,s-2.280857,s200.250569
146_42,s-2.266713,s1.727574,s83.127453
146_43,s-0.657016,s2.420256,s332.359294
146_44,s-1.264495,s-2.328852,s108.427757
146_45,s3.039505,s-0.536018,s312.715658
146_46,s-2.729625,s-1.118772,s114.248201
146_47,s-2.440595,s-1.635209,s146.466783
146_48,s3.228873,s0.474718,s356.369639
146_49,s-0.513152,s-2.640257,s151.068635
146_50,s2.504843,s1.359509,s286.792501
146_51,s-2.089655,s-0.208189,s105.769106
146_52,s-1.961191,s2.383847,s105.698150
146_53,s2.293326,s2.172376,s289.806418
146_54,s-3.350322,s0.638669,s18.968071
146_55,s-2.927853,s-0.589381,s81.052950
146_56,s0.494232,s-2.560148,s76.616421
146_57,s1.038505,s2.814517,s139.320543
146_58,s-0.904087,s2.906126,s68.639093
146_59,s1.648374,s-2.324944,s264.500674
146_60,s2.881987,s-1.108600,s186.929531
146_61,s1.927653,s2.618199,s336.457440
146_62,s-2.178070,s-2.553744,s165.352713
146_63,s1.368613,s3.259218,s46.090196
146_64,s0.488986,s-3.100490,s183.907986
146_65,s-1.671623,s-2.860475,s224.737546
146_66,s1.631297,s-2.925982,s248.926010
146_67,s3.655171,s-0.852106,s152.445879
146_68,s2.922506,s1.925865,s240.278589
146_69,s-3.304789,s1.414692,s344.985008
146_70,s-0.696069,s3.336188,s260.278607
146_71,s1.128045,s-3.514285,s288.668701
146_72,s2.696125,s-1.902869,s166.325254
146_73,s-3.034494,s-2.287323,s168.002930
146_74,s-1.647782,s-3.428418,s130.265786
146_75,s-2.426175,s2.659703,s53.355630
146_76,s-0.529973,s3.863823,s45.575810
146_77,s-2.658392,s0.032361,s80.082342
146_78,s3.005858,s-2.324826,s242.349131
146_79,s4.054725,s-0.930427,s231.743288
146_80,s-1.771819,s2.882511,s18.373751
146_81,s2.477275,s2.965380,s306.969030
146_82,s-3.891115,s0.926943,s138.957781
146_83,s-2.931221,s2.532738,s121.960968
146_84,s0.745065,s4.020067,s46.334437
146_85,s-3.893526,s1.462083,s99.938034
146_86,s-3.474341,s-1.671761,s174.399865
146_87,s-3.835581,s-0.924151,s356.484115
146_88,s-1.816200,s3.910080,s36.642282
146_89,s2.265775,s-3.528576,s119.482353
146_90,s2.230244,s3.499787,s36.859643
146_91,s4.020265,s0.511904,s153.050776
146_92,s2.881895,s-2.973864,s85.550512
146_93,s3.826674,s1.001447,s273.378862
146_94,s-2.278631,s3.408495,s95.650276
146_95,s-4.142009,s-0.257419,s116.368103
146_96,s3.256986,s-3.177190,s206.328503
146_97,s3.491554,s-1.850563,s290.887590
146_98,s3.275816,s2.225117,s351.395998
146_99,s-0.409449,s-3.260734,s250.392426
146_100,s0.916555,s-3.978086,s155.089171
146_101,s-0.702066,s-4.032676,s2.260665
146_102,s3.922913,s1.513791,s286.276333
146_103,s1.158917,s3.978013,s339.497238
146_104,s-4.064394,s-1.931502,s30.123226
146_105,s3.683600,s2.584780,s290.196473
146_106,s-0.416009,s4.330062,s348.856515
146_107,s-2.535794,s-3.642016,s52.952645
146_108,s-3.795989,s2.416706,s112.027612
146_109,s-3.194458,s3.309900,s30.540662
146_110,s4.086498,s2.079566,s263.861629
146_111,s4.167121,s-0.052572,s249.107334
146_112,s-1.265656,s-4.262303,s200.844991
146_113,s4.556257,s0.472420,s279.233156
146_114,s-4.411558,s0.950311,s64.157055
146_115,s-3.459701,s-2.955160,s76.430233
146_116,s1.937139,s-4.061710,s164.944403
146_117,s4.367031,s-1.762464,s184.550962
146_118,s-4.017493,s-2.341420,s107.793763
146_119,s2.350238,s4.289237,s96.532483
146_120,s3.568168,s3.573608,s125.752132
146_121,s-1.600389,s4.433408,s285.470118
146_122,s-3.891452,s2.810089,s57.905503
146_123,s1.025462,s-4.567950,s220.027816
146_124,s-4.645820,s2.075205,s169.784935
146_125,s-3.796811,s-3.327767,s102.066791
146_126,s2.692729,s-3.791004,s142.486530
146_127,s-2.948103,s3.724405,s327.492523
146_128,s3.864818,s-3.235400,s331.382348
146_129,s-1.683743,s-4.280772,s124.575360
146_130,s4.651864,s1.372280,s222.740503
146_131,s3.022494,s3.971072,s32.496284
146_132,s-2.268561,s-4.047885,s99.929473
146_133,s-4.405576,s-0.917008,s120.829477
146_134,s-1.421490,s-4.822992,s130.011588
146_135,s4.966109,s-1.947927,s339.644953
146_136,s-1.180017,s4.903188,s14.150291
146_137,s-3.194848,s-4.032136,s45.527139
146_138,s-4.603502,s-1.871545,s131.038262
146_139,s-0.920745,s-5.108609,s266.356109
146_140,s4.600273,s2.788858,s200.545746
146_141,s-0.827002,s5.247968,s291.726904
146_142,s0.930952,s5.083049,s246.413606
146_143,s2.712293,s-4.381441,s200.152545
146_144,s-2.668570,s4.691216,s123.924679
146_145,s-3.784200,s3.777131,s57.352144
147_0,s0.130121,s0.010106,s120.784046
147_1,s-0.111583,s0.886122,s359.680142
147_2,s-0.792948,s0.692696,s123.640086
147_3,s-1.220595,s0.020244,s251.762292
147_4,s-1.026777,s-0.630782,s281.870960
147_5,s-0.478725,s-0.990857,s178.526956
147_6,s-0.005223,s-1.352119,s293.316921
147_7,s1.017379,s-1.063267,s133.665370
147_8,s1.275659,s-0.551681,s218.242536
147_9,s1.557892,s0.005361,s70.534675
147_10,s1.249023,s0.471479,s352.204815
147_11,s1.143632,s1.324752,s42.571250
147_12,s0.385937,s1.736662,s46.096650
147_13,s-0.255727,s1.895042,s75.180541
147_14,s-0.793586,s1.699337,s112.896121
147_15,s-1.771353,s0.605940,s340.642894
147_16,s-2.154655,s0.363719,s230.862630
147_17,s-1.945036,s-0.684728,s20.209835
147_18,s-1.645006,s-1.424702,s38.306328
147_19,s-0.749519,s-1.859004,s64.661067
147_20,s-0.094110,s-2.363571,s66.365348
147_21,s0.325659,s-1.833943,s213.133304
147_22,s0.924652,s-2.127942,s311.420174
147_23,s2.025943,s-1.340557,s106.189584
147_24,s1.942599,s-0.676899,s256.575820
147_25,s2.299589,s-0.003223,s119.430073
147_26,s1.828386,s0.553831,s256.295899
147_27,s1.711846,s1.171412,s284.722491
147_28,s1.710206,s1.896846,s100.127342
147_29,s0.529863,s2.446548,s228.096735
147_30,s0.040973,s2.439946,s331.231927
147_31,s-0.400759,s2.508797,s84.847142
147_32,s-1.426383,s2.288894,s269.308111
147_33,s-2.018000,s1.832028,s269.300373
147_34,s-2.017116,s1.338234,s141.911070
147_35,s-2.780759,s0.398176,s300.137448
147_36,s-2.719083,s-0.518620,s337.766172
147_37,s-2.341622,s-0.953435,s84.269150
147_38,s-2.505005,s-1.636189,s258.613763
147_39,s-1.689489,s-2.365197,s347.357687
147_40,s-1.141974,s-2.700207,s358.165780
147_41,s-0.343949,s-2.954869,s45.599658
147_42,s0.094555,s-2.698940,s230.887078
147_43,s1.272051,s-2.579485,s143.451910
147_44,s1.497036,s-2.279817,s275.955108
147_45,s2.297577,s-1.838373,s240.420305
147_46,s2.482310,s-1.285653,s305.862444
147_47,s2.815183,s-0.561911,s256.675855
147_48,s2.694607,s0.106190,s241.588530
147_49,s3.170231,s0.935548,s137.155572
147_50,s2.814318,s1.462555,s140.879525
147_51,s2.185393,s1.697259,s319.475123
147_52,s1.714739,s2.635258,s95.873502
147_53,s0.919994,s2.978241,s299.456515
147_54,s0.396283,s3.281120,s59.693848
147_55,s-0.375563,s3.264193,s136.411343
147_56,s-1.094983,s3.120205,s126.215984
147_57,s-1.848222,s2.329538,s35.650855
147_58,s-2.712847,s2.445307,s235.919545
147_59,s-2.512558,s1.673625,s51.281292
147_60,s-2.965130,s1.170905,s103.954886
147_61,s-3.350805,s-0.008939,s333.267238
147_62,s-3.758891,s-0.305007,s224.444544
147_63,s-3.378273,s-1.181223,s247.281278
147_64,s-2.778015,s-1.842625,s80.658164
147_65,s-2.418366,s-2.303815,s92.643310
147_66,s-2.076280,s-2.627195,s149.799282
147_67,s-1.426229,s-3.400101,s60.683104
147_68,s-0.439493,s-3.610348,s83.964684
147_69,s-0.010154,s-3.611997,s255.811178
147_70,s0.859633,s-3.422756,s225.536910
147_71,s1.443779,s-3.408069,s336.277998
147_72,s2.141226,s-2.841375,s165.846735
147_73,s2.860042,s-2.627146,s67.598526
147_74,s3.214445,s-1.766290,s170.943198
147_75,s3.656574,s-1.466388,s63.219858
147_76,s3.684004,s-0.364858,s190.998204
147_77,s4.038193,s0.311963,s130.207804
147_78,s3.589028,s0.831251,s312.180214
147_79,s3.405594,s1.799093,s156.953798
147_80,s3.041155,s2.326668,s161.697773
147_81,s2.830829,s3.111761,s163.698548
147_82,s1.926694,s3.213440,s311.625090
147_83,s1.371535,s3.702425,s268.090688
147_84,s0.696861,s3.923916,s311.476882
147_85,s0.102413,s3.850299,s346.128210
147_86,s-0.492566,s3.985844,s100.217349
147_87,s-1.942123,s3.691763,s289.880426
147_88,s-2.024184,s3.236679,s71.516774
147_89,s-2.585651,s3.026219,s117.040764
147_90,s-3.304571,s2.308556,s28.384341
147_91,s-3.825595,s1.653375,s287.057496
147_92,s-4.145343,s1.086980,s234.855110
147_93,s-4.279989,s0.384556,s259.021589
147_94,s-4.390499,s-0.387952,s307.864371
147_95,s-4.179456,s-0.911154,s225.185953
147_96,s-3.704381,s-1.676047,s126.960895
147_97,s-3.721086,s-2.283346,s246.853486
147_98,s-3.054837,s-3.219013,s346.718066
147_99,s-2.458891,s-3.650430,s80.800709
147_100,s-2.055486,s-3.703227,s257.231342
147_101,s-1.001893,s-4.382958,s16.828889
147_102,s-0.451525,s-4.154029,s164.431249
147_103,s0.146113,s-4.170845,s175.182730
147_104,s1.239675,s-4.272541,s89.656264
147_105,s2.041516,s-4.274650,s72.240906
147_106,s2.297870,s-3.750278,s316.475279
147_107,s3.136608,s-3.371521,s357.316988
147_108,s3.469667,s-2.744147,s296.301034
147_109,s3.917288,s-2.135965,s313.380629
147_110,s4.370951,s-1.292804,s127.752953
147_111,s4.556779,s-0.943382,s37.750495
147_112,s4.600148,s0.318001,s144.314915
147_113,s4.462185,s0.752256,s324.363461
147_114,s4.488475,s1.578614,s93.419549
147_115,s4.001159,s2.172081,s312.463249
147_116,s3.888587,s2.810313,s109.710269
147_117,s3.103023,s3.437051,s252.834991
147_118,s2.652347,s4.115749,s193.638733
147_119,s2.188862,s4.087649,s20.366559
147_120,s1.291196,s4.585227,s297.135097
147_121,s0.357133,s4.724624,s278.312061
147_122,s-0.203339,s4.875402,s164.283646
147_123,s-0.810811,s4.534182,s47.976518
147_124,s-1.549793,s4.655993,s143.090932
147_125,s-2.278000,s4.187854,s22.157386
147_126,s-3.307200,s4.060611,s219.884145
147_127,s-3.550911,s3.477761,s253.344546
147_128,s-4.209376,s2.527018,s317.558275
147_129,s-4.654202,s2.244004,s246.861832
147_130,s-4.660293,s1.413199,s49.911715
147_131,s-4.985218,s0.919380,s239.985914
147_132,s-4.961026,s-0.170751,s13.630869
147_133,s-4.881271,s-0.710275,s136.843566
147_134,s-4.698885,s-1.572804,s346.304045
147_135,s-4.664345,s-2.349138,s329.979165
147_136,s-4.168570,s-2.786407,s210.713960
147_137,s-3.591797,s-3.515482,s173.284959
147_138,s-3.258584,s-3.961038,s262.648235
147_139,s-2.456938,s-4.426768,s86.549639
147_140,s-1.840874,s-4.774406,s347.222163
147_141,s-1.235375,s-4.866470,s181.804513
147_142,s-0.835170,s-5.289488,s298.632209
147_143,s0.560799,s-5.273109,s71.816560
147_144,s1.038257,s-5.130791,s18.224957
147_145,s1.990300,s-4.910387,s107.552870
147_146,s2.568370,s-4.517253,s158.628933
148_0,s0.136450,s-0.150634,s91.825242
148_1,s0.293588,s0.557967,s127.057253
148_2,s-0.967214,s0.657714,s239.459979
148_3,s-1.385695,s0.240021,s246.378628
148_4,s-1.207168,s-0.434343,s236.023049
148_5,s-0.452168,s-1.142845,s288.299575
148_6,s0.427099,s-1.400599,s352.514501
148_7,s0.957018,s-1.079166,s30.662964
148_8,s1.099392,s-0.546392,s292.438231
148_9,s1.176616,s0.076815,s104.773971
148_10,s1.126943,s0.680992,s126.526994
148_11,s0.984303,s1.305976,s129.714474
148_12,s0.064732,s1.485630,s200.505540
148_13,s-0.778464,s1.242664,s298.035586
148_14,s-1.092083,s1.788125,s155.078704
148_15,s-1.385586,s0.764538,s77.703847
148_16,s-1.985835,s-0.090842,s334.316414
148_17,s-1.619129,s-0.886822,s354.031517
148_18,s-1.391009,s-1.217496,s244.992708
148_19,s-1.196731,s-1.875684,s293.437479
148_20,s-0.218293,s-1.665026,s127.784407
148_21,s0.159476,s-1.949847,s298.599155
148_22,s1.213108,s-1.564766,s130.652741
148_23,s1.489232,s-1.526183,s314.981860
148_24,s2.144399,s-0.296743,s183.728654
148_25,s2.619726,s0.048191,s72.442051
148_26,s1.542786,s0.137738,s339.380927
148_27,s1.950091,s1.304773,s138.742301
148_28,s1.342070,s1.488760,s353.759601
148_29,s1.059072,s2.220773,s124.399212
148_30,s0.225397,s2.426381,s190.048497
148_31,s-0.827499,s2.114836,s280.708501
148_32,s-1.161206,s2.456414,s144.190255
148_33,s-1.630383,s1.569304,s113.055486
148_34,s-2.724594,s1.534059,s218.825839
148_35,s-2.656660,s0.246693,s342.588558
148_36,s-2.433087,s-0.113730,s152.880326
148_37,s-2.917228,s-1.349832,s277.737793
148_38,s-2.015955,s-1.206952,s209.229422
148_39,s-1.703664,s-2.255752,s268.437275
148_40,s-1.274930,s-2.903691,s324.185629
148_41,s-0.076342,s-2.723166,s66.399671
148_42,s0.469430,s-3.068367,s9.202027
148_43,s1.098158,s-2.771688,s37.356359
148_44,s1.598752,s-2.131627,s172.612703
148_45,s2.240363,s-2.242581,s22.970571
148_46,s2.108495,s-1.392455,s281.002083
148_47,s3.149445,s-1.047178,s50.255044
148_48,s3.004558,s-0.360303,s5.672016
148_49,s2.904446,s0.787999,s70.769462
148_50,s2.229958,s2.035070,s179.864490
148_51,s2.727866,s2.381584,s92.167191
148_52,s1.645116,s2.397154,s27.518325
148_53,s0.969900,s2.952052,s33.477856
148_54,s0.200117,s3.429263,s178.467296
148_55,s-0.185046,s2.943457,s54.091151
148_56,s-1.165162,s2.803845,s337.398593
148_57,s-1.974380,s2.265263,s314.732062
148_58,s-2.375490,s2.484050,s135.703374
148_59,s-3.437595,s1.271902,s312.293430
148_60,s-2.842962,s0.867054,s89.718566
148_61,s-3.132987,s-0.019170,s16.702098
148_62,s-3.836589,s-0.436725,s281.729545
148_63,s-3.013175,s-0.684055,s113.799651
148_64,s-2.809016,s-1.824208,s121.810324
148_65,s-2.430813,s-2.235641,s296.452664
148_66,s-1.969328,s-2.634126,s176.802596
148_67,s-1.370321,s-3.334098,s106.933411
148_68,s-0.518195,s-3.620384,s77.093286
148_69,s0.004151,s-3.306533,s153.500897
148_70,s0.998786,s-3.554094,s71.876887
148_71,s1.384059,s-3.391675,s319.418609
148_72,s2.190577,s-2.814176,s140.605573
148_73,s2.503543,s-2.534805,s277.233561
148_74,s3.227514,s-2.011190,s70.632503
148_75,s3.707572,s-1.194162,s170.287028
148_76,s3.560532,s-0.185482,s169.778391
148_77,s3.781189,s0.324737,s54.976500
148_78,s3.780715,s0.977216,s99.325802
148_79,s3.412574,s1.659650,s156.528996
148_80,s3.100616,s2.158118,s246.339590
148_81,s2.406245,s2.996188,s250.226142
148_82,s2.053683,s3.387566,s172.440848
148_83,s1.506107,s3.516323,s87.234453
148_84,s0.389573,s3.823318,s332.615695
148_85,s-0.264761,s4.203811,s196.826979
148_86,s-0.767254,s3.774819,s0.418162
148_87,s-1.478155,s3.565772,s320.842273
148_88,s-2.132765,s3.411802,s174.537622
148_89,s-2.625067,s2.896932,s43.089595
148_90,s-3.003553,s2.562305,s177.594074
148_91,s-3.519050,s1.873151,s349.385965
148_92,s-4.151258,s1.186088,s329.207315
148_93,s-3.677038,s0.363219,s35.384126
148_94,s-4.096587,s0.189199,s165.149757
148_95,s-3.982765,s-1.256148,s18.188670
148_96,s-3.870146,s-2.111141,s352.146675
148_97,s-3.769671,s-2.488388,s266.941059
148_98,s-2.629578,s-2.615953,s160.154513
148_99,s-2.333376,s-3.904150,s32.394147
148_100,s-1.864161,s-3.804295,s207.442567
148_101,s-1.328735,s-3.860226,s228.103714
148_102,s-0.526040,s-4.378379,s296.066450
148_103,s0.402035,s-4.409742,s5.993020
148_104,s0.880775,s-3.991512,s232.406929
148_105,s1.453572,s-3.766587,s197.773829
148_106,s2.566276,s-3.479043,s103.122537
148_107,s2.910223,s-3.212212,s334.836261
148_108,s3.454724,s-2.720655,s288.204077
148_109,s3.759391,s-2.118761,s263.036087
148_110,s4.140893,s-1.733748,s325.533535
148_111,s4.421303,s-0.378088,s175.342192
148_112,s4.541423,s0.132142,s116.856816
148_113,s4.755177,s0.512821,s50.427108
148_114,s4.282547,s1.196269,s18.989076
148_115,s4.100991,s2.528415,s161.446525
148_116,s3.452945,s2.724477,s334.381954
148_117,s3.056754,s3.243261,s333.497124
148_118,s2.632192,s4.068662,s176.304545
148_119,s2.031240,s3.955407,s64.642575
148_120,s1.537578,s4.723690,s103.105320
148_121,s0.362089,s4.594780,s342.283750
148_122,s-0.292198,s5.034719,s207.464708
148_123,s-0.956772,s5.015189,s182.708398
148_124,s-1.444710,s4.377361,s0.799125
148_125,s-2.327662,s4.022565,s311.134530
148_126,s-2.954067,s3.623129,s332.474611
148_127,s-3.546914,s3.400926,s218.901006
148_128,s-3.872586,s2.637470,s50.384408
148_129,s-4.270681,s2.033776,s294.121517
148_130,s-4.737927,s1.647185,s198.285875
148_131,s-4.706037,s0.621199,s36.531600
148_132,s-4.906769,s-0.084342,s316.298960
148_133,s-5.011497,s-0.744281,s307.906255
148_134,s-4.587865,s-1.642323,s24.339224
148_135,s-4.405390,s-2.195075,s116.163547
148_136,s-4.215293,s-2.738372,s229.656629
148_137,s-3.535985,s-3.404067,s162.292933
148_138,s-3.274927,s-4.102523,s340.200251
148_139,s-2.261641,s-4.427748,s81.068397
148_140,s-1.770477,s-4.580498,s119.908253
148_141,s-1.110541,s-4.889861,s16.294435
148_142,s-0.475143,s-4.928193,s219.126233
148_143,s0.000266,s-4.882608,s258.916341
148_144,s0.878292,s-5.268566,s338.746871
148_145,s2.003364,s-4.769449,s84.585796
148_146,s2.666993,s-4.415252,s78.303350
148_147,s3.192781,s-3.967711,s89.439867
149_0,s-0.297809,s-0.350737,s296.619130
149_1,s-0.719924,s-0.345107,s29.586759
149_2,s0.676822,s0.095768,s155.254116
149_3,s0.412693,s-0.992196,s71.729730
149_4,s-0.505396,s-0.747956,s133.876853
149_5,s0.204425,s0.236433,s35.264919
149_6,s0.201532,s0.854544,s287.264961
149_7,s1.068105,s-1.461005,s26.888549
149_8,s-1.355530,s-0.310608,s176.167928
149_9,s-0.668019,s0.433530,s25.392802
149_10,s0.772108,s0.487370,s307.090201
149_11,s0.311408,s1.354019,s323.856904
149_12,s-0.578712,s-1.312480,s239.229425
149_13,s-0.520017,s0.965023,s310.903717
149_14,s0.588941,s-1.477777,s129.262242
149_15,s-1.568465,s0.054855,s54.336695
149_16,s-0.536925,s1.499867,s44.960714
149_17,s1.340170,s1.178208,s46.678961
149_18,s0.867605,s-0.402804,s243.747469
149_19,s-0.105395,s1.892301,s304.753179
149_20,s2.289096,s0.015736,s24.562602
149_21,s-1.193686,s0.605655,s97.781333
149_22,s-1.096742,s-1.422150,s215.874542
149_23,s0.877127,s-1.922383,s238.057455
149_24,s1.629634,s0.902945,s275.989672
149_25,s-1.697347,s0.890600,s32.572410
149_26,s0.931916,s2.051097,s249.457056
149_27,s1.533197,s-1.440423,s227.798871
149_28,s-1.132605,s1.350616,s42.599479
149_29,s-0.344521,s-1.976493,s159.680785
149_30,s-0.644929,s2.093430,s319.895994
149_31,s-1.427127,s-1.206945,s119.691523
149_32,s1.222559,s-0.008513,s283.783292
149_33,s0.978375,s-2.554666,s65.820250
149_34,s1.849933,s1.371941,s344.930434
149_35,s-1.604987,s-2.156771,s85.921872
149_36,s-2.768449,s-1.247872,s320.683926
149_37,s-1.879608,s-0.668494,s41.115317
149_38,s-2.533381,s-0.503318,s83.315072
149_39,s1.951611,s-1.085596,s269.499987
149_40,s2.294221,s-0.557670,s93.899339
149_41,s2.411669,s1.201140,s275.909066
149_42,s0.184809,s2.688397,s237.777523
149_43,s-2.390143,s1.682780,s173.950434
149_44,s1.992043,s-2.315554,s111.828965
149_45,s2.118696,s2.395758,s43.801110
149_46,s-0.037858,s-2.391064,s215.432390
149_47,s2.543114,s0.504214,s286.438923
149_48,s-2.312573,s-1.684622,s113.605954
149_49,s1.296724,s-3.049742,s293.547118
149_50,s-1.090527,s-2.142316,s201.363233
149_51,s2.460810,s-1.479885,s243.054336
149_52,s3.108754,s-0.669233,s102.188014
149_53,s-2.500827,s0.098460,s355.483651
149_54,s-2.992556,s0.480918,s145.027169
149_55,s1.474912,s2.400667,s59.162379
149_56,s-1.370812,s-2.627713,s174.179214
149_57,s-1.857730,s1.947105,s45.388073
149_58,s-0.836833,s-3.267955,s321.695998
149_59,s2.444409,s-2.683501,s129.447855
149_60,s-1.123995,s2.429744,s79.638271
149_61,s2.520663,s1.724608,s10.017115
149_62,s2.527355,s-0.265828,s294.015999
149_63,s2.483165,s-1.994462,s208.617970
149_64,s-1.968663,s2.715569,s350.088978
149_65,s3.055830,s-1.179327,s228.226513
149_66,s-0.801429,s2.713867,s281.202475
149_67,s-3.037642,s-1.667594,s25.489248
149_68,s-2.587866,s-2.312841,s118.130592
149_69,s-2.910087,s1.945718,s177.570211
149_70,s-0.210082,s-3.214911,s189.822622
149_71,s-2.142546,s-2.796977,s144.199084
149_72,s3.379718,s-0.162972,s202.546623
149_73,s-2.950629,s0.890355,s57.438380
149_74,s-2.500012,s2.609922,s357.921112
149_75,s1.211623,s3.403281,s205.319749
149_76,s0.686091,s2.989826,s355.223652
149_77,s0.836834,s-3.135862,s152.122452
149_78,s-3.124959,s2.417423,s140.656661
149_79,s-1.096357,s3.350569,s243.895985
149_80,s-3.561436,s0.406635,s34.085427
149_81,s3.399959,s1.438031,s280.196388
149_82,s-3.510735,s-0.725580,s152.531599
149_83,s0.029955,s3.133910,s329.665541
149_84,s-0.086533,s4.132539,s168.977291
149_85,s-3.538062,s-0.314503,s77.929517
149_86,s2.991166,s1.891202,s347.289078
149_87,s2.034435,s3.351908,s317.819218
149_88,s-3.146386,s-2.171344,s80.569558
149_89,s1.545462,s3.748458,s41.713378
149_90,s3.227176,s-2.596838,s132.737253
149_91,s3.480276,s0.757179,s206.239361
149_92,s-1.678395,s3.704994,s321.135110
149_93,s-1.957757,s-3.226419,s233.236009
149_94,s-2.911606,s2.831609,s94.886671
149_95,s1.127515,s-3.710686,s303.382063
149_96,s-0.694316,s-3.680730,s103.508095
149_97,s2.435853,s2.840682,s347.349005
149_98,s-4.023554,s-0.859123,s96.649458
149_99,s0.509608,s3.891797,s11.153850
149_100,s3.873626,s-1.600278,s216.712167
149_101,s3.496054,s2.125493,s249.470293
149_102,s1.776244,s-3.968959,s119.667503
149_103,s3.853164,s-1.177687,s317.995392
149_104,s1.896707,s-3.541324,s282.023404
149_105,s-2.234892,s3.607793,s335.107752
149_106,s-0.572130,s3.752573,s47.815582
149_107,s0.180250,s-3.821374,s216.190022
149_108,s-3.228488,s-2.975622,s111.710242
149_109,s3.518456,s-1.908702,s181.176197
149_110,s-2.721901,s3.448608,s54.026810
149_111,s3.328333,s2.745825,s257.926172
149_112,s3.058642,s3.165411,s337.864732
149_113,s-2.185623,s-3.833213,s62.085266
149_114,s-3.733252,s1.404252,s119.692290
149_115,s-1.586887,s4.348187,s27.603261
149_116,s-3.876865,s2.972482,s345.390331
149_117,s2.056978,s4.117336,s45.970351
149_118,s-3.961483,s1.914817,s355.937656
149_119,s-4.044871,s-1.697355,s123.961979
149_120,s4.299010,s2.111316,s342.241201
149_121,s-4.564839,s1.782803,s3.327574
149_122,s4.269379,s1.053579,s353.580521
149_123,s2.792134,s-3.347533,s242.984786
149_124,s3.664577,s-3.138863,s310.203698
149_125,s0.875198,s4.525640,s38.011415
149_126,s-3.220014,s-3.474701,s229.735221
149_127,s-1.828726,s-4.359499,s1.735451
149_128,s1.381502,s-4.684022,s294.039625
149_129,s-0.561215,s4.476166,s95.170982
149_130,s2.594043,s-3.844802,s201.845422
149_131,s-4.238945,s0.696191,s160.486916
149_132,s-2.364902,s4.416368,s144.053944
149_133,s4.451612,s0.331364,s60.329987
149_134,s4.364367,s-1.442253,s297.177192
149_135,s4.578528,s-0.503258,s269.934466
149_136,s2.954568,s3.754057,s20.746265
149_137,s-0.226865,s-4.306137,s159.102388
149_138,s-1.098236,s4.836414,s75.094814
149_139,s-1.167858,s-4.557448,s102.362025
149_140,s-4.187999,s3.436171,s90.557417
149_141,s-4.750103,s1.054921,s26.096030
149_142,s0.940492,s-4.620604,s100.268175
149_143,s-3.222295,s4.111159,s47.520351
149_144,s-2.491562,s-4.454612,s69.922334
149_145,s4.817766,s0.513433,s319.717279
149_146,s4.224685,s2.846024,s16.714477
149_147,s-4.553819,s-1.347932,s112.040130
149_148,s-4.160078,s-3.219628,s111.842147
150_0,s-0.075474,s-0.028295,s301.663640
150_1,s0.045405,s0.605155,s295.294190
150_2,s-0.426206,s0.685479,s141.221164
150_3,s-1.173078,s0.043017,s184.115295
150_4,s-0.550108,s-1.076693,s69.237515
150_5,s0.059392,s-0.536243,s151.785738
150_6,s-0.163211,s-1.529314,s320.889610
150_7,s0.909118,s-0.934556,s117.059967
150_8,s1.319861,s-0.549640,s51.959595
150_9,s1.360940,s0.112882,s226.474541
150_10,s1.512891,s0.557187,s69.210867
150_11,s0.861130,s1.218228,s95.128055
150_12,s-0.344855,s2.045354,s210.610503
150_13,s-0.263490,s1.085057,s19.815219
150_14,s-1.362533,s1.419898,s240.804813
150_15,s-1.548285,s0.777792,s250.109825
150_16,s-1.964584,s0.336234,s220.370324
150_17,s-1.655764,s-0.496375,s127.505057
150_18,s-1.687167,s-1.112563,s252.460353
150_19,s-0.842507,s-1.445077,s177.412101
150_20,s-0.141234,s-2.291874,s28.000158
150_21,s0.311982,s-1.846472,s221.798009
150_22,s1.020480,s-1.712528,s65.971162
150_23,s1.736003,s-1.672795,s55.869785
150_24,s1.474855,s-1.055686,s318.504719
150_25,s2.111474,s-0.270300,s330.551531
150_26,s2.306747,s0.579576,s9.281089
150_27,s1.514651,s1.276794,s218.121404
150_28,s1.641432,s1.882472,s134.491051
150_29,s0.746829,s2.313948,s218.425606
150_30,s0.340617,s1.713421,s3.453558
150_31,s-0.492029,s2.380617,s82.081907
150_32,s-1.137911,s2.047860,s103.154763
150_33,s-1.997898,s1.624386,s215.401978
150_34,s-2.089050,s0.847576,s31.315794
150_35,s-2.767389,s0.663434,s221.670055
150_36,s-2.260881,s-0.124038,s140.646599
150_37,s-2.428226,s-0.941901,s136.238018
150_38,s-1.873415,s-1.542666,s79.114005
150_39,s-1.790336,s-1.989679,s276.495964
150_40,s-1.153083,s-2.295549,s189.418407
150_41,s-0.218271,s-2.808704,s103.992609
150_42,s0.187559,s-2.716835,s285.453905
150_43,s1.108674,s-2.729493,s2.234670
150_44,s1.504357,s-2.313285,s260.770121
150_45,s2.277859,s-1.504320,s155.311715
150_46,s2.476510,s-1.055500,s221.139685
150_47,s2.939866,s-0.603961,s98.119223
150_48,s2.797689,s-0.082646,s354.546614
150_49,s2.679008,s0.914193,s265.164375
150_50,s2.445860,s1.709076,s178.839369
150_51,s2.269307,s2.288288,s153.901251
150_52,s1.751765,s2.379624,s41.213521
150_53,s0.784877,s2.871875,s234.952590
150_54,s0.461778,s3.294908,s170.374270
150_55,s-0.130397,s2.742414,s0.458408
150_56,s-1.029684,s2.889680,s6.252243
150_57,s-1.847120,s2.371773,s292.740975
150_58,s-2.363859,s2.205641,s184.751866
150_59,s-2.692971,s1.539474,s42.700117
150_60,s-3.012158,s1.028653,s55.429757
150_61,s-3.207908,s0.165400,s45.809724
150_62,s-3.307516,s-0.432188,s291.103258
150_63,s-3.296263,s-1.347477,s325.287543
150_64,s-2.641737,s-1.757597,s135.650936
150_65,s-2.167802,s-2.233045,s127.960448
150_66,s-1.585862,s-2.590819,s103.620123
150_67,s-1.901333,s-3.176549,s273.782523
150_68,s-0.359794,s-3.578167,s47.264360
150_69,s0.112275,s-3.166035,s176.835218
150_70,s0.561363,s-3.145584,s237.391036
150_71,s1.282730,s-3.272355,s332.366008
150_72,s1.919792,s-3.010723,s319.294352
150_73,s2.688212,s-1.816667,s168.740648
150_74,s3.158525,s-2.284306,s326.027992
150_75,s3.424697,s-0.873531,s181.119405
150_76,s3.170628,s-0.421357,s266.996108
150_77,s3.754654,s0.101105,s76.236363
150_78,s3.791413,s0.644706,s21.843614
150_79,s3.213613,s1.528141,s334.163804
150_80,s2.817481,s2.180362,s278.235016
150_81,s2.379325,s2.619624,s284.306239
150_82,s2.166219,s3.072008,s75.122218
150_83,s1.371407,s3.492571,s40.392993
150_84,s0.382551,s3.806903,s242.177509
150_85,s-0.248382,s3.966304,s218.807583
150_86,s-0.927575,s3.985014,s225.603798
150_87,s-1.739847,s3.594540,s300.204894
150_88,s-2.251308,s2.888180,s313.209827
150_89,s-2.731249,s2.975887,s179.018978
150_90,s-3.075360,s2.519981,s116.476442
150_91,s-3.483940,s1.759911,s53.485012
150_92,s-3.761059,s1.194725,s130.537363
150_93,s-3.869371,s0.400185,s115.183519
150_94,s-3.931492,s-0.135578,s174.547657
150_95,s-4.039220,s-1.191270,s293.487769
150_96,s-3.761760,s-1.750216,s282.609622
150_97,s-3.502332,s-2.259203,s162.666325
150_98,s-3.332683,s-2.905823,s275.750986
150_99,s-2.219501,s-3.310373,s70.220673
150_100,s-1.666964,s-4.276336,s10.537984
150_101,s-1.228796,s-3.685242,s196.672395
150_102,s-0.760781,s-4.295170,s272.015814
150_103,s0.668736,s-3.732727,s119.540288
150_104,s0.782380,s-4.433024,s327.872328
150_105,s1.356618,s-4.141362,s289.787275
150_106,s2.016880,s-3.383901,s204.520967
150_107,s2.897671,s-2.704886,s134.583395
150_108,s3.248956,s-3.272490,s340.793844
150_109,s4.011495,s-1.869730,s137.043795
150_110,s4.047874,s-0.971926,s176.239919
150_111,s4.503204,s-0.626185,s91.965827
150_112,s4.482418,s0.016389,s118.302849
150_113,s4.176361,s0.567098,s279.738628
150_114,s4.188128,s1.098027,s12.938525
150_115,s4.054126,s2.083336,s331.414442
150_116,s3.386441,s2.745511,s261.346578
150_117,s3.112001,s3.595782,s200.348063
150_118,s2.300589,s3.546748,s293.156106
150_119,s1.698433,s3.906426,s280.118099
150_120,s1.111024,s4.253534,s284.048957
150_121,s0.544324,s4.372939,s343.850037
150_122,s-0.018687,s4.647257,s135.379249
150_123,s-0.611423,s4.580477,s90.576952
150_124,s-1.648995,s4.136466,s349.403405
150_125,s-2.300499,s4.046164,s203.298542
150_126,s-2.833533,s3.575292,s244.826398
150_127,s-3.305955,s3.079229,s35.500261
150_128,s-3.756885,s2.548610,s49.730434
150_129,s-4.365932,s2.121044,s29.471725
150_130,s-4.501871,s1.310124,s299.896196
150_131,s-4.691133,s0.539185,s14.515201
150_132,s-4.713197,s0.143103,s134.222265
150_133,s-4.575163,s-0.929187,s44.738377
150_134,s-4.460558,s-1.314845,s120.518067
150_135,s-4.471957,s-1.958285,s241.198460
150_136,s-4.116737,s-2.546205,s208.848289
150_137,s-3.006282,s-3.612227,s53.505280
150_138,s-3.631896,s-3.981128,s259.001941
150_139,s-2.277313,s-4.450453,s54.904004
150_140,s-1.933843,s-4.693678,s250.716522
150_141,s-0.958316,s-5.025010,s273.372290
150_142,s-0.191728,s-4.709463,s303.673208
150_143,s0.318842,s-5.149825,s351.630793
150_144,s1.293938,s-4.859750,s125.911456
150_145,s1.686466,s-4.535459,s196.255535
150_146,s2.294590,s-4.297688,s194.522421
150_147,s3.167434,s-4.044717,s95.856907
150_148,s3.567224,s-3.753243,s68.856791
150_149,s3.977600,s-2.822050,s161.477401
151_0,s-0.000138,s0.017616,s121.456206
151_1,s-0.020231,s0.466799,s320.826997
151_2,s0.512537,s-0.101137,s142.027677
151_3,s-0.644393,s0.630535,s187.901745
151_4,s0.524556,s0.606990,s224.765645
151_5,s-0.196555,s-1.017961,s41.137669
151_6,s-0.899440,s-0.260967,s36.004659
151_7,s-1.371146,s-0.519379,s62.046429
151_8,s1.029422,s1.045417,s58.441702
151_9,s0.572567,s-0.783117,s297.168799
151_10,s-0.548362,s1.148341,s60.287713
151_11,s-0.188151,s-1.511396,s276.250921
151_12,s1.548055,s-0.533903,s202.484999
151_13,s1.231218,s0.576521,s309.719947
151_14,s-0.497948,s1.654538,s313.682806
151_15,s1.354825,s-0.035040,s250.550224
151_16,s-1.479259,s0.748515,s133.923144
151_17,s-0.920196,s-0.741439,s171.187122
151_18,s2.127717,s0.763481,s14.382651
151_19,s0.847530,s-1.314207,s223.304206
151_20,s0.375552,s1.875666,s231.329955
151_21,s-1.405637,s-1.182215,s52.957632
151_22,s1.337510,s1.782075,s182.217248
151_23,s-0.298270,s-2.082994,s70.247502
151_24,s1.626465,s-2.110675,s329.930889
151_25,s-1.250948,s-1.597104,s146.979293
151_26,s1.140068,s-2.188161,s208.909590
151_27,s-1.258454,s2.113567,s265.237997
151_28,s0.265985,s2.280487,s7.109275
151_29,s-1.421435,s1.168044,s68.482094
151_30,s-1.931657,s0.871631,s90.378058
151_31,s0.869631,s2.063786,s330.650530
151_32,s0.705629,s-2.301726,s22.124006
151_33,s-1.577548,s1.787315,s74.795739
151_34,s1.901064,s1.776733,s348.182867
151_35,s-1.833372,s-1.452852,s107.482702
151_36,s2.403774,s0.258331,s342.701558
151_37,s-2.344898,s-0.474223,s347.678219
151_38,s2.221515,s-1.285029,s233.937087
151_39,s0.035417,s-2.340531,s227.856472
151_40,s-1.595932,s2.483208,s110.931707
151_41,s2.036531,s-0.784602,s256.463221
151_42,s-1.207638,s-2.265223,s168.848874
151_43,s0.305716,s-3.145140,s52.718163
151_44,s-0.154874,s2.603801,s95.469987
151_45,s-2.460507,s1.200732,s39.224459
151_46,s2.330138,s-0.298051,s270.379703
151_47,s-1.096606,s2.706082,s11.129805
151_48,s-2.827479,s-0.210650,s68.067880
151_49,s-2.684947,s-1.094858,s305.855985
151_50,s-0.714203,s-2.517774,s184.460920
151_51,s2.042824,s-2.689499,s358.481935
151_52,s-2.926397,s0.935829,s63.485317
151_53,s-1.868355,s-2.036146,s122.964344
151_54,s2.383679,s1.404944,s245.788083
151_55,s-2.713203,s-1.603640,s133.085125
151_56,s-3.198151,s-0.546953,s105.224344
151_57,s2.980960,s-0.647993,s212.211377
151_58,s1.018386,s3.240481,s113.263946
151_59,s1.034528,s-2.903466,s154.838648
151_60,s-0.376194,s-3.171357,s218.931034
151_61,s-1.653680,s2.963353,s63.263925
151_62,s-1.025003,s-3.224537,s136.076334
151_63,s1.488230,s2.782824,s286.422964
151_64,s2.468876,s-1.897496,s204.743544
151_65,s-2.592126,s2.151840,s115.307741
151_66,s2.629316,s2.255675,s152.814400
151_67,s3.233045,s0.830007,s292.429245
151_68,s3.566293,s-0.938376,s242.451914
151_69,s2.073559,s-3.110340,s154.212361
151_70,s-1.909471,s-3.106894,s344.328584
151_71,s3.336553,s1.360730,s35.340098
151_72,s2.818939,s2.650202,s267.639707
151_73,s0.928013,s-3.710058,s208.229637
151_74,s-2.610758,s-2.634511,s188.921893
151_75,s1.706259,s3.259602,s337.821120
151_76,s3.241373,s-0.238667,s346.196165
151_77,s-3.310565,s0.574539,s133.049215
151_78,s3.206057,s-2.516096,s34.691096
151_79,s-0.430033,s2.987213,s354.510755
151_80,s0.707433,s3.849338,s112.492636
151_81,s3.759526,s-0.379062,s284.275459
151_82,s-3.273110,s-2.500719,s313.810098
151_83,s-0.515461,s3.923111,s39.695926
151_84,s3.482343,s1.844772,s335.157021
151_85,s2.545610,s-2.764531,s200.786305
151_86,s1.356116,s3.663601,s2.733178
151_87,s-2.604334,s3.027938,s14.413321
151_88,s2.478061,s3.067817,s287.169419
151_89,s-3.161926,s-1.418091,s40.500958
151_90,s-3.756686,s-1.712948,s190.089045
151_91,s-0.617941,s-3.947282,s278.960672
151_92,s-3.160184,s2.711864,s259.506454
151_93,s-1.398318,s3.542224,s101.822772
151_94,s-3.479045,s1.497294,s2.034009
151_95,s3.087305,s-1.569629,s237.849935
151_96,s-2.278501,s3.610018,s19.849673
151_97,s0.235886,s4.098476,s51.664034
151_98,s-3.757560,s1.023092,s175.539145
151_99,s2.378465,s3.625076,s342.389274
151_100,s1.661918,s-4.082858,s284.122800
151_101,s-1.079667,s4.025140,s83.081226
151_102,s-3.869746,s-1.167339,s143.253196
151_103,s-2.284401,s-3.538536,s229.477346
151_104,s3.344068,s3.116114,s257.351275
151_105,s3.903008,s-2.081948,s267.286293
151_106,s-2.979127,s-3.053847,s87.235829
151_107,s4.607940,s-0.566817,s316.516716
151_108,s3.737374,s-2.609257,s125.329492
151_109,s-4.159086,s1.181443,s340.130641
151_110,s4.587771,s1.781433,s135.430144
151_111,s0.773519,s-4.395202,s231.954553
151_112,s3.063589,s-3.360762,s240.792277
151_113,s4.170427,s0.885774,s115.489296
151_114,s-2.857290,s-3.605173,s192.258228
151_115,s-4.362819,s-0.875067,s122.909742
151_116,s-1.885254,s-4.230189,s195.463532
151_117,s-0.326183,s-4.328606,s241.342448
151_118,s2.977337,s-3.795352,s127.993145
151_119,s-4.202028,s2.037684,s106.960262
151_120,s4.135680,s-2.703885,s239.572116
151_121,s1.658368,s-4.488960,s216.031100
151_122,s-4.416802,s1.018696,s153.360035
151_123,s-3.448701,s2.995632,s21.632718
151_124,s-1.267415,s-4.185499,s329.503071
151_125,s4.261388,s-1.549331,s261.769124
151_126,s0.964185,s4.250237,s22.459560
151_127,s-4.144890,s2.763244,s226.004715
151_128,s-3.171594,s3.578381,s334.999488
151_129,s-1.080840,s4.682558,s323.957758
151_130,s-4.219164,s-1.993822,s167.437036
151_131,s-2.004118,s4.270796,s10.923335
151_132,s2.281938,s4.380466,s5.168894
151_133,s4.028658,s2.269146,s253.904330
151_134,s3.052560,s3.603909,s20.514712
151_135,s-4.131458,s-2.924591,s151.899365
151_136,s4.590266,s0.416952,s340.617221
151_137,s-1.413338,s-4.765282,s246.431048
151_138,s1.151437,s4.937702,s14.315793
151_139,s-3.642203,s-3.315643,s152.825938
151_140,s-2.410398,s-4.430299,s172.088952
151_141,s4.325020,s2.870632,s228.324033
151_142,s0.041231,s4.782420,s41.638011
151_143,s5.103182,s1.270002,s14.506790
151_144,s-4.757066,s-2.394635,s357.108700
151_145,s-4.522528,s2.430368,s42.382686
151_146,s3.506444,s3.790103,s248.233899
151_147,s3.038485,s4.398487,s285.141528
151_148,s5.075602,s-1.243252,s85.350333
151_149,s-2.417753,s4.857812,s49.895215
151_150,s5.114040,s-1.876448,s244.163308
152_0,s0.506313,s-0.525649,s13.281786
152_1,s-0.309485,s-0.055335,s217.147883
152_2,s0.771099,s0.232779,s201.770579
152_3,s-0.254995,s0.419427,s111.090774
152_4,s0.175256,s0.688694,s319.398563
152_5,s-0.638031,s-0.414414,s100.189662
152_6,s0.443507,s-0.989082,s155.639803
152_7,s-0.170510,s1.024376,s107.479327
152_8,s0.853308,s-0.814483,s292.525386
152_9,s-1.001294,s0.431846,s75.428693
152_10,s-0.606570,s-0.880778,s249.943859
152_11,s-0.968872,s-1.042057,s112.512851
152_12,s0.738494,s0.794933,s269.307246
152_13,s0.146927,s1.348870,s335.936397
152_14,s-1.064228,s1.192018,s281.468631
152_15,s1.581033,s-0.835012,s225.779581
152_16,s-1.775617,s0.371382,s183.290459
152_17,s1.349288,s1.215388,s57.649049
152_18,s1.487411,s-0.119101,s267.149710
152_19,s-0.421333,s1.591567,s304.558950
152_20,s1.149406,s-1.270322,s252.209721
152_21,s-0.586100,s-1.444332,s162.787181
152_22,s-1.619874,s1.060526,s24.640360
152_23,s1.340897,s1.704151,s322.331401
152_24,s-2.186920,s-0.703915,s6.558446
152_25,s0.773019,s-1.586269,s108.403176
152_26,s0.659086,s-2.197618,s248.806469
152_27,s1.875044,s0.640033,s201.692240
152_28,s-1.605903,s-0.532052,s168.359709
152_29,s-0.150382,s-1.869423,s146.844379
152_30,s-0.813511,s1.803754,s74.809935
152_31,s-1.981911,s0.729827,s76.906500
152_32,s1.779063,s1.181721,s262.893152
152_33,s2.355236,s0.565313,s284.635270
152_34,s0.849110,s1.814681,s41.143127
152_35,s-2.424364,s0.279377,s37.215432
152_36,s-1.067857,s-1.762804,s104.145845
152_37,s-0.119189,s2.265458,s47.761158
152_38,s-1.862299,s-1.543489,s107.990507
152_39,s2.027841,s1.620594,s323.257319
152_40,s1.273899,s-1.737447,s194.982198
152_41,s2.104159,s-0.534845,s250.379508
152_42,s0.810946,s2.529041,s245.699360
152_43,s-1.291282,s2.332159,s312.132693
152_44,s1.757741,s-1.995767,s240.846212
152_45,s-1.566777,s-2.327727,s243.082184
152_46,s-2.663337,s-0.336481,s116.274838
152_47,s-2.308885,s-1.104181,s146.962210
152_48,s0.556968,s-2.729409,s147.138797
152_49,s-1.691632,s2.114892,s124.220516
152_50,s2.677093,s1.259927,s351.247412
152_51,s2.971953,s-1.065118,s137.122267
152_52,s-0.658812,s-2.910837,s107.805214
152_53,s2.405757,s-1.795658,s207.903194
152_54,s-2.722797,s1.158219,s3.856860
152_55,s0.274213,s2.511633,s340.230751
152_56,s1.576337,s-2.813161,s302.061900
152_57,s-3.402935,s0.158782,s183.134185
152_58,s-0.521546,s3.299481,s223.148423
152_59,s2.753788,s-0.419229,s331.249861
152_60,s-3.006216,s-1.812077,s237.894450
152_61,s1.279236,s3.032535,s203.673934
152_62,s-2.958962,s-1.192806,s131.048666
152_63,s-0.110513,s-2.878678,s346.873503
152_64,s2.060130,s2.417290,s305.386629
152_65,s0.401648,s3.441387,s70.310156
152_66,s1.216430,s-3.048957,s133.063106
152_67,s-2.155440,s-2.434915,s193.703243
152_68,s-1.911240,s2.534415,s311.755954
152_69,s3.182566,s0.949407,s299.537247
152_70,s-0.962429,s3.158526,s12.484334
152_71,s3.262235,s1.476910,s30.424827
152_72,s-0.332867,s-3.378764,s207.586155
152_73,s-3.234811,s0.813156,s204.920535
152_74,s2.392000,s-2.626068,s208.202036
152_75,s-1.160804,s-3.386096,s182.184868
152_76,s-2.357581,s2.378928,s174.185588
152_77,s-3.321078,s1.360099,s93.719574
152_78,s-1.440775,s3.405569,s92.430557
152_79,s0.992828,s-3.692785,s227.330723
152_80,s3.078933,s-1.652435,s232.468443
152_81,s-2.869884,s2.260274,s135.905670
152_82,s1.813230,s3.161444,s251.948449
152_83,s1.684286,s-3.423440,s265.154055
152_84,s3.273507,s-0.822356,s235.170812
152_85,s-3.787306,s0.648345,s169.613038
152_86,s3.344873,s0.073878,s277.140895
152_87,s0.333927,s-3.522872,s192.389083
152_88,s-2.764593,s2.772477,s106.728405
152_89,s0.901926,s3.404494,s19.218702
152_90,s3.735458,s-0.281135,s218.507513
152_91,s3.436691,s2.035372,s280.256242
152_92,s-2.767319,s-2.388099,s138.440652
152_93,s-1.871819,s-3.287567,s165.221407
152_94,s-3.397238,s-2.037879,s90.625328
152_95,s2.691036,s2.447639,s268.867646
152_96,s3.119894,s-2.260928,s152.901784
152_97,s4.418152,s-0.329270,s199.062535
152_98,s-3.674940,s-1.135996,s347.818612
152_99,s-3.052950,s3.354494,s145.651196
152_100,s-2.434752,s-2.921240,s123.454599
152_101,s-0.570122,s3.772867,s45.032074
152_102,s-3.732051,s-1.504947,s123.523345
152_103,s1.757030,s4.044961,s109.999525
152_104,s-3.779011,s1.671107,s350.889733
152_105,s4.168122,s0.743414,s95.477952
152_106,s-4.250071,s1.079776,s171.298639
152_107,s-1.449670,s3.975469,s52.377251
152_108,s-4.236038,s-1.034550,s80.966337
152_109,s3.996709,s-1.483835,s179.337084
152_110,s2.043675,s3.633759,s271.981682
152_111,s-0.651691,s4.526128,s62.061722
152_112,s-2.335458,s-3.746506,s60.816661
152_113,s2.925057,s2.902655,s3.689913
152_114,s-2.284690,s3.730661,s142.819595
152_115,s3.514420,s-2.756657,s281.247228
152_116,s3.472593,s2.676704,s359.600518
152_117,s-0.449609,s-4.353679,s81.990951
152_118,s0.233237,s-4.540262,s218.505636
152_119,s2.066761,s-3.932220,s141.429004
152_120,s-3.822311,s-2.537574,s54.487795
152_121,s1.254148,s4.342508,s99.003407
152_122,s-4.580642,s1.996247,s211.661428
152_123,s-3.645766,s-2.962285,s169.533950
152_124,s0.914738,s-4.182136,s190.290734
152_125,s2.733637,s-3.437987,s248.567074
152_126,s-3.727607,s2.824668,s101.358750
152_127,s-1.266862,s-4.497722,s134.389615
152_128,s-3.257242,s-3.536917,s145.433644
152_129,s3.946433,s1.729956,s202.137927
152_130,s-2.310992,s4.124064,s25.214835
152_131,s-4.552012,s-2.396944,s93.235805
152_132,s4.523171,s-1.858310,s167.437692
152_133,s4.238251,s0.271620,s239.769886
152_134,s3.704854,s-3.311005,s204.894743
152_135,s4.907115,s0.590245,s185.601667
152_136,s-2.341482,s-4.172114,s233.901951
152_137,s-2.048059,s-4.766187,s126.681641
152_138,s-1.780347,s4.696664,s40.900905
152_139,s3.275643,s3.612950,s48.868127
152_140,s3.739417,s3.616103,s358.342374
152_141,s-3.564634,s3.520334,s96.947093
152_142,s4.035780,s2.656468,s275.173152
152_143,s-4.772091,s0.508387,s200.392430
152_144,s4.662947,s1.588530,s32.998971
152_145,s2.245194,s4.201090,s281.802924
152_146,s2.759150,s-3.931967,s176.811660
152_147,s0.876448,s4.862679,s324.065574
152_148,s1.921942,s4.536899,s313.578089
152_149,s-3.965129,s-0.273504,s116.827123
152_150,s-4.574241,s-1.742362,s127.304790
152_151,s4.963666,s-1.177745,s358.437220
153_0,s-0.006984,s-0.042366,s132.022396
153_1,s-0.130340,s0.758139,s285.335210
153_2,s-0.754033,s0.572958,s319.915906
153_3,s-0.821630,s0.062193,s67.184656
153_4,s-1.014373,s-0.459741,s173.978272
153_5,s-0.388345,s-1.312601,s92.613748
153_6,s0.040258,s-0.987408,s213.752750
153_7,s1.151723,s-1.116788,s88.510808
153_8,s1.395770,s-0.740939,s1.189999
153_9,s1.494141,s0.334788,s115.762899
153_10,s1.175002,s0.979948,s240.952001
153_11,s0.616698,s1.490143,s255.882403
153_12,s0.218672,s1.222524,s14.664105
153_13,s-0.407375,s1.336274,s22.431589
153_14,s-0.934424,s1.140943,s75.660748
153_15,s-1.731463,s0.811843,s261.149264
153_16,s-1.806566,s0.126986,s241.207911
153_17,s-1.611501,s-0.560506,s153.530122
153_18,s-1.318309,s-1.269387,s103.849118
153_19,s-0.977126,s-1.651267,s201.262206
153_20,s-0.463553,s-2.003979,s283.709673
153_21,s0.634600,s-2.109974,s132.495045
153_22,s0.922492,s-1.564069,s183.361222
153_23,s1.837611,s-1.212430,s113.476259
153_24,s1.935667,s-0.876781,s301.092512
153_25,s1.834539,s-0.072931,s243.213898
153_26,s2.015959,s0.475112,s308.476404
153_27,s2.000154,s1.109973,s65.323862
153_28,s1.495468,s1.649075,s31.724734
153_29,s0.842103,s2.288032,s128.074077
153_30,s0.205839,s2.468113,s140.024104
153_31,s-0.589974,s2.732665,s163.769260
153_32,s-1.267113,s2.188678,s193.605093
153_33,s-1.795722,s1.452450,s352.534831
153_34,s-2.050773,s1.154433,s154.308332
153_35,s-2.512600,s0.093912,s298.794219
153_36,s-2.726812,s-0.379409,s268.232564
153_37,s-2.311106,s-0.845098,s138.243611
153_38,s-2.098879,s-1.819276,s83.970005
153_39,s-1.480984,s-1.901652,s116.960080
153_40,s-1.376386,s-2.569090,s258.014546
153_41,s-0.293128,s-2.573662,s193.384380
153_42,s0.174675,s-2.834726,s236.618248
153_43,s0.890491,s-2.686428,s253.818211
153_44,s1.804878,s-2.207592,s97.363162
153_45,s2.041836,s-1.834300,s298.488882
153_46,s2.691383,s-1.118209,s120.424291
153_47,s3.554070,s-1.031067,s42.307588
153_48,s2.868316,s-0.345456,s8.787283
153_49,s2.895385,s1.212966,s164.489170
153_50,s2.410925,s1.406801,s30.282364
153_51,s2.468038,s2.194851,s54.643567
153_52,s1.569250,s2.401513,s42.479474
153_53,s0.893197,s3.335867,s163.940365
153_54,s0.024321,s2.926087,s317.180276
153_55,s-0.594822,s3.157007,s300.575966
153_56,s-1.077706,s3.272236,s160.422258
153_57,s-1.923233,s2.478055,s315.697325
153_58,s-2.282456,s2.234127,s109.884808
153_59,s-2.793592,s1.634170,s250.697643
153_60,s-2.909469,s0.849509,s17.299575
153_61,s-3.451805,s0.422047,s244.544599
153_62,s-3.065644,s-0.202183,s90.488732
153_63,s-3.253606,s-1.219965,s6.077924
153_64,s-2.943189,s-1.619610,s92.283384
153_65,s-2.875745,s-2.147041,s241.751988
153_66,s-1.762470,s-2.685292,s91.215370
153_67,s-1.006095,s-3.421570,s56.447381
153_68,s-0.438031,s-3.503873,s25.479647
153_69,s-0.071747,s-3.749639,s262.708531
153_70,s1.031657,s-3.442034,s97.531402
153_71,s1.811572,s-3.161216,s92.866817
153_72,s2.174526,s-3.024062,s6.047425
153_73,s2.677166,s-2.587434,s18.153889
153_74,s3.456808,s-1.935179,s109.162057
153_75,s3.031450,s-1.294893,s244.331788
153_76,s3.423703,s-0.331122,s277.135862
153_77,s3.462118,s0.368260,s258.981439
153_78,s3.445464,s0.860381,s305.073487
153_79,s3.546159,s1.835183,s147.979037
153_80,s2.871741,s2.323844,s250.613205
153_81,s2.602045,s2.686836,s17.934407
153_82,s2.117286,s3.050123,s94.167155
153_83,s1.521753,s3.766403,s163.297427
153_84,s0.705055,s3.648240,s22.889711
153_85,s0.014524,s3.775050,s26.730841
153_86,s-0.662351,s3.650782,s10.940400
153_87,s-1.300338,s3.802856,s146.391800
153_88,s-2.239432,s3.510870,s224.453587
153_89,s-2.478130,s2.872172,s78.591988
153_90,s-3.291556,s2.218891,s0.490071
153_91,s-3.826988,s1.853941,s259.571733
153_92,s-3.477294,s1.422395,s156.105538
153_93,s-4.272050,s0.398739,s290.283609
153_94,s-4.076434,s-0.550009,s357.077247
153_95,s-4.259719,s-1.056683,s234.418515
153_96,s-3.948427,s-1.677079,s126.616994
153_97,s-3.669612,s-2.635181,s306.703816
153_98,s-2.830270,s-2.865403,s130.866689
153_99,s-2.458723,s-3.567201,s0.045492
153_100,s-1.730384,s-3.684122,s135.705721
153_101,s-1.233962,s-4.448234,s359.551347
153_102,s-0.517091,s-4.011970,s171.965335
153_103,s0.339213,s-4.220663,s129.562033
153_104,s0.842786,s-4.072944,s230.900578
153_105,s1.683008,s-3.976428,s34.175156
153_106,s2.071515,s-3.479826,s209.957862
153_107,s2.997928,s-3.108194,s131.394992
153_108,s3.423007,s-2.488340,s166.929938
153_109,s3.852711,s-1.991506,s186.137832
153_110,s4.185768,s-1.417364,s26.487743
153_111,s4.455038,s-0.893749,s15.935328
153_112,s4.592066,s0.007887,s30.114725
153_113,s4.377385,s0.834699,s307.828059
153_114,s4.394365,s1.536098,s100.119831
153_115,s4.242422,s2.272843,s150.630688
153_116,s3.717834,s2.497194,s28.043474
153_117,s2.938686,s3.410747,s259.220587
153_118,s2.429754,s3.830558,s198.913026
153_119,s1.908995,s4.070034,s333.096033
153_120,s1.156409,s4.622108,s214.298263
153_121,s0.512254,s4.703611,s204.584300
153_122,s-0.176648,s4.637860,s311.106826
153_123,s-0.790614,s4.653907,s330.262555
153_124,s-1.722600,s4.297031,s282.778216
153_125,s-2.255715,s4.040387,s15.969076
153_126,s-3.077314,s3.796542,s227.005447
153_127,s-3.363790,s3.258552,s38.776113
153_128,s-3.723988,s2.976729,s175.065297
153_129,s-4.418071,s1.934959,s344.093041
153_130,s-4.607212,s1.259993,s312.612735
153_131,s-4.949739,s0.687288,s287.600309
153_132,s-4.784570,s0.186072,s136.624035
153_133,s-4.676317,s-0.797733,s60.722473
153_134,s-4.822494,s-1.334336,s175.112732
153_135,s-4.742331,s-2.867659,s8.162572
153_136,s-4.206889,s-2.727451,s238.753248
153_137,s-3.654687,s-3.345984,s156.033366
153_138,s-2.839901,s-4.036664,s54.755512
153_139,s-2.451166,s-4.376688,s149.863153
153_140,s-1.868298,s-4.550731,s154.922305
153_141,s-0.994697,s-4.862261,s90.376174
153_142,s-0.400373,s-5.240466,s1.810119
153_143,s0.281591,s-4.955020,s297.706822
153_144,s1.042929,s-5.295109,s345.976326
153_145,s1.482211,s-4.665570,s252.823568
153_146,s2.459545,s-4.809043,s323.567600
153_147,s3.253352,s-3.839138,s112.800894
153_148,s3.822769,s-3.841409,s47.155004
153_149,s4.113487,s-3.048575,s108.261442
153_150,s4.442143,s-2.435334,s241.273022
153_151,s4.869034,s-1.867551,s25.011841
153_152,s5.140482,s-1.182580,s28.145840
154_0,s0.094731,s-0.098693,s175.707814
154_1,s-0.047753,s0.901856,s211.335506
154_2,s-0.628185,s0.405660,s207.523255
154_3,s-1.279755,s0.250153,s231.378682
154_4,s-0.916410,s-0.572896,s257.210699
154_5,s-0.391683,s-1.109448,s102.485021
154_6,s0.609994,s-1.383605,s89.486699
154_7,s0.906654,s-1.147198,s294.465751
154_8,s1.232183,s-0.468770,s278.389699
154_9,s0.977582,s0.129816,s298.869235
154_10,s1.223034,s1.236766,s174.348359
154_11,s0.683444,s0.827249,s15.691560
154_12,s0.430421,s1.949724,s98.129530
154_13,s-0.690680,s1.755949,s201.204190
154_14,s-0.734114,s0.817993,s23.975094
154_15,s-1.369083,s1.197152,s158.828919
154_16,s-2.319850,s0.112711,s292.574049
154_17,s-1.322503,s-0.413849,s53.897503
154_18,s-1.731292,s-1.345401,s348.860371
154_19,s-0.961371,s-2.271047,s12.915498
154_20,s-0.086526,s-1.670494,s121.166787
154_21,s0.712568,s-2.008616,s96.473120
154_22,s0.972290,s-1.832081,s264.187189
154_23,s1.560214,s-1.531143,s349.637449
154_24,s2.166402,s-1.473481,s351.800619
154_25,s1.979233,s-0.042951,s21.322661
154_26,s2.453469,s0.411660,s63.339402
154_27,s1.948185,s1.114682,s52.538838
154_28,s1.730093,s2.104929,s132.360108
154_29,s1.183516,s2.143908,s80.493552
154_30,s-0.442257,s2.338264,s266.280107
154_31,s-0.755924,s2.765160,s158.373542
154_32,s-1.438309,s1.553702,s348.870037
154_33,s-2.303474,s1.562330,s294.054958
154_34,s-2.241239,s1.135126,s216.645328
154_35,s-2.848457,s0.820452,s199.216987
154_36,s-3.032620,s-0.426897,s299.226434
154_37,s-2.563855,s-0.665673,s208.961113
154_38,s-2.178291,s-1.533954,s152.055788
154_39,s-1.558512,s-1.625751,s174.040200
154_40,s-1.525348,s-2.603754,s241.010197
154_41,s-0.337283,s-2.896673,s17.166625
154_42,s0.284179,s-3.021234,s321.759461
154_43,s1.046602,s-2.874983,s13.856057
154_44,s1.946514,s-2.218250,s129.933221
154_45,s2.256343,s-1.862853,s253.920782
154_46,s2.627573,s-1.237283,s311.728286
154_47,s2.252686,s-0.356373,s259.196484
154_48,s3.368562,s-0.271738,s82.165839
154_49,s2.690794,s1.114219,s187.844525
154_50,s3.049521,s1.655981,s115.693877
154_51,s2.111825,s2.225093,s214.055750
154_52,s1.840510,s2.538083,s41.019750
154_53,s0.782985,s2.950843,s241.447574
154_54,s0.333763,s3.082406,s196.875694
154_55,s-0.232259,s3.017631,s73.113641
154_56,s-1.323859,s3.206660,s342.532752
154_57,s-1.266070,s2.662573,s93.168433
154_58,s-2.338779,s2.530073,s162.180607
154_59,s-2.753735,s1.245295,s354.663829
154_60,s-3.231958,s1.203196,s158.571776
154_61,s-3.163738,s0.287247,s87.251538
154_62,s-3.420808,s-0.834405,s353.871490
154_63,s-3.249221,s-1.217551,s254.391840
154_64,s-3.132535,s-1.697363,s225.146074
154_65,s-2.461189,s-2.438098,s181.388809
154_66,s-1.880171,s-2.769877,s142.318497
154_67,s-1.510524,s-3.241972,s248.957818
154_68,s-0.759071,s-3.800686,s312.586979
154_69,s0.498580,s-3.590655,s58.164168
154_70,s0.982081,s-3.304214,s157.390493
154_71,s1.521794,s-3.081943,s177.232477
154_72,s2.151136,s-2.768554,s157.623135
154_73,s2.456190,s-2.452734,s293.092552
154_74,s3.466440,s-1.998126,s42.832134
154_75,s3.514703,s-1.437830,s13.528083
154_76,s4.348111,s-0.386518,s91.178778
154_77,s3.224025,s0.704060,s164.703904
154_78,s4.161245,s0.894367,s92.971112
154_79,s3.479669,s1.181932,s337.214542
154_80,s3.368995,s1.985504,s37.837868
154_81,s2.659347,s2.726922,s73.710106
154_82,s0.862533,s3.628507,s228.340318
154_83,s1.940424,s3.744854,s83.028428
154_84,s-0.077139,s3.461618,s276.008262
154_85,s0.346948,s4.448365,s152.529517
154_86,s-0.908947,s4.019388,s250.255610
154_87,s-1.530050,s3.974259,s162.654948
154_88,s-2.105068,s3.304480,s31.936306
154_89,s-3.052003,s3.096435,s237.050445
154_90,s-3.343015,s2.345221,s255.773503
154_91,s-3.638435,s1.759161,s281.677193
154_92,s-3.767259,s1.220544,s135.739202
154_93,s-4.383713,s0.552952,s206.455412
154_94,s-3.905858,s-0.153894,s186.616636
154_95,s-4.207812,s-0.947629,s230.998606
154_96,s-3.649176,s-2.156478,s14.609506
154_97,s-3.176150,s-2.272810,s194.578378
154_98,s-2.711268,s-3.177860,s119.590305
154_99,s-2.651693,s-4.115734,s334.851506
154_100,s-1.989625,s-4.164871,s333.351439
154_101,s-1.271844,s-4.060411,s208.324643
154_102,s-0.246413,s-4.222054,s136.140944
154_103,s0.341347,s-4.102964,s167.116563
154_104,s0.761509,s-4.347752,s293.043517
154_105,s1.588811,s-4.197825,s291.744888
154_106,s2.118624,s-3.573457,s248.166615
154_107,s2.993124,s-3.516905,s20.995127
154_108,s3.515823,s-2.513251,s145.128565
154_109,s3.915453,s-2.328993,s313.896803
154_110,s4.464301,s-1.308617,s143.118117
154_111,s3.973328,s-0.911452,s271.178867
154_112,s4.518295,s-0.048073,s335.223923
154_113,s4.433660,s0.762771,s278.403114
154_114,s4.742948,s1.702797,s123.264886
154_115,s3.956604,s2.342597,s203.055262
154_116,s3.711382,s2.659090,s86.597326
154_117,s3.251459,s3.464660,s156.710567
154_118,s2.948814,s3.923075,s106.047137
154_119,s2.016777,s4.337843,s25.517380
154_120,s1.508615,s4.325971,s84.368019
154_121,s0.560685,s4.824943,s319.911808
154_122,s-0.294834,s4.721648,s334.101792
154_123,s-1.092976,s4.548041,s314.612612
154_124,s-1.772345,s4.500944,s244.514880
154_125,s-2.266315,s4.093954,s350.209601
154_126,s-2.876347,s3.685941,s350.223210
154_127,s-3.471641,s3.227913,s102.324047
154_128,s-4.014639,s2.749584,s217.275390
154_129,s-4.245752,s2.260642,s194.647065
154_130,s-4.588005,s1.260476,s348.316241
154_131,s-4.860544,s1.007520,s186.491887
154_132,s-4.830603,s0.043670,s216.916520
154_133,s-4.868679,s-1.132789,s312.574543
154_134,s-4.580822,s-1.524582,s155.179044
154_135,s-4.344114,s-2.187321,s141.604167
154_136,s-4.211129,s-2.835517,s307.697895
154_137,s-4.069680,s-3.350031,s245.634352
154_138,s-3.185206,s-3.814134,s195.361816
154_139,s-2.750334,s-4.457920,s223.992898
154_140,s-1.972505,s-4.602957,s201.342977
154_141,s-0.976837,s-5.243578,s60.767217
154_142,s-0.073822,s-4.850717,s92.270998
154_143,s0.196211,s-5.415335,s325.401026
154_144,s1.268108,s-5.167080,s52.532686
154_145,s1.666785,s-4.804020,s296.486779
154_146,s2.711142,s-4.332502,s145.807501
154_147,s3.079864,s-4.090084,s265.234987
154_148,s3.915631,s-3.607470,s99.195445
154_149,s4.094059,s-3.036587,s93.904992
154_150,s4.410700,s-2.777133,s333.935854
154_151,s4.884780,s-1.845476,s354.473224
154_152,s5.654263,s-0.983866,s84.707850
154_153,s5.119839,s-0.341502,s251.125541
155_0,s-0.012874,s0.553163,s191.251067
155_1,s-0.434604,s0.281471,s119.356078
155_2,s1.221899,s0.701344,s120.524579
155_3,s0.301034,s-0.473631,s346.737504
155_4,s-0.567037,s-0.613486,s264.871152
155_5,s-0.895440,s1.037954,s253.948394
155_6,s-0.988627,s0.408038,s64.017269
155_7,s-0.937516,s-1.037553,s30.700113
155_8,s0.445998,s-1.014330,s101.383380
155_9,s1.330378,s0.209399,s219.631558
155_10,s0.820606,s-0.651827,s248.674454
155_11,s0.628699,s0.737083,s16.574919
155_12,s0.171881,s1.067316,s73.572595
155_13,s-0.916100,s-1.570873,s316.343576
155_14,s0.406826,s-1.498536,s210.928905
155_15,s1.167747,s1.186887,s298.699378
155_16,s1.649329,s-0.703127,s292.549274
155_17,s-1.591909,s-0.499958,s136.618888
155_18,s1.740585,s0.934262,s201.066100
155_19,s-0.302446,s1.665117,s72.826172
155_20,s-0.683379,s-1.908093,s243.973316
155_21,s-1.574947,s-1.031418,s205.103027
155_22,s1.570132,s-1.172063,s196.125891
155_23,s-2.134136,s0.505165,s257.096272
155_24,s0.688692,s1.700086,s260.585175
155_25,s-1.376256,s-0.054774,s89.425237
155_26,s0.350879,s-2.056721,s149.238957
155_27,s1.317863,s2.069564,s248.360963
155_28,s-1.200301,s1.819471,s151.001507
155_29,s2.146584,s-1.036039,s288.298974
155_30,s-0.909653,s2.274371,s272.258426
155_31,s0.132357,s1.796543,s347.584940
155_32,s-1.496866,s-1.816748,s111.467814
155_33,s-1.193850,s-2.068066,s217.754856
155_34,s-2.290437,s-0.184794,s167.049730
155_35,s-1.835859,s0.931703,s20.383348
155_36,s-2.325115,s1.037909,s97.724456
155_37,s0.551464,s2.789295,s88.873201
155_38,s2.305752,s0.036850,s7.811323
155_39,s2.224836,s1.558443,s355.306208
155_40,s1.138297,s-1.749240,s205.368076
155_41,s-1.329123,s2.300635,s65.762672
155_42,s1.680440,s-2.200815,s280.962919
155_43,s-0.639323,s-2.909404,s212.962180
155_44,s2.445690,s0.797725,s347.382839
155_45,s-0.595724,s2.817353,s64.208103
155_46,s0.778154,s2.246390,s347.916511
155_47,s0.434394,s-2.765722,s126.398211
155_48,s-2.556687,s0.375453,s157.322386
155_49,s0.901413,s-2.385935,s182.014355
155_50,s2.995274,s-0.702995,s251.759053
155_51,s-1.575421,s-2.457027,s90.346959
155_52,s1.313789,s-2.709306,s227.287126
155_53,s-2.805698,s1.452668,s137.429280
155_54,s-2.615588,s-1.207062,s42.457319
155_55,s3.037155,s-0.083893,s265.220167
155_56,s1.487084,s2.715246,s256.588348
155_57,s1.106186,s3.203582,s312.599907
155_58,s3.069282,s-1.373658,s263.512899
155_59,s-3.081615,s-1.487433,s58.855062
155_60,s-2.140726,s-1.455754,s114.196444
155_61,s2.554430,s-2.280102,s183.095320
155_62,s-2.491753,s1.640755,s350.766741
155_63,s-1.340067,s-3.067924,s239.768267
155_64,s-2.978404,s0.599401,s118.077920
155_65,s-0.711333,s3.493355,s229.867955
155_66,s2.852274,s1.459352,s239.968726
155_67,s-2.279116,s2.910074,s255.357149
155_68,s-2.545805,s-2.637340,s149.838959
155_69,s1.434799,s-3.260138,s165.889221
155_70,s2.716458,s-1.623071,s205.154020
155_71,s-1.785052,s-3.068075,s172.566395
155_72,s2.557427,s2.635593,s174.751312
155_73,s-1.543820,s3.197763,s8.933348
155_74,s3.546119,s1.648876,s216.346314
155_75,s-3.430100,s-0.386030,s315.128380
155_76,s-3.411156,s1.273643,s63.367929
155_77,s-2.808241,s2.897674,s350.776429
155_78,s3.413168,s0.452526,s88.950498
155_79,s3.054192,s-2.596090,s194.023992
155_80,s0.830356,s-3.505974,s76.126006
155_81,s2.216224,s3.153919,s247.175578
155_82,s-3.142641,s-1.974961,s198.795166
155_83,s0.002584,s3.230652,s300.114670
155_84,s1.262022,s3.838845,s339.089243
155_85,s-2.921550,s2.136338,s331.756813
155_86,s3.139281,s2.936370,s255.088669
155_87,s2.022069,s-3.365717,s254.835326
155_88,s-2.292039,s-3.206778,s114.013432
155_89,s-0.993494,s-3.654291,s174.567950
155_90,s3.467340,s2.072173,s325.710574
155_91,s-1.024058,s4.030940,s251.530592
155_92,s4.050405,s1.658560,s300.593040
155_93,s3.796268,s0.693190,s298.170212
155_94,s-4.093830,s-0.969870,s335.802663
155_95,s-3.289427,s-2.771502,s189.301263
155_96,s-3.877549,s-0.054036,s49.409659
155_97,s-0.415478,s-3.756675,s280.917850
155_98,s3.982217,s-0.824058,s175.355595
155_99,s1.606750,s-3.842976,s213.522327
155_100,s3.516498,s-2.019417,s180.022840
155_101,s-3.620903,s0.661773,s91.292423
155_102,s-3.466815,s2.145446,s15.625586
155_103,s-3.805601,s-1.776104,s36.359623
155_104,s1.820082,s3.788753,s250.893698
155_105,s-0.328804,s4.210747,s15.789776
155_106,s-1.447025,s-3.879887,s110.024961
155_107,s-4.637251,s0.531986,s104.955587
155_108,s1.290055,s-4.369008,s57.363224
155_109,s-1.352215,s4.454804,s305.974481
155_110,s3.796807,s0.267088,s206.393837
155_111,s4.474495,s0.611919,s271.335560
155_112,s4.034882,s-1.897617,s283.885926
155_113,s4.438181,s-1.084228,s256.959267
155_114,s-3.540147,s-2.250689,s72.899284
155_115,s0.695312,s3.850639,s337.625843
155_116,s-4.086894,s1.000527,s50.962835
155_117,s-1.905113,s3.955290,s82.059376
155_118,s2.783617,s3.579829,s247.934536
155_119,s3.641710,s-3.179198,s284.643365
155_120,s-3.320098,s-3.824630,s252.807074
155_121,s-0.573247,s-4.379129,s114.387518
155_122,s-3.631706,s3.141796,s65.296100
155_123,s-3.803211,s-2.975871,s117.472221
155_124,s-4.386318,s-0.584433,s59.662667
155_125,s-4.415934,s-1.483529,s96.658779
155_126,s-2.296370,s-4.071598,s137.596637
155_127,s4.017428,s-2.429693,s237.181953
155_128,s-3.036820,s3.501706,s76.530375
155_129,s-1.706016,s4.509156,s96.878258
155_130,s2.495489,s3.924294,s4.597175
155_131,s-4.011799,s1.969532,s120.524240
155_132,s4.147321,s2.691875,s241.164124
155_133,s3.521262,s3.588143,s280.583855
155_134,s4.418014,s-0.554462,s17.574734
155_135,s-4.826845,s-1.129741,s43.068499
155_136,s1.830131,s4.612248,s159.846843
155_137,s-4.786595,s2.059772,s308.396936
155_138,s1.891916,s-4.672244,s125.761033
155_139,s-2.973681,s4.076528,s337.719964
155_140,s3.012342,s-3.514361,s261.987813
155_141,s0.125310,s4.126562,s302.434432
155_142,s-5.156940,s0.759505,s23.999647
155_143,s2.606726,s-4.367344,s25.059314
155_144,s3.401527,s-3.946045,s223.641349
155_145,s5.146023,s0.918419,s307.394247
155_146,s-1.582606,s-4.751060,s228.449992
155_147,s0.586304,s-4.445412,s35.703219
155_148,s0.789489,s5.337287,s167.508708
155_149,s5.078037,s-0.573944,s36.953947
155_150,s2.774410,s4.821748,s219.675414
155_151,s4.885618,s2.121606,s259.744133
155_152,s-4.356729,s-2.778599,s2.209100
155_153,s-4.984069,s1.484939,s26.368916
155_154,s-4.805162,s-2.006790,s157.957710
156_0,s-0.010922,s0.051431,s153.975059
156_1,s-0.495300,s0.214200,s131.485525
156_2,s0.544645,s0.478831,s101.132067
156_3,s0.210113,s-0.422128,s235.552042
156_4,s0.768040,s-0.018404,s253.613485
156_5,s-0.207238,s-0.856626,s133.244906
156_6,s-0.578061,s-0.466800,s98.273918
156_7,s0.084341,s0.805765,s67.720383
156_8,s0.926459,s0.616389,s348.244165
156_9,s-0.867554,s0.779810,s352.079215
156_10,s-0.980935,s0.376114,s96.004690
156_11,s0.578637,s1.051339,s46.375270
156_12,s1.414858,s0.664346,s238.542736
156_13,s0.901015,s-1.195729,s76.781791
156_14,s-0.964850,s-1.137793,s103.935184
156_15,s-1.483122,s-0.672297,s80.964519
156_16,s1.323636,s-0.846089,s190.554023
156_17,s-1.418795,s0.992462,s67.491221
156_18,s-0.833464,s1.736259,s55.273535
156_19,s0.412245,s1.686849,s298.697559
156_20,s0.837089,s-1.799805,s63.003760
156_21,s-0.889443,s-1.600692,s137.229863
156_22,s1.755672,s1.399816,s137.569582
156_23,s-1.639997,s-1.580305,s132.458128
156_24,s-0.288148,s-1.431993,s231.413339
156_25,s1.643203,s-0.311545,s198.993262
156_26,s-1.909012,s1.652303,s85.776116
156_27,s2.198692,s-0.756296,s224.435292
156_28,s0.158901,s2.081422,s95.272669
156_29,s0.531812,s-2.282958,s155.684784
156_30,s2.464574,s0.449468,s141.184597
156_31,s-0.536187,s-2.065885,s185.257333
156_32,s0.993774,s2.360134,s63.419412
156_33,s-2.222964,s0.285260,s179.771086
156_34,s-0.394661,s2.409607,s68.130124
156_35,s1.786208,s-1.722817,s318.214820
156_36,s1.140221,s-2.267945,s291.206458
156_37,s2.137777,s1.414652,s243.836277
156_38,s1.593787,s1.826072,s353.001082
156_39,s2.042817,s2.053047,s291.560193
156_40,s-1.492342,s-2.290214,s195.782232
156_41,s-2.428382,s-0.855097,s266.919990
156_42,s2.342684,s-1.651321,s215.147161
156_43,s-0.664393,s-2.957125,s108.967757
156_44,s-1.610865,s2.364962,s35.972073
156_45,s0.551436,s2.916550,s338.334193
156_46,s2.844347,s-0.676998,s52.186799
156_47,s-2.258229,s0.790437,s248.731931
156_48,s0.808965,s-2.698975,s249.787760
156_49,s-2.312960,s-1.528753,s150.936425
156_50,s-2.866627,s0.192426,s213.476780
156_51,s1.380772,s2.918814,s249.274546
156_52,s2.846778,s1.388780,s275.732706
156_53,s-1.407692,s2.938616,s257.758978
156_54,s1.661868,s-2.461362,s249.867389
156_55,s-2.538779,s1.384862,s176.046246
156_56,s-2.866052,s-0.540031,s84.310803
156_57,s-1.966099,s-2.377026,s160.183845
156_58,s-3.074503,s1.106086,s58.354968
156_59,s0.573617,s-3.205350,s135.956636
156_60,s2.733377,s0.750327,s248.152784
156_61,s3.174173,s-0.544616,s301.840314
156_62,s-1.526560,s-3.138821,s142.866612
156_63,s3.030675,s-1.882885,s181.272604
156_64,s-2.983235,s-1.137631,s42.477223
156_65,s3.225237,s-1.395281,s336.080375
156_66,s-0.762718,s3.125722,s289.800569
156_67,s-2.170881,s2.441853,s146.123326
156_68,s-2.777512,s2.531125,s166.768584
156_69,s-3.536183,s-1.194973,s77.486191
156_70,s2.450972,s2.554994,s8.927127
156_71,s1.256472,s-3.335162,s276.169713
156_72,s-2.450067,s-2.450867,s84.051908
156_73,s0.257748,s3.355898,s40.304083
156_74,s3.341631,s0.914346,s275.443892
156_75,s2.040146,s-3.042106,s296.963173
156_76,s2.870909,s2.325291,s331.062298
156_77,s-3.080677,s-1.513273,s163.222745
156_78,s1.061574,s3.652965,s236.554598
156_79,s-3.353139,s0.652107,s180.965793
156_80,s-3.228209,s2.026998,s127.936814
156_81,s-3.855925,s-0.597609,s100.391277
156_82,s0.889668,s-3.628014,s155.580702
156_83,s-1.641895,s3.338357,s95.601418
156_84,s-3.837437,s-1.602338,s109.822362
156_85,s3.705822,s-1.821900,s140.431464
156_86,s2.633310,s-3.088627,s234.831114
156_87,s-1.508230,s-3.715399,s177.430865
156_88,s-2.884833,s-3.097196,s260.980210
156_89,s-0.372677,s3.942292,s17.743752
156_90,s-3.782258,s0.994983,s56.189248
156_91,s3.545186,s2.277929,s136.299034
156_92,s2.001641,s3.432948,s347.504959
156_93,s-0.206603,s-3.655827,s148.462426
156_94,s-1.052005,s3.779127,s91.631925
156_95,s1.983660,s-3.597799,s156.127438
156_96,s3.645443,s0.310149,s217.669240
156_97,s3.855320,s1.555963,s280.676033
156_98,s1.591710,s3.951759,s30.313907
156_99,s-3.362858,s-2.901924,s197.365094
156_100,s-2.943875,s3.045334,s307.168674
156_101,s3.856757,s-0.896356,s323.342425
156_102,s4.271157,s0.598756,s198.331396
156_103,s-4.061364,s0.623673,s193.695956
156_104,s-2.155534,s-3.969548,s148.273349
156_105,s3.438756,s-2.673423,s174.831265
156_106,s-0.801969,s-3.447720,s191.949377
156_107,s-3.307074,s2.698180,s87.570175
156_108,s2.550819,s3.407575,s289.471346
156_109,s-4.147554,s1.758369,s337.223678
156_110,s-3.894255,s-2.061039,s203.615591
156_111,s2.208371,s-4.095455,s234.647007
156_112,s3.967554,s2.056225,s321.247394
156_113,s-0.970354,s-4.198671,s173.487147
156_114,s-1.071343,s4.271721,s38.539609
156_115,s3.970338,s-1.391390,s292.113469
156_116,s-4.370240,s-0.222727,s93.533162
156_117,s-2.625788,s3.720949,s59.819146
156_118,s0.213008,s4.201899,s61.747020
156_119,s1.741800,s4.474036,s301.717069
156_120,s4.328096,s1.053503,s285.381643
156_121,s4.219905,s-1.959402,s322.416753
156_122,s3.349049,s3.120526,s257.889326
156_123,s-1.628021,s4.267198,s100.470418
156_124,s2.586308,s3.926894,s318.307045
156_125,s1.642320,s-4.459175,s230.314801
156_126,s-4.515961,s-1.313251,s23.430331
156_127,s-3.916254,s-2.778904,s175.709593
156_128,s-2.587847,s4.234148,s1.719102
156_129,s4.045508,s-2.298048,s220.563884
156_130,s-4.802899,s0.684805,s196.032872
156_131,s-4.605531,s1.172524,s111.169286
156_132,s3.655269,s-3.410506,s201.296244
156_133,s-3.297063,s3.283225,s20.563711
156_134,s4.774129,s0.083911,s307.746392
156_135,s2.767367,s-3.740407,s246.271845
156_136,s-1.930416,s-4.686319,s272.941394
156_137,s-0.532430,s-4.523008,s207.100273
156_138,s3.689774,s3.589214,s267.694000
156_139,s4.542561,s2.086818,s247.643403
156_140,s0.746153,s4.849416,s262.180709
156_141,s-4.544400,s1.835006,s59.007149
156_142,s-3.239778,s-3.980546,s265.028074
156_143,s4.730348,s-0.820811,s211.784444
156_144,s-5.021335,s1.523720,s49.156532
156_145,s-4.469490,s2.681530,s317.596419
156_146,s3.978653,s-3.187814,s272.899542
156_147,s1.119961,s-4.923285,s37.660314
156_148,s-0.631707,s4.859499,s311.228434
156_149,s-1.268896,s-5.040536,s146.471914
156_150,s-0.608472,s-5.162000,s176.450281
156_151,s-1.944328,s4.873480,s311.899318
156_152,s4.657780,s-2.520755,s296.457720
156_153,s-4.801015,s-2.118222,s249.617409
156_154,s0.395384,s-4.785332,s221.474966
156_155,s-3.791151,s3.591510,s87.327910
157_0,s0.304800,s0.046693,s113.667068
157_1,s-0.138965,s0.640689,s326.437239
157_2,s0.613883,s0.907347,s171.580783
157_3,s-0.942337,s-0.463354,s241.466823
157_4,s-0.476726,s0.240306,s128.743117
157_5,s0.754735,s-0.117130,s302.671272
157_6,s-0.695090,s0.646907,s40.075962
157_7,s0.073514,s-0.589377,s280.521531
157_8,s-0.338027,s-1.332343,s76.024071
157_9,s1.126142,s0.527562,s324.468761
157_10,s0.093830,s-1.007230,s234.162244
157_11,s-1.310665,s-0.179906,s53.758113
157_12,s0.974564,s-0.712712,s269.387550
157_13,s-0.745137,s1.566860,s245.897029
157_14,s0.662248,s1.339133,s346.144590
157_15,s-1.266786,s-1.042401,s30.671028
157_16,s1.728880,s-0.421085,s302.497814
157_17,s0.759970,s-1.795329,s83.027368
157_18,s-1.893631,s0.759022,s160.710084
157_19,s1.294326,s1.272377,s20.105229
157_20,s1.051895,s-1.289138,s188.758265
157_21,s1.909331,s0.644623,s17.912489
157_22,s1.520922,s-1.102285,s245.376065
157_23,s-1.910660,s-1.765465,s274.092441
157_24,s-0.846501,s-1.572191,s181.343889
157_25,s-0.451851,s2.513482,s193.832622
157_26,s-1.301710,s1.468929,s11.751122
157_27,s-1.460236,s0.957167,s43.918369
157_28,s1.644733,s0.214194,s264.225255
157_29,s-1.742293,s-1.042353,s62.840445
157_30,s1.618274,s1.662068,s315.892157
157_31,s1.331190,s-2.205565,s201.360357
157_32,s-0.370186,s-1.792590,s247.345730
157_33,s2.135366,s-0.814587,s228.545595
157_34,s-1.871857,s-0.197024,s125.311797
157_35,s-0.997884,s2.033327,s348.077087
157_36,s0.043941,s1.589094,s323.332336
157_37,s-1.319645,s-2.045581,s201.917596
157_38,s2.646375,s0.053283,s212.174521
157_39,s0.608118,s-2.511844,s257.403310
157_40,s0.920836,s2.351954,s340.762432
157_41,s-2.518658,s0.440939,s171.907537
157_42,s1.431616,s2.230156,s297.891942
157_43,s-2.375649,s0.887193,s7.420854
157_44,s2.623564,s0.463250,s295.980691
157_45,s-1.569100,s2.283924,s352.947333
157_46,s-2.303126,s-1.250405,s183.704602
157_47,s-0.189132,s-2.350811,s236.452805
157_48,s1.530280,s-1.697362,s229.918972
157_49,s-2.114760,s1.586033,s347.806487
157_50,s-1.735936,s-2.560460,s210.381189
157_51,s-2.778641,s-1.633381,s62.274332
157_52,s2.093340,s1.378075,s247.613441
157_53,s0.671469,s3.220388,s277.554482
157_54,s-0.403868,s-3.458047,s8.806762
157_55,s0.423587,s-3.055255,s135.893292
157_56,s2.344865,s-2.808801,s104.619746
157_57,s3.127934,s1.040807,s343.723396
157_58,s0.180029,s2.380847,s336.654424
157_59,s-2.718100,s-1.027016,s357.300103
157_60,s2.241794,s-1.766615,s247.643888
157_61,s-2.717709,s1.649265,s103.974091
157_62,s-2.344514,s2.283044,s109.226661
157_63,s2.914290,s-0.774371,s209.720332
157_64,s-3.150199,s0.650107,s317.571967
157_65,s-1.068006,s-3.243198,s317.174406
157_66,s-3.709427,s-0.380996,s238.317820
157_67,s2.395132,s2.337720,s318.876807
157_68,s-0.607100,s2.978408,s28.503225
157_69,s-2.246449,s-2.433722,s152.329242
157_70,s2.751594,s-2.300627,s174.250463
157_71,s1.688594,s-3.363848,s56.923762
157_72,s-1.937098,s3.056832,s285.921114
157_73,s2.125584,s2.927917,s277.993572
157_74,s4.085599,s0.279975,s110.492963
157_75,s-2.483433,s2.751213,s329.125562
157_76,s2.867344,s2.133038,s264.282205
157_77,s-1.318968,s-3.714286,s43.388027
157_78,s0.333977,s-3.838650,s122.280235
157_79,s-3.130786,s-0.228049,s357.088781
157_80,s-3.508282,s-1.095342,s56.777268
157_81,s-2.667639,s-2.240719,s117.509199
157_82,s1.041422,s-3.376783,s159.992305
157_83,s2.858179,s-1.503055,s250.196121
157_84,s-3.204628,s-2.147045,s17.429107
157_85,s1.814053,s3.299453,s52.079694
157_86,s-3.614306,s1.550654,s17.747390
157_87,s-0.183557,s3.630900,s213.470681
157_88,s1.393807,s-3.760708,s184.337971
157_89,s-1.208790,s3.645005,s72.423419
157_90,s3.859391,s-0.638128,s184.296183
157_91,s-3.450959,s1.055925,s69.123884
157_92,s0.289859,s4.034460,s190.315223
157_93,s-2.106330,s-3.134121,s112.774065
157_94,s-2.340218,s3.513356,s60.633032
157_95,s3.177821,s2.547470,s8.738214
157_96,s3.068386,s-2.974320,s130.140654
157_97,s-3.684904,s-1.709831,s94.287404
157_98,s3.387745,s-2.053210,s225.553287
157_99,s-1.921467,s-3.604543,s146.412935
157_100,s2.232778,s-3.408230,s137.946951
157_101,s3.569980,s1.817385,s242.623093
157_102,s1.020626,s-4.273904,s156.410702
157_103,s-4.168693,s-0.399702,s335.540989
157_104,s-0.713246,s3.827307,s297.102628
157_105,s-3.071217,s-3.014736,s197.139568
157_106,s1.687436,s3.909009,s16.587473
157_107,s3.642822,s0.957171,s236.638384
157_108,s3.573618,s-2.742229,s200.908469
157_109,s0.993226,s3.919788,s352.840040
157_110,s3.243039,s-0.297983,s267.930706
157_111,s-2.866292,s3.289731,s115.713242
157_112,s0.610618,s4.372899,s18.252337
157_113,s-1.033148,s-4.174953,s327.071285
157_114,s2.149228,s3.643689,s256.827981
157_115,s3.686382,s2.448090,s235.948772
157_116,s-4.135189,s-1.359624,s43.926688
157_117,s-4.494502,s0.848381,s231.812470
157_118,s3.953790,s-1.643603,s266.978552
157_119,s4.357283,s1.267280,s179.973297
157_120,s4.336354,s-0.605941,s225.909609
157_121,s-3.705777,s-2.278490,s141.393117
157_122,s-0.144315,s-4.571615,s78.895676
157_123,s-4.075501,s2.275683,s43.384059
157_124,s4.139585,s-2.545271,s246.812766
157_125,s-1.838183,s4.266077,s251.805710
157_126,s-3.745544,s2.734313,s22.326114
157_127,s-3.710374,s-2.922109,s202.260167
157_128,s-4.270030,s1.613177,s97.545291
157_129,s2.877630,s3.952179,s67.122110
157_130,s-2.283927,s4.084216,s47.036578
157_131,s2.766203,s-3.616612,s218.707608
157_132,s-4.752975,s-0.694671,s115.094738
157_133,s5.007528,s1.378787,s30.349790
157_134,s3.465135,s3.309508,s56.082652
157_135,s-2.745274,s-3.986262,s194.103558
157_136,s-4.721348,s-1.894362,s359.546165
157_137,s4.175270,s-3.117073,s174.602418
157_138,s-1.499494,s-4.160066,s182.199327
157_139,s2.230514,s-3.960789,s237.288803
157_140,s-1.380612,s4.695706,s225.584283
157_141,s4.689674,s0.310830,s320.012128
157_142,s-3.423621,s3.510804,s342.389811
157_143,s4.481015,s2.468296,s39.848568
157_144,s1.160373,s-4.856405,s279.145665
157_145,s4.919565,s-0.630814,s300.814417
157_146,s2.065236,s4.472701,s349.236867
157_147,s-0.547071,s-4.959907,s121.391269
157_148,s-4.484560,s-3.141648,s33.616062
157_149,s-1.804094,s4.798460,s18.403581
157_150,s-1.824103,s-4.812280,s58.611707
157_151,s4.697954,s-2.055982,s265.179887
157_152,s-0.502940,s5.044044,s91.683688
157_153,s5.081270,s-1.121942,s227.803841
157_154,s3.784437,s3.985028,s184.428631
157_155,s2.487881,s-4.545115,s123.398217
157_156,s-4.914557,s2.013861,s150.086807
158_0,s0.260071,s0.225278,s210.382507
158_1,s-0.022960,s-0.345673,s55.481682
158_2,s-0.411201,s1.022958,s235.830935
158_3,s-1.015144,s0.058581,s183.652512
158_4,s0.697506,s-0.694097,s199.316486
158_5,s0.612898,s0.623370,s344.123322
158_6,s0.863871,s0.114057,s331.391533
158_7,s-0.702571,s0.357749,s13.702769
158_8,s-0.968956,s-1.182224,s34.734874
158_9,s-1.524861,s0.135738,s25.198806
158_10,s1.242655,s-0.223675,s168.468629
158_11,s-0.377350,s-0.863785,s192.319000
158_12,s-1.621782,s-0.392385,s60.952609
158_13,s0.403390,s-1.134457,s132.718423
158_14,s1.538132,s0.107084,s17.342903
158_15,s-1.104661,s-1.528516,s179.854489
158_16,s1.402680,s-1.288722,s127.585541
158_17,s0.775430,s1.509162,s323.996193
158_18,s1.635045,s-0.603114,s187.106620
158_19,s1.311626,s1.216692,s218.069908
158_20,s-0.725802,s1.934913,s247.962519
158_21,s0.151829,s-1.824009,s155.580640
158_22,s0.569268,s-2.064101,s287.129127
158_23,s2.077271,s0.163944,s244.615521
158_24,s-0.848752,s1.430397,s94.651460
158_25,s0.203281,s1.724573,s316.851035
158_26,s-1.501594,s-1.041908,s119.108650
158_27,s2.053522,s-0.952526,s290.056106
158_28,s-1.657728,s1.045495,s91.203740
158_29,s-1.950392,s-0.809203,s84.324985
158_30,s-1.473610,s1.721057,s349.481800
158_31,s0.475276,s-2.474120,s138.005294
158_32,s-2.216173,s0.692910,s165.494866
158_33,s2.210535,s0.671752,s329.546490
158_34,s1.852643,s1.543975,s43.782155
158_35,s-0.772285,s-2.585602,s69.984864
158_36,s1.801268,s-1.647586,s253.329595
158_37,s-0.466601,s-1.881228,s200.776198
158_38,s1.499040,s-2.117044,s194.073699
158_39,s-2.103734,s1.374428,s42.931991
158_40,s-1.696727,s-1.881606,s115.666843
158_41,s-1.344913,s2.809621,s110.769974
158_42,s-2.318751,s-1.339268,s138.312762
158_43,s1.060576,s-2.405209,s169.707760
158_44,s1.353598,s2.427756,s252.168346
158_45,s2.246063,s1.502531,s270.713007
158_46,s-0.762852,s-3.252347,s49.554653
158_47,s2.921617,s-0.620337,s232.402146
158_48,s-2.826476,s1.472887,s26.324296
158_49,s2.064312,s-2.139034,s200.629773
158_50,s-2.826156,s1.028378,s116.826258
158_51,s-1.817261,s-2.460576,s129.306908
158_52,s-0.336113,s-2.786533,s179.501804
158_53,s2.595132,s2.038990,s250.778259
158_54,s0.747958,s2.512815,s358.396666
158_55,s2.780126,s1.020733,s268.937719
158_56,s-0.324757,s2.287629,s268.014282
158_57,s1.452933,s2.866069,s302.072908
158_58,s-0.187228,s2.866951,s91.651561
158_59,s1.077196,s-3.364673,s206.147650
158_60,s-2.645699,s-2.211700,s90.331173
158_61,s-2.523459,s-0.400247,s59.194957
158_62,s2.515127,s-1.208055,s236.554444
158_63,s-2.830733,s-1.099803,s56.845772
158_64,s2.620086,s-1.987404,s292.226043
158_65,s3.299567,s1.498087,s256.465878
158_66,s3.255151,s0.154228,s74.678395
158_67,s-0.630181,s3.491401,s138.404960
158_68,s0.975140,s3.347583,s331.155159
158_69,s-1.696081,s-2.955014,s202.853746
158_70,s-3.494667,s0.415348,s110.374447
158_71,s-2.821727,s2.246616,s306.616831
158_72,s2.582401,s-2.525219,s230.130462
158_73,s-2.433153,s3.143240,s254.723152
158_74,s-2.622217,s-3.134350,s129.910143
158_75,s3.580196,s-1.810396,s316.812772
158_76,s-3.604872,s-1.144097,s226.586206
158_77,s0.337140,s-3.472150,s245.338916
158_78,s2.161506,s2.686279,s248.928683
158_79,s-3.570127,s1.066711,s96.999102
158_80,s1.762584,s-3.242112,s174.903806
158_81,s2.133999,s3.507467,s29.722714
158_82,s0.470236,s3.234569,s58.466056
158_83,s3.578511,s-0.281574,s345.021766
158_84,s-3.768524,s-0.355320,s275.842969
158_85,s2.316582,s-3.188243,s279.705405
158_86,s-1.354457,s3.336020,s49.314712
158_87,s3.177879,s2.627069,s191.793210
158_88,s-0.262213,s3.919069,s98.479994
158_89,s-3.608060,s-1.668972,s178.427082
158_90,s-2.739190,s2.802135,s54.806404
158_91,s3.798331,s1.754287,s341.496979
158_92,s-1.962385,s-3.394702,s135.071369
158_93,s0.795334,s-4.107286,s232.281515
158_94,s3.253498,s-2.374579,s209.575673
158_95,s2.505933,s3.317849,s234.504187
158_96,s0.295539,s3.934797,s261.070954
158_97,s-0.331644,s-3.798289,s192.885171
158_98,s3.669643,s0.848262,s287.214659
158_99,s3.882188,s-0.799199,s65.418737
158_100,s-4.145319,s-0.782376,s354.441989
158_101,s-3.298219,s2.752230,s144.799398
158_102,s4.287387,s-0.840175,s324.261600
158_103,s-1.150171,s4.006423,s54.529268
158_104,s4.331086,s-1.319827,s266.767380
158_105,s4.134975,s0.572264,s207.216221
158_106,s-4.347756,s-1.324332,s304.346510
158_107,s-3.047271,s-2.722714,s87.751512
158_108,s-3.337950,s1.691358,s91.456821
158_109,s2.625079,s-3.715850,s112.163919
158_110,s-0.926314,s-4.175402,s353.762658
158_111,s3.761970,s-2.333607,s255.301478
158_112,s-4.433482,s1.346492,s111.983138
158_113,s-4.513019,s0.706139,s259.993002
158_114,s-2.246439,s3.654594,s359.097762
158_115,s3.016215,s-3.638785,s316.111370
158_116,s-0.590316,s4.542211,s245.456372
158_117,s-2.791077,s-3.694272,s192.287740
158_118,s1.611267,s4.341459,s110.156863
158_119,s-0.794325,s-4.573268,s261.694047
158_120,s-2.791602,s3.801545,s84.428311
158_121,s3.348338,s3.006163,s327.177654
158_122,s-1.871105,s-4.002298,s281.048857
158_123,s-4.038560,s2.078182,s85.713172
158_124,s-4.041203,s-1.921140,s151.702328
158_125,s-4.140578,s-2.899715,s215.530104
158_126,s2.503161,s3.936502,s30.384721
158_127,s4.426959,s1.464282,s211.059998
158_128,s-4.880385,s0.240935,s253.963075
158_129,s0.656441,s4.560816,s274.889422
158_130,s1.768403,s-4.256813,s151.095864
158_131,s-4.592789,s-1.748564,s86.943495
158_132,s-3.962291,s2.646188,s350.444897
158_133,s3.938026,s2.668519,s308.942998
158_134,s4.296932,s-1.954529,s252.505394
158_135,s-1.141785,s4.542354,s353.666635
158_136,s-1.399291,s-4.449920,s113.573935
158_137,s4.272908,s1.985391,s268.872453
158_138,s-2.194251,s-4.307776,s128.923847
158_139,s0.851912,s-4.636933,s177.522327
158_140,s3.192108,s3.854373,s44.026649
158_141,s-1.172141,s-4.872798,s169.670115
158_142,s-4.943221,s-0.301490,s212.026311
158_143,s3.881311,s-3.283967,s130.415667
158_144,s-3.365831,s-3.826727,s125.038932
158_145,s2.052787,s4.768322,s85.231598
158_146,s2.271522,s-4.252042,s223.771137
158_147,s4.770433,s0.264915,s220.684088
158_148,s-5.223556,s0.441482,s117.676707
158_149,s3.254870,s-4.088798,s209.139065
158_150,s-2.133474,s4.747245,s93.159821
158_151,s-4.645299,s-2.521389,s104.423217
158_152,s4.848493,s-0.916053,s283.900045
158_153,s-0.458582,s-5.010086,s186.748065
158_154,s2.413866,s-4.971833,s268.795518
158_155,s-4.514513,s2.826959,s54.921250
158_156,s4.195852,s-2.966495,s304.880748
158_157,s5.122923,s0.772469,s325.918519
159_0,s0.040151,s-0.094354,s358.002351
159_1,s-0.166153,s0.797819,s288.396523
159_2,s-0.745822,s0.524138,s324.779291
159_3,s-0.971350,s0.167149,s118.278926
159_4,s-0.551626,s-0.314567,s122.079568
159_5,s-0.919267,s-1.001209,s258.938675
159_6,s0.035303,s-1.011336,s295.238123
159_7,s1.228002,s-1.342234,s34.167792
159_8,s1.392717,s-0.699071,s59.518462
159_9,s1.458588,s0.353983,s172.966583
159_10,s1.150531,s0.804801,s264.501997
159_11,s0.852556,s1.334212,s176.646802
159_12,s0.553644,s1.785897,s143.305997
159_13,s-0.213550,s1.355187,s15.415525
159_14,s-1.054290,s1.045423,s314.020046
159_15,s-1.449086,s0.662447,s62.236324
159_16,s-1.761408,s0.067375,s42.998913
159_17,s-1.979735,s-0.381504,s212.908085
159_18,s-1.293880,s-1.169817,s116.966512
159_19,s-1.331138,s-1.790504,s266.098816
159_20,s-0.361112,s-2.132111,s312.176030
159_21,s0.437292,s-1.333062,s222.146902
159_22,s1.175512,s-2.243375,s4.679202
159_23,s2.298115,s-0.963008,s102.065950
159_24,s1.787777,s-0.408959,s260.569306
159_25,s2.201454,s0.040752,s235.264824
159_26,s2.239696,s0.617157,s139.281312
159_27,s1.787965,s1.220294,s249.300073
159_28,s1.559282,s1.695458,s76.498344
159_29,s0.822970,s2.252193,s255.236924
159_30,s0.001565,s2.411501,s242.050156
159_31,s-0.559059,s2.299350,s12.930417
159_32,s-1.188791,s2.234338,s172.665252
159_33,s-1.621247,s1.364340,s351.069664
159_34,s-2.068972,s1.558595,s124.348714
159_35,s-2.651467,s0.550144,s326.726330
159_36,s-2.516429,s-0.303207,s24.600722
159_37,s-2.585162,s-0.680832,s207.575961
159_38,s-2.611704,s-1.779149,s301.066093
159_39,s-1.701706,s-2.054553,s185.217524
159_40,s-1.181277,s-2.486075,s305.938156
159_41,s-0.252481,s-2.601949,s177.513654
159_42,s0.407438,s-2.761093,s344.056382
159_43,s1.152079,s-2.925119,s34.899553
159_44,s1.557805,s-2.563558,s291.731532
159_45,s2.041823,s-2.020005,s346.687197
159_46,s2.745877,s-1.432554,s5.424644
159_47,s2.989908,s-0.547577,s189.269615
159_48,s2.954893,s0.329549,s191.257585
159_49,s2.673128,s0.692125,s338.204557
159_50,s2.710340,s1.571465,s89.278640
159_51,s2.121084,s2.099235,s289.661369
159_52,s1.628525,s2.452962,s318.273621
159_53,s0.940911,s2.932436,s212.201805
159_54,s0.282343,s2.924882,s315.865494
159_55,s-0.386702,s3.260923,s182.595286
159_56,s-1.195509,s3.018462,s204.732666
159_57,s-1.565067,s2.505004,s82.556786
159_58,s-2.401826,s2.105089,s266.690355
159_59,s-2.708166,s1.532014,s30.313085
159_60,s-3.024559,s0.946744,s15.818014
159_61,s-3.477743,s0.123510,s317.938196
159_62,s-3.043354,s-0.345698,s93.889827
159_63,s-2.945183,s-0.958305,s81.157734
159_64,s-3.109039,s-1.996058,s14.018172
159_65,s-2.191128,s-2.316685,s126.434373
159_66,s-1.812202,s-2.967325,s113.371707
159_67,s-0.958017,s-3.129822,s83.412162
159_68,s-0.963236,s-3.757419,s309.186085
159_69,s0.313016,s-3.759203,s71.295477
159_70,s0.470297,s-3.149445,s234.729125
159_71,s1.799361,s-3.255177,s98.580800
159_72,s2.504896,s-2.939052,s86.014399
159_73,s2.532462,s-2.245328,s212.374272
159_74,s3.117219,s-2.234793,s15.645349
159_75,s3.525656,s-1.000104,s145.447435
159_76,s3.568754,s-0.455198,s217.313134
159_77,s3.739844,s0.178998,s132.523636
159_78,s3.497746,s0.918431,s227.385401
159_79,s3.176257,s1.372719,s272.495383
159_80,s3.158413,s1.953629,s343.085872
159_81,s2.514514,s2.867221,s230.274423
159_82,s1.972720,s3.474760,s242.926966
159_83,s1.463800,s3.298730,s22.399520
159_84,s0.925294,s3.853527,s69.286259
159_85,s-0.171661,s4.094538,s187.708924
159_86,s-0.605012,s3.789198,s116.420088
159_87,s-1.476244,s3.542016,s114.926840
159_88,s-2.258838,s4.094248,s186.611623
159_89,s-2.624686,s2.640013,s326.427442
159_90,s-3.542165,s2.406683,s283.257324
159_91,s-4.018423,s1.889160,s274.530984
159_92,s-3.684969,s0.831921,s15.323227
159_93,s-3.860687,s0.347096,s39.085353
159_94,s-4.256147,s-0.557348,s341.867851
159_95,s-3.677492,s-1.229076,s38.457036
159_96,s-3.753906,s-2.046207,s338.160080
159_97,s-3.511934,s-2.528545,s293.515535
159_98,s-2.860688,s-3.035312,s93.331968
159_99,s-2.668722,s-3.554957,s274.737957
159_100,s-1.596575,s-3.823772,s84.024718
159_101,s-1.232153,s-4.003099,s198.579329
159_102,s-0.363471,s-4.321633,s7.908641
159_103,s0.093587,s-4.381840,s286.255610
159_104,s1.207888,s-3.966387,s140.101950
159_105,s1.784241,s-3.914359,s55.389822
159_106,s2.290276,s-3.602336,s166.119965
159_107,s3.051549,s-3.035221,s154.087544
159_108,s3.632608,s-2.664180,s79.109451
159_109,s3.748261,s-2.022718,s229.164893
159_110,s4.085821,s-1.335565,s182.780256
159_111,s4.293686,s-0.877200,s314.990143
159_112,s4.438862,s-0.076588,s139.966209
159_113,s4.424953,s0.716291,s145.875952
159_114,s4.259276,s1.616382,s189.655473
159_115,s4.236593,s2.203118,s146.216417
159_116,s3.800921,s2.669175,s164.800312
159_117,s3.318163,s2.917564,s37.778743
159_118,s3.024411,s3.831754,s79.226502
159_119,s1.824321,s4.522993,s232.890287
159_120,s1.103023,s4.358109,s307.455404
159_121,s0.245038,s4.739603,s268.171860
159_122,s-0.161098,s4.596468,s110.383695
159_123,s-0.952799,s4.583921,s74.316779
159_124,s-1.594226,s4.210968,s25.583218
159_125,s-2.122951,s4.557458,s101.508881
159_126,s-2.766374,s3.805648,s122.554600
159_127,s-3.661364,s3.149706,s232.856222
159_128,s-3.912107,s2.719526,s108.860824
159_129,s-4.382359,s2.116246,s118.400153
159_130,s-4.728022,s1.411471,s297.471153
159_131,s-4.862669,s0.605829,s314.755888
159_132,s-5.056559,s0.080858,s251.656852
159_133,s-5.067481,s-0.678289,s258.661201
159_134,s-4.581678,s-1.358313,s158.245906
159_135,s-4.419755,s-2.395552,s338.217813
159_136,s-3.926657,s-2.807990,s123.658005
159_137,s-3.831675,s-3.357186,s218.097969
159_138,s-3.137683,s-3.802402,s223.015515
159_139,s-2.302136,s-4.361704,s131.760609
159_140,s-1.775179,s-4.362389,s171.297954
159_141,s-1.547927,s-5.101736,s291.442737
159_142,s-0.073863,s-5.064658,s68.322718
159_143,s0.638298,s-4.977570,s133.629626
159_144,s1.012093,s-4.916535,s325.228618
159_145,s1.798244,s-4.868320,s21.443617
159_146,s2.371288,s-4.508408,s261.530083
159_147,s2.907218,s-4.240871,s352.019081
159_148,s3.843627,s-3.488808,s85.816520
159_149,s4.327948,s-3.215213,s58.868356
159_150,s4.518684,s-2.463909,s207.951819
159_151,s4.783508,s-1.788195,s221.687183
159_152,s5.045308,s-1.062702,s120.337170
159_153,s5.157947,s-0.429731,s320.851299
159_154,s5.091045,s0.303939,s92.542887
159_155,s5.072721,s1.072177,s219.507719
159_156,s4.859660,s1.706847,s241.224479
159_157,s4.818570,s2.179039,s37.493463
159_158,s4.051587,s3.235355,s229.878373
160_0,s0.043390,s0.002339,s287.280626
160_1,s-0.490705,s-0.213214,s201.153073
160_2,s-0.139331,s0.432290,s89.655178
160_3,s0.329728,s-0.438816,s238.358596
160_4,s-0.758832,s-0.640554,s111.532550
160_5,s0.346100,s-0.925270,s155.978184
160_6,s0.221100,s0.660234,s242.563271
160_7,s-0.278458,s-1.265368,s197.711537
160_8,s0.137342,s0.983409,s30.873822
160_9,s-0.688711,s0.777425,s342.835916
160_10,s1.108547,s0.616946,s237.889052
160_11,s0.670893,s0.868064,s294.780042
160_12,s-1.140086,s0.450430,s26.765305
160_13,s0.993048,s-1.236190,s328.461244
160_14,s-1.246278,s-0.245545,s155.736980
160_15,s-1.659134,s0.257035,s101.274461
160_16,s-0.860498,s-1.233711,s116.447978
160_17,s-0.844798,s1.455570,s78.135191
160_18,s0.666013,s1.501051,s64.669984
160_19,s0.589300,s-1.639957,s216.892405
160_20,s1.719899,s-0.507981,s205.127664
160_21,s1.395983,s1.353030,s281.054284
160_22,s1.675554,s0.674285,s307.568679
160_23,s-0.684048,s-1.752115,s186.686341
160_24,s0.733188,s2.057188,s330.252102
160_25,s2.120114,s0.190899,s328.549075
160_26,s-2.144549,s0.580587,s54.434532
160_27,s1.472574,s-1.288171,s219.235418
160_28,s0.109867,s-2.076084,s169.166260
160_29,s-1.651932,s-1.277296,s96.568794
160_30,s-1.885646,s-0.616467,s145.328777
160_31,s-0.680961,s2.187871,s132.838897
160_32,s-1.853396,s1.311798,s350.821167
160_33,s2.411241,s-0.776682,s153.710020
160_34,s-1.286270,s-1.898156,s118.223365
160_35,s-0.132379,s1.981095,s356.795065
160_36,s-1.143119,s-2.419060,s157.502971
160_37,s-2.392268,s-0.518915,s86.147628
160_38,s1.256036,s2.017006,s255.452480
160_39,s-2.097499,s-1.684262,s180.894231
160_40,s-1.167726,s2.332280,s25.309385
160_41,s-2.302648,s1.630869,s110.005076
160_42,s-0.390083,s2.696870,s75.894480
160_43,s1.808932,s2.229616,s330.890035
160_44,s2.299025,s1.669656,s351.103925
160_45,s0.729572,s-2.739227,s312.089680
160_46,s2.928943,s1.215707,s80.766900
160_47,s2.687686,s-0.509921,s237.047558
160_48,s-2.020171,s2.114223,s60.930893
160_49,s2.218644,s-1.725326,s270.407126
160_50,s-0.598671,s-2.660682,s241.225701
160_51,s1.465602,s-2.706643,s308.667522
160_52,s-2.892392,s0.510410,s214.705181
160_53,s-2.649093,s-0.972862,s184.170615
160_54,s0.372198,s-3.143049,s112.727525
160_55,s1.120307,s2.857310,s276.240414
160_56,s-2.972773,s1.020881,s132.916942
160_57,s-1.940701,s2.627992,s17.957732
160_58,s2.743120,s1.944926,s284.725975
160_59,s2.792083,s0.197878,s215.097598
160_60,s2.441807,s-2.144326,s185.846597
160_61,s-0.768204,s3.164799,s350.140004
160_62,s-0.653681,s-3.150337,s198.398300
160_63,s3.056906,s0.749158,s216.614638
160_64,s-1.501851,s3.188688,s304.796698
160_65,s0.621278,s2.880809,s145.444271
160_66,s-2.228323,s-2.744373,s269.284549
160_67,s1.213858,s-3.105730,s125.574304
160_68,s-3.305846,s-0.753764,s210.962984
160_69,s-2.746205,s-2.099740,s62.570086
160_70,s3.300461,s-1.471574,s163.068814
160_71,s1.637709,s-3.335249,s316.182413
160_72,s0.654237,s3.453126,s103.677040
160_73,s3.561070,s-1.050116,s254.679990
160_74,s-2.718706,s-2.454602,s176.687519
160_75,s3.474754,s0.946479,s337.272793
160_76,s-3.852827,s-0.957574,s118.237269
160_77,s1.830757,s3.269563,s303.928804
160_78,s-3.337118,s2.129462,s225.745197
160_79,s-1.074804,s-3.473459,s159.711353
160_80,s2.594711,s2.585757,s311.075891
160_81,s2.078529,s-3.509670,s203.665227
160_82,s0.162096,s-3.758493,s128.537871
160_83,s2.851599,s-2.634518,s300.685119
160_84,s0.882676,s3.824523,s324.971413
160_85,s-1.918444,s-3.235947,s224.086920
160_86,s-3.593717,s1.270579,s172.693792
160_87,s-1.366202,s3.715783,s33.682564
160_88,s-2.415065,s2.901797,s102.463141
160_89,s3.697524,s1.829491,s314.518970
160_90,s3.747765,s0.560344,s222.257543
160_91,s-1.169089,s4.161064,s298.754180
160_92,s0.045392,s3.942014,s289.861293
160_93,s-3.633344,s-0.463661,s57.434257
160_94,s-1.964520,s3.575497,s92.535366
160_95,s-4.103789,s0.629483,s43.459277
160_96,s-3.450587,s-2.818048,s335.263844
160_97,s3.575462,s-2.113554,s258.386208
160_98,s-3.286330,s2.809416,s118.902318
160_99,s-1.893004,s-3.812834,s182.606375
160_100,s-2.408545,s-3.864809,s158.348362
160_101,s1.489236,s-3.722724,s137.345711
160_102,s-3.641875,s-1.610905,s99.934525
160_103,s1.381491,s3.322648,s8.304802
160_104,s3.510178,s2.365009,s355.386459
160_105,s3.505114,s-2.749986,s124.273392
160_106,s4.118377,s1.259577,s195.106222
160_107,s2.416998,s-3.078730,s220.578041
160_108,s-3.222051,s-3.147626,s199.183958
160_109,s1.342887,s-4.395691,s187.774087
160_110,s2.998458,s3.294665,s44.139906
160_111,s-4.343454,s2.040995,s260.586709
160_112,s4.488631,s0.324728,s171.669108
160_113,s-2.845973,s3.681021,s358.994117
160_114,s0.348038,s-4.247904,s170.613262
160_115,s4.124885,s-1.509683,s224.738495
160_116,s-3.856358,s-2.205495,s86.082135
160_117,s-4.169787,s1.373938,s68.014330
160_118,s-3.723570,s-3.147226,s105.145826
160_119,s4.750451,s-0.325061,s200.310407
160_120,s3.105478,s-3.779389,s164.139678
160_121,s-0.877868,s4.730070,s54.773306
160_122,s-0.577060,s-4.067725,s120.857847
160_123,s1.786383,s3.919489,s302.286783
160_124,s4.571614,s1.375920,s347.222967
160_125,s0.908886,s-4.686194,s144.970781
160_126,s3.906011,s-2.706650,s301.945456
160_127,s-4.593835,s-0.400046,s190.919089
160_128,s4.796345,s0.806519,s232.096026
160_129,s3.522945,s3.411012,s16.630209
160_130,s3.397012,s-3.393503,s296.319868
160_131,s-3.669521,s3.142339,s356.615503
160_132,s-0.274987,s4.544489,s304.091777
160_133,s-1.707295,s4.785177,s144.456627
160_134,s2.776745,s3.996398,s317.322210
160_135,s4.640202,s-1.104620,s192.035216
160_136,s-4.821956,s-0.986134,s84.338356
160_137,s3.816510,s-3.658118,s211.959539
160_138,s-4.619638,s0.442617,s105.678372
160_139,s-1.206493,s-4.698502,s208.453578
160_140,s1.685212,s4.940850,s210.752559
160_141,s-4.721497,s2.106569,s146.397543
160_142,s-4.165451,s3.190388,s140.448500
160_143,s2.317241,s-4.430134,s165.075401
160_144,s4.526475,s2.452498,s45.306771
160_145,s-1.830486,s-4.836253,s164.371675
160_146,s5.145430,s-1.174753,s286.263950
160_147,s-2.295348,s-4.937441,s125.082116
160_148,s5.180100,s1.201246,s307.333951
160_149,s4.077124,s3.320508,s243.247491
160_150,s2.793286,s-4.616300,s208.260347
160_151,s4.960285,s2.123433,s344.347760
160_152,s-4.978267,s-2.079975,s191.551606
160_153,s-3.348959,s4.248719,s112.179559
160_154,s-3.487581,s-3.888453,s211.284842
160_155,s-2.373760,s4.283906,s50.995147
160_156,s-5.095821,s-1.628524,s66.611247
160_157,s-4.046521,s-3.713037,s96.874592
160_158,s1.201953,s4.750881,s18.261229
160_159,s-2.264356,s4.897291,s73.609596
161_0,s0.000000,s0.000000,s346.244073
161_1,s-0.325262,s-0.379743,s29.254408
161_2,s0.582608,s-0.143417,s125.892313
161_3,s-0.628073,s0.644612,s72.292402
161_4,s-0.839520,s-0.324356,s59.844676
161_5,s0.518944,s0.301160,s318.649317
161_6,s0.622252,s-0.650232,s152.891681
161_7,s-0.338139,s1.203396,s64.766866
161_8,s-0.703476,s-0.779501,s169.374939
161_9,s0.573904,s0.938421,s67.208631
161_10,s1.073110,s0.413442,s276.824582
161_11,s-1.257364,s-0.615659,s101.130133
161_12,s1.235013,s-0.759764,s38.515730
161_13,s0.592609,s-1.377975,s193.308113
161_14,s0.331838,s1.462834,s35.869144
161_15,s0.978270,s1.137096,s10.068786
161_16,s-1.532597,s0.735627,s172.148469
161_17,s-1.279219,s-1.194194,s183.294299
161_18,s-1.487815,s1.099503,s44.696420
161_19,s1.525239,s0.857989,s4.797371
161_20,s1.078703,s-1.502964,s280.371805
161_21,s1.639514,s-0.742964,s225.789517
161_22,s-0.779859,s1.895869,s249.015057
161_23,s-0.407976,s-1.339237,s193.075652
161_24,s1.133730,s1.943491,s356.934878
161_25,s-1.347458,s1.739068,s329.522406
161_26,s2.174970,s-0.748001,s316.132257
161_27,s-1.834315,s-0.240393,s17.185608
161_28,s1.219419,s-2.008860,s234.023436
161_29,s-1.737460,s-1.349530,s75.957846
161_30,s2.075124,s0.730659,s6.135181
161_31,s0.696173,s-2.296812,s194.938989
161_32,s0.142754,s2.395751,s211.238564
161_33,s1.870442,s-1.733190,s277.023768
161_34,s-1.982171,s0.832765,s121.386947
161_35,s-0.289960,s-2.332043,s156.394755
161_36,s-1.431621,s-2.170360,s272.699521
161_37,s2.025627,s1.933089,s203.379041
161_38,s-0.280293,s2.584847,s7.895742
161_39,s2.607462,s0.873866,s262.324944
161_40,s-2.129390,s1.894254,s26.845419
161_41,s-1.037288,s-2.546867,s198.797340
161_42,s1.136244,s-2.668136,s270.889346
161_43,s2.683784,s-0.959065,s246.072854
161_44,s-2.584002,s-0.587736,s277.019319
161_45,s1.455885,s2.680093,s260.276063
161_46,s-1.631491,s-2.517586,s134.075242
161_47,s0.295835,s2.734041,s337.729248
161_48,s2.393342,s0.178644,s241.102988
161_49,s-1.975340,s-1.840661,s87.211241
161_50,s-1.513860,s2.235672,s15.653356
161_51,s0.360768,s-2.625328,s108.407565
161_52,s2.475715,s-2.105549,s143.687860
161_53,s-2.582539,s0.944984,s354.783177
161_54,s2.448669,s2.500804,s332.068361
161_55,s-2.896066,s-1.105804,s6.676154
161_56,s0.374475,s-3.127662,s205.977659
161_57,s1.133083,s2.992678,s325.956075
161_58,s-1.197231,s3.235605,s277.461437
161_59,s2.539329,s1.947257,s262.737965
161_60,s-0.419431,s-3.172393,s155.639686
161_61,s-1.406216,s-3.040568,s221.518151
161_62,s1.907382,s2.994059,s322.200961
161_63,s-3.082831,s0.857992,s153.872066
161_64,s-2.721732,s1.953120,s5.523544
161_65,s3.417263,s0.474144,s320.458078
161_66,s2.956227,s-1.466534,s192.598846
161_67,s1.568826,s-3.128703,s129.488237
161_68,s-3.058072,s-1.802969,s197.042719
161_69,s2.327388,s-2.811719,s225.434749
161_70,s3.262959,s-0.758682,s270.941619
161_71,s-1.999396,s2.811568,s94.678801
161_72,s3.067034,s1.347517,s249.579649
161_73,s-3.400090,s1.327360,s313.262127
161_74,s-2.547044,s-2.544124,s124.423048
161_75,s-3.494138,s-1.055223,s191.155213
161_76,s-1.264984,s3.689148,s78.864850
161_77,s-3.261933,s1.949306,s54.181758
161_78,s-3.594342,s0.877897,s111.793331
161_79,s-2.463441,s3.151421,s351.936892
161_80,s3.477539,s-2.075866,s323.223593
161_81,s-3.269238,s-0.449535,s98.781523
161_82,s3.337995,s2.111940,s277.214933
161_83,s3.103427,s2.523637,s350.751071
161_84,s3.726451,s-0.419602,s337.334832
161_85,s-1.596907,s-3.503197,s136.016194
161_86,s1.451346,s3.834527,s358.372420
161_87,s-0.837208,s3.655350,s336.116403
161_88,s1.058344,s-3.909272,s161.501849
161_89,s-3.647062,s0.146422,s74.229340
161_90,s-3.951031,s1.269588,s353.705278
161_91,s2.983793,s-2.432999,s221.974123
161_92,s-2.446737,s-3.164408,s194.131821
161_93,s-3.210822,s2.629282,s355.109174
161_94,s-3.845928,s-1.559274,s169.369075
161_95,s-3.348998,s-2.853807,s105.490233
161_96,s0.458256,s3.772267,s244.853209
161_97,s-1.305238,s-3.992036,s222.260645
161_98,s4.231515,s-1.008355,s297.061744
161_99,s0.867341,s4.160555,s13.182768
161_100,s-0.265500,s-3.690462,s254.333998
161_101,s1.759844,s-3.647664,s201.604101
161_102,s3.665885,s-2.433369,s207.862230
161_103,s-4.223457,s-0.807720,s273.587709
161_104,s-0.827050,s4.423346,s38.499396
161_105,s-4.411654,s1.469628,s88.066000
161_106,s3.063443,s-3.296258,s236.678412
161_107,s2.611638,s-3.847317,s282.305544
161_108,s4.092606,s1.145896,s358.364647
161_109,s4.418234,s0.853936,s263.662194
161_110,s1.900843,s3.745237,s269.182278
161_111,s-2.865581,s-3.598395,s218.841504
161_112,s-3.581363,s3.344224,s151.017674
161_113,s3.648447,s3.119108,s17.863463
161_114,s-1.884849,s-4.468763,s332.124777
161_115,s-3.307145,s-3.478906,s63.773661
161_116,s0.225044,s4.193967,s143.213378
161_117,s4.224348,s2.580191,s260.713934
161_118,s4.001880,s-2.165053,s260.704085
161_119,s-4.336648,s-1.678090,s134.372130
161_120,s2.269385,s-4.229644,s255.744827
161_121,s-2.431687,s4.022051,s328.366474
161_122,s-4.217350,s1.958688,s30.431709
161_123,s2.335913,s4.250413,s76.067529
161_124,s3.001427,s3.616827,s30.582834
161_125,s-0.189842,s-4.195707,s139.089956
161_126,s-3.278673,s3.840938,s251.832265
161_127,s4.611055,s1.503554,s215.745005
161_128,s5.050655,s-0.707732,s308.503736
161_129,s0.880297,s5.074207,s333.240797
161_130,s2.850494,s4.408762,s321.930356
161_131,s1.666354,s-4.501474,s227.473862
161_132,s-4.271185,s-2.786930,s117.054693
161_133,s4.624018,s-1.621252,s302.485669
161_134,s-3.079511,s-4.065293,s142.545579
161_135,s-1.815574,s-5.032513,s46.850013
161_136,s-2.875445,s4.272507,s13.392177
161_137,s-4.666034,s-0.889172,s126.465488
161_138,s1.882108,s4.740007,s10.049764
161_139,s-3.772194,s-3.722976,s137.556745
161_140,s1.547129,s-4.964513,s182.218991
161_141,s0.945658,s-4.909759,s209.881113
161_142,s-0.589638,s-5.015459,s186.252070
161_143,s-2.643506,s-4.535899,s141.163739
161_144,s-5.292797,s1.070656,s4.408032
161_145,s5.146962,s1.459892,s249.664794
161_146,s3.200380,s-4.224638,s293.305471
161_147,s-3.439325,s4.227711,s80.269726
161_148,s-1.727065,s4.798671,s12.619114
161_149,s4.268667,s3.141415,s338.126252
161_150,s3.574219,s4.047834,s327.533329
161_151,s4.390434,s-2.595012,s173.888562
161_152,s-4.427061,s-3.429450,s111.984333
161_153,s-4.013584,s3.760471,s163.415127
161_154,s-1.408702,s5.368245,s289.995026
161_155,s0.545749,s-5.171282,s179.487372
161_156,s-2.637219,s4.769442,s307.490411
161_157,s0.842096,s5.738543,s63.950151
161_158,s-4.868083,s-2.559643,s85.026138
161_159,s5.155706,s-1.766691,s238.292151
161_160,s-5.338908,s-1.689989,s75.215808
162_0,s-0.125142,s0.094426,s136.902854
162_1,s0.107620,s0.500308,s342.553637
162_2,s0.331819,s-0.415678,s315.014619
162_3,s-0.489532,s0.562899,s101.296530
162_4,s0.755436,s0.452753,s21.533875
162_5,s-0.969271,s-0.452565,s341.119808
162_6,s0.027528,s-0.734153,s83.377128
162_7,s0.869277,s-0.508397,s270.268476
162_8,s-1.170762,s0.788445,s74.661640
162_9,s0.548769,s-0.807596,s212.046591
162_10,s1.098665,s0.158015,s235.929152
162_11,s-0.183035,s0.960846,s2.769435
162_12,s-0.561294,s-1.005449,s116.078375
162_13,s-1.206472,s0.202756,s112.709312
162_14,s-1.222374,s-0.805340,s133.514922
162_15,s1.274119,s0.830503,s209.112802
162_16,s1.232857,s1.375257,s82.559691
162_17,s0.539611,s-1.432395,s100.634655
162_18,s1.159629,s-1.181989,s288.667337
162_19,s-0.928240,s-1.563631,s188.086503
162_20,s1.861190,s0.362409,s240.094305
162_21,s-1.767040,s0.368081,s74.217294
162_22,s0.085487,s1.643892,s318.185328
162_23,s-0.511511,s2.003928,s134.822209
162_24,s-1.289316,s1.428317,s121.722625
162_25,s1.816188,s-0.414170,s248.251193
162_26,s0.752699,s1.882341,s283.115978
162_27,s1.924757,s1.131948,s302.358011
162_28,s-1.775887,s-0.680497,s26.176670
162_29,s-1.230996,s1.920734,s349.235258
162_30,s-1.455598,s-1.649857,s61.999147
162_31,s0.902235,s-2.024473,s138.145527
162_32,s-0.480070,s-1.796978,s254.136982
162_33,s0.612802,s2.521060,s293.194438
162_34,s-2.283810,s0.893008,s37.120788
162_35,s-0.074284,s2.118355,s344.303981
162_36,s1.304985,s-1.851900,s264.526422
162_37,s-1.818806,s1.786205,s355.219734
162_38,s2.159197,s-1.263270,s243.587522
162_39,s-2.430215,s-0.412874,s359.729828
162_40,s-0.175806,s-2.338946,s117.912173
162_41,s-2.113985,s-1.127106,s68.888522
162_42,s-1.416358,s-2.061286,s156.037037
162_43,s1.431679,s-2.473240,s132.411737
162_44,s2.851398,s0.738111,s157.388248
162_45,s1.849053,s1.905316,s34.909713
162_46,s2.736997,s-0.952320,s321.056271
162_47,s-2.303139,s-1.661862,s223.004162
162_48,s-0.513452,s2.539678,s44.160640
162_49,s-2.451826,s1.808447,s325.925083
162_50,s-2.643592,s-1.309400,s108.327454
162_51,s2.343473,s-1.857601,s157.642849
162_52,s0.251793,s3.080668,s299.890225
162_53,s-2.974090,s-0.347111,s65.041605
162_54,s0.282434,s-2.661770,s184.867559
162_55,s-2.908468,s0.776344,s191.138158
162_56,s-1.345236,s2.727088,s63.640331
162_57,s-2.357908,s-2.158049,s178.909866
162_58,s-0.259361,s3.081254,s43.937230
162_59,s2.099945,s2.517498,s219.394821
162_60,s-2.989405,s1.158437,s70.621383
162_61,s-0.834423,s-2.914598,s216.006732
162_62,s1.613009,s-3.084949,s106.523605
162_63,s3.271292,s0.971304,s59.757038
162_64,s-1.448954,s-3.169985,s51.745399
162_65,s2.536281,s-2.535725,s290.675090
162_66,s2.756937,s1.710486,s296.580180
162_67,s3.274705,s-0.881721,s261.525354
162_68,s1.655936,s2.812438,s343.351217
162_69,s-2.679022,s2.405342,s111.030197
162_70,s2.376395,s3.037366,s269.869347
162_71,s-1.322171,s3.211539,s19.347106
162_72,s3.400944,s0.553294,s250.355071
162_73,s1.286473,s-3.672640,s91.478068
162_74,s3.082992,s-1.874880,s0.756168
162_75,s1.926255,s-2.888255,s244.889137
162_76,s-3.091995,s-1.869620,s121.489388
162_77,s-3.282727,s0.400467,s98.338714
162_78,s-3.317137,s-0.855409,s168.068343
162_79,s1.083506,s3.460954,s348.708474
162_80,s0.194998,s-3.549605,s171.634061
162_81,s2.968051,s2.356545,s333.199733
162_82,s-2.130856,s-3.078892,s161.259202
162_83,s-2.199221,s2.680474,s41.630969
162_84,s-2.689425,s-2.724160,s68.804285
162_85,s-3.754867,s-1.511752,s114.597937
162_86,s-3.760436,s0.846770,s114.713357
162_87,s-0.976649,s3.658316,s4.525484
162_88,s-3.937053,s-0.575616,s200.659089
162_89,s3.284000,s1.565151,s255.331155
162_90,s3.487355,s-1.474123,s293.444397
162_91,s-1.922825,s3.363551,s343.425428
162_92,s3.966862,s-1.826674,s124.950528
162_93,s-1.627003,s-3.539107,s122.075049
162_94,s-2.509725,s3.413972,s328.251686
162_95,s2.142466,s3.530177,s52.184893
162_96,s-4.195403,s-1.135426,s65.661754
162_97,s-1.404258,s-3.983464,s152.800285
162_98,s2.730000,s-3.454386,s202.495345
162_99,s0.462118,s-4.071003,s239.408543
162_100,s3.269226,s-2.568038,s234.244108
162_101,s-0.663555,s4.128951,s298.885747
162_102,s-2.635000,s-3.608976,s65.007122
162_103,s-0.935011,s-4.056402,s355.388923
162_104,s-4.021623,s-2.025350,s191.025058
162_105,s-3.368176,s2.610133,s318.948229
162_106,s3.832195,s2.400611,s169.280670
162_107,s-3.758624,s2.596848,s65.996015
162_108,s1.342732,s4.587814,s249.098754
162_109,s3.885537,s-2.418330,s254.983294
162_110,s1.813230,s-3.433308,s179.390087
162_111,s-4.191162,s-0.315250,s7.076486
162_112,s3.591132,s-0.503427,s306.381216
162_113,s0.635447,s-4.721978,s256.896858
162_114,s4.311884,s0.858545,s15.870520
162_115,s3.503670,s3.429854,s180.550305
162_116,s-3.961317,s2.084440,s92.549176
162_117,s-1.493179,s4.160567,s2.059120
162_118,s2.533253,s3.666629,s230.711469
162_119,s4.194700,s-0.806935,s293.142465
162_120,s4.411611,s1.590261,s335.325932
162_121,s-0.578679,s-4.436746,s270.576584
162_122,s-2.979978,s3.483534,s131.897095
162_123,s-4.400056,s1.440283,s258.669099
162_124,s-0.466395,s-4.905145,s141.793603
162_125,s4.379935,s0.091332,s338.978263
162_126,s-3.667716,s-3.063652,s76.143162
162_127,s3.400269,s-3.107359,s149.627132
162_128,s-0.408684,s4.687206,s55.354744
162_129,s-4.732978,s0.809813,s133.796286
162_130,s2.210748,s4.163883,s289.587226
162_131,s4.611185,s-1.058777,s256.004216
162_132,s-2.703131,s4.177846,s270.216490
162_133,s2.154141,s-3.872240,s233.096843
162_134,s4.001253,s2.725264,s260.495124
162_135,s3.805232,s-3.255503,s205.546805
162_136,s1.458893,s4.996329,s291.093514
162_137,s4.371854,s-1.831295,s248.096486
162_138,s-3.662904,s3.272437,s101.816858
162_139,s-1.114678,s-4.843925,s82.558217
162_140,s4.898272,s0.698847,s236.729708
162_141,s1.852584,s-4.441042,s206.920590
162_142,s-2.371908,s4.618638,s287.657349
162_143,s-3.464320,s-3.491898,s134.654692
162_144,s-2.380444,s-4.169924,s182.118394
162_145,s-4.632542,s-1.668632,s96.877773
162_146,s3.258885,s-3.983381,s253.456732
162_147,s4.948145,s2.059869,s268.933356
162_148,s-3.250096,s3.983375,s338.758109
162_149,s-3.140071,s-3.959076,s215.067267
162_150,s-4.952655,s1.706247,s208.546240
162_151,s-2.664619,s-4.766765,s147.666278
162_152,s4.782496,s1.208703,s272.592325
162_153,s-4.659790,s2.577406,s144.768662
162_154,s0.465585,s-5.205566,s112.543997
162_155,s3.135558,s3.897465,s256.088050
162_156,s-4.788542,s-0.450440,s350.215900
162_157,s2.437635,s-4.746321,s228.629549
162_158,s3.019878,s4.659552,s13.832222
162_159,s-0.876345,s5.349149,s317.999176
162_160,s4.390198,s-2.899104,s207.681930
162_161,s3.969539,s3.625203,s295.148512
163_0,s0.000000,s0.000000,s152.269276
163_1,s-0.503626,s0.221045,s38.078312
163_2,s0.430351,s0.131521,s35.145607
163_3,s0.206027,s-0.455580,s189.831352
163_4,s-0.802862,s-0.406710,s25.709083
163_5,s-0.355183,s-0.805707,s103.522112
163_6,s1.082019,s-0.198079,s131.681967
163_7,s-0.477344,s0.762983,s303.985433
163_8,s0.930535,s0.757697,s93.168766
163_9,s1.276188,s0.247677,s1.699343
163_10,s1.005377,s-0.900954,s309.933459
163_11,s-0.797964,s1.026281,s30.245748
163_12,s-0.306842,s-1.365961,s210.116407
163_13,s0.772096,s-1.275258,s111.473012
163_14,s-0.866324,s-1.285295,s159.733952
163_15,s-0.431971,s1.644202,s237.833950
163_16,s-1.167345,s0.446997,s62.503522
163_17,s0.590632,s1.647317,s173.234811
163_18,s-1.591942,s0.160380,s91.442355
163_19,s-1.310379,s-0.620811,s108.945632
163_20,s1.044527,s1.145192,s353.447397
163_21,s0.694814,s-1.768399,s170.903176
163_22,s1.619709,s0.662604,s267.540861
163_23,s1.726074,s-0.907287,s300.645737
163_24,s1.160147,s-1.441027,s272.676616
163_25,s-1.392263,s-1.218238,s94.470883
163_26,s1.928306,s1.159369,s253.052588
163_27,s-1.674803,s1.348159,s217.985854
163_28,s1.433839,s1.602063,s276.767532
163_29,s-2.039702,s0.824389,s148.187354
163_30,s-0.401358,s-1.908248,s163.179275
163_31,s-0.820240,s1.824063,s2.262068
163_32,s-1.666327,s-1.796066,s70.296178
163_33,s-1.484005,s1.841492,s325.094501
163_34,s1.170125,s2.037967,s50.948991
163_35,s-2.228897,s-0.567466,s178.359194
163_36,s-2.013800,s1.395388,s61.023959
163_37,s2.041991,s-1.527342,s288.598092
163_38,s1.424266,s-1.833998,s181.026098
163_39,s-0.895432,s-2.494134,s138.916096
163_40,s-2.724898,s0.644153,s11.737650
163_41,s2.556429,s1.369186,s276.196044
163_42,s-2.584240,s-1.077823,s100.488098
163_43,s0.231845,s-2.539438,s156.856558
163_44,s1.698819,s2.098574,s289.042162
163_45,s2.467285,s0.366182,s159.484879
163_46,s-1.534369,s-2.342160,s332.048438
163_47,s0.636866,s2.829205,s105.310762
163_48,s-2.524374,s-0.360607,s40.830672
163_49,s2.736733,s-0.269804,s162.513747
163_50,s-1.947847,s2.411616,s302.036489
163_51,s2.979115,s0.353375,s334.987834
163_52,s0.681749,s-2.857850,s254.641982
163_53,s2.839095,s-1.114469,s292.640749
163_54,s-2.442215,s-1.909342,s79.334293
163_55,s-2.491598,s2.029598,s39.888356
163_56,s1.795145,s-2.340930,s258.567187
163_57,s1.660440,s2.617812,s303.369747
163_58,s0.333570,s-3.435421,s273.634013
163_59,s-2.049682,s-2.325683,s184.963706
163_60,s-0.947892,s2.898966,s274.193463
163_61,s-3.213386,s0.486465,s149.712511
163_62,s-3.181368,s1.049476,s109.499496
163_63,s-1.603535,s2.998112,s19.287913
163_64,s2.692552,s1.907922,s14.351136
163_65,s3.746223,s0.639976,s32.255977
163_66,s2.503456,s-1.828308,s264.821368
163_67,s1.895979,s-2.822280,s163.880092
163_68,s-0.996351,s-3.093507,s196.844108
163_69,s-2.926109,s1.631069,s66.829432
163_70,s-3.064290,s-0.729811,s355.056873
163_71,s0.981784,s3.202905,s253.907751
163_72,s2.958719,s-2.384530,s128.058650
163_73,s-3.475655,s-0.937987,s81.108665
163_74,s-2.936911,s-2.331750,s47.538640
163_75,s1.382188,s-3.593335,s178.710484
163_76,s3.327016,s-1.501154,s196.254198
163_77,s2.015493,s3.221457,s17.632701
163_78,s3.147541,s-0.124440,s293.632226
163_79,s2.997956,s2.648067,s214.103938
163_80,s-2.687357,s2.962788,s257.136320
163_81,s2.497486,s-3.084594,s193.913490
163_82,s-0.872413,s3.441133,s286.974303
163_83,s-3.407978,s-1.564668,s118.657448
163_84,s3.543919,s1.628077,s295.328440
163_85,s-3.898453,s0.109834,s13.161403
163_86,s0.509986,s3.462646,s129.087164
163_87,s-3.092821,s-2.767121,s256.587611
163_88,s-3.555357,s1.341431,s69.366236
163_89,s3.725762,s-0.425674,s339.206039
163_90,s-1.554462,s-3.023847,s142.042264
163_91,s2.121457,s-3.566780,s167.229147
163_92,s0.648370,s-3.795012,s227.570385
163_93,s3.866410,s1.205559,s280.215505
163_94,s1.172779,s3.767383,s0.898839
163_95,s-3.210148,s2.386409,s106.112072
163_96,s-1.038007,s3.914721,s59.577818
163_97,s3.039812,s-3.111598,s248.369708
163_98,s-1.078926,s-3.844185,s96.012089
163_99,s3.802325,s-1.783908,s252.195659
163_100,s-0.416322,s3.927999,s20.608489
163_101,s2.585516,s3.052066,s142.496382
163_102,s-2.605569,s-3.357605,s230.726477
163_103,s2.189971,s3.758527,s311.716623
163_104,s-2.518756,s3.360933,s30.199383
163_105,s3.682711,s-1.072032,s252.378506
163_106,s0.189238,s3.845346,s314.720167
163_107,s-4.032936,s-1.340868,s44.807587
163_108,s-0.628441,s-4.051551,s131.134503
163_109,s3.462069,s2.715525,s320.381385
163_110,s3.675146,s-2.433825,s217.290332
163_111,s-3.057372,s2.952114,s53.147307
163_112,s-3.405323,s-2.542888,s90.532702
163_113,s-4.194151,s1.153949,s127.849841
163_114,s4.642143,s-1.006484,s202.868290
163_115,s-4.045058,s2.522500,s103.709897
163_116,s-4.203819,s-1.987562,s65.160170
163_117,s-1.227962,s4.484931,s26.973902
163_118,s3.142511,s3.889039,s29.004279
163_119,s1.454928,s4.426378,s248.122739
163_120,s-4.359635,s1.756013,s99.257165
163_121,s-1.860316,s-4.207045,s142.501123
163_122,s4.471177,s0.843253,s315.558322
163_123,s2.499607,s-4.039117,s278.139614
163_124,s-2.964768,s-3.901301,s16.911193
163_125,s-2.503714,s-4.036572,s191.172957
163_126,s1.325862,s-4.509112,s242.113992
163_127,s-4.762850,s-0.795491,s39.404918
163_128,s-3.491607,s3.648449,s43.928120
163_129,s-3.498122,s-3.063599,s104.117686
163_130,s0.431417,s-4.278303,s220.742195
163_131,s3.282854,s-4.382789,s98.405790
163_132,s0.155728,s4.497305,s275.822245
163_133,s-2.315982,s4.032211,s78.311594
163_134,s4.277237,s2.178357,s353.068200
163_135,s2.026261,s4.826564,s234.186904
163_136,s-1.795529,s-4.826860,s164.316313
163_137,s-5.178087,s-1.129302,s67.159650
163_138,s-3.365158,s-4.070220,s80.099015
163_139,s5.076459,s-0.489458,s183.099702
163_140,s3.978751,s3.650964,s95.490365
163_141,s-2.469960,s4.638556,s97.425975
163_142,s-4.443693,s-2.888528,s1.811322
163_143,s-4.001632,s3.539363,s129.917230
163_144,s-0.798396,s4.834518,s324.434192
163_145,s1.451952,s4.993179,s46.140138
163_146,s-5.146652,s0.627020,s207.022835
163_147,s-2.848117,s-4.419765,s124.436657
163_148,s3.516744,s-3.762315,s251.326674
163_149,s2.346996,s-4.974094,s111.994516
163_150,s-4.754434,s1.185479,s84.312566
163_151,s4.192188,s-3.482536,s329.898547
163_152,s0.582232,s-5.116982,s54.919956
163_153,s-4.958761,s2.261237,s151.491521
163_154,s4.982278,s2.082525,s343.723484
163_155,s-5.536915,s0.729886,s26.327518
163_156,s-0.991366,s-4.952911,s271.651506
163_157,s4.781689,s2.914696,s14.463709
163_158,s-3.497992,s4.179300,s348.852455
163_159,s4.910474,s-2.123616,s39.946433
163_160,s-5.086048,s-2.093349,s356.158690
163_161,s2.712639,s5.183058,s86.733259
163_162,s-4.749815,s2.672407,s23.176751
164_0,s-0.205171,s-0.233827,s249.412415
164_1,s-0.618424,s0.174193,s185.588079
164_2,s0.669720,s0.156145,s92.140933
164_3,s0.569054,s-0.880312,s102.309133
164_4,s-0.122648,s0.967408,s238.268093
164_5,s-0.724318,s-0.945198,s199.690798
164_6,s-0.451236,s0.461933,s12.936675
164_7,s1.085990,s-0.013272,s231.762833
164_8,s0.612077,s0.899250,s264.546848
164_9,s1.322486,s0.562073,s218.759177
164_10,s0.834848,s-0.644023,s265.557250
164_11,s0.230271,s-1.450968,s265.448875
164_12,s-1.080314,s0.222031,s7.625574
164_13,s0.309381,s1.383660,s23.252032
164_14,s-0.865127,s-0.542400,s63.086892
164_15,s-0.821178,s1.341438,s64.310021
164_16,s-1.261315,s-1.235423,s14.780383
164_17,s-0.140869,s-1.500529,s150.224499
164_18,s1.389192,s1.074318,s1.964985
164_19,s1.100947,s-1.243720,s277.591273
164_20,s-1.639549,s-0.095404,s94.248625
164_21,s-1.582680,s0.837011,s181.603285
164_22,s2.064353,s0.330251,s179.247592
164_23,s-0.898403,s-1.638830,s124.816757
164_24,s-0.562021,s1.897232,s195.159853
164_25,s1.894891,s0.832001,s300.805991
164_26,s1.287713,s-1.844008,s76.889876
164_27,s0.980899,s1.449571,s44.838644
164_28,s0.467399,s-1.900700,s170.306525
164_29,s-1.858618,s-0.616741,s180.488788
164_30,s1.635603,s-1.514031,s227.138256
164_31,s-2.230460,s0.869266,s216.799396
164_32,s-0.959025,s-2.193853,s216.189575
164_33,s0.889391,s2.170416,s268.195176
164_34,s-2.553873,s-0.332107,s108.629532
164_35,s-1.326149,s1.971607,s52.246790
164_36,s1.897798,s1.347966,s343.476895
164_37,s1.952108,s-0.925153,s331.701962
164_38,s-1.669581,s1.354401,s72.269380
164_39,s-0.159203,s2.150077,s4.952792
164_40,s2.131723,s-1.404382,s304.024324
164_41,s-2.377259,s-0.865154,s170.434336
164_42,s-1.652239,s-2.351492,s104.292821
164_43,s-0.798971,s2.236858,s356.484140
164_44,s2.440082,s1.448274,s309.704372
164_45,s-2.131843,s2.344116,s126.413949
164_46,s0.485126,s2.223467,s33.847015
164_47,s0.976237,s-2.361133,s258.318240
164_48,s-2.498305,s0.190052,s84.831485
164_49,s-1.811519,s-1.718904,s128.223182
164_50,s2.389816,s0.635275,s234.951809
164_51,s-2.873310,s0.756536,s105.044271
164_52,s0.822172,s2.731273,s40.765366
164_53,s1.994026,s2.311478,s32.975529
164_54,s-3.201523,s1.768368,s352.852095
164_55,s-0.110100,s-2.800741,s134.983955
164_56,s2.394384,s2.196886,s254.052747
164_57,s-2.635960,s-1.851179,s129.383519
164_58,s2.829204,s0.896831,s345.831025
164_59,s-0.397861,s3.354330,s249.444202
164_60,s-2.899657,s-1.369209,s25.191348
164_61,s-1.164691,s2.658031,s98.733183
164_62,s2.563943,s-0.355398,s305.517502
164_63,s-0.883514,s-2.943767,s75.088688
164_64,s2.701034,s-1.554854,s188.269373
164_65,s3.268034,s-0.962440,s167.090999
164_66,s0.830333,s-2.954902,s75.919898
164_67,s-1.474913,s3.024701,s63.159749
164_68,s1.421895,s-2.890233,s127.402706
164_69,s1.859621,s-2.571473,s315.731858
164_70,s3.081886,s-0.478422,s262.726740
164_71,s1.385199,s3.172691,s162.404377
164_72,s-2.529866,s1.173562,s47.779060
164_73,s3.225114,s0.321945,s321.983192
164_74,s-2.191770,s-2.861552,s185.585727
164_75,s-0.914768,s3.180654,s29.042028
164_76,s0.593459,s-3.606616,s242.488305
164_77,s2.289111,s-2.917952,s242.710522
164_78,s0.870556,s3.421093,s70.242720
164_79,s-3.564877,s-0.824467,s31.954023
164_80,s-3.525733,s1.082442,s132.193807
164_81,s2.416249,s2.847233,s82.679856
164_82,s3.261852,s1.537246,s303.045302
164_83,s-3.446142,s-1.494568,s100.642062
164_84,s-1.026217,s-3.491474,s183.509815
164_85,s3.169364,s2.406299,s40.906310
164_86,s1.848975,s3.231373,s346.739371
164_87,s-2.930104,s2.766420,s79.295177
164_88,s1.642245,s-3.397991,s204.572023
164_89,s3.313438,s-2.014985,s317.930923
164_90,s-2.625183,s-2.520383,s108.215210
164_91,s-3.675216,s1.490079,s13.715948
164_92,s3.583487,s2.634792,s216.942868
164_93,s-0.923819,s3.908460,s358.029477
164_94,s-1.508508,s-3.662963,s135.326878
164_95,s1.431022,s3.560527,s36.905800
164_96,s3.050378,s-2.353520,s185.671857
164_97,s-1.498689,s3.667934,s81.703541
164_98,s-2.395610,s2.854479,s352.584018
164_99,s-3.911414,s0.397988,s157.496918
164_100,s3.992072,s-0.605076,s211.904998
164_101,s4.343809,s-0.306917,s289.792810
164_102,s-3.989029,s-1.132718,s100.900699
164_103,s-3.465434,s-2.417968,s88.385493
164_104,s-0.432275,s-4.190597,s14.520445
164_105,s-2.704173,s3.558431,s135.540527
164_106,s-2.881205,s-2.994491,s199.273750
164_107,s4.063795,s1.366964,s350.106964
164_108,s4.374679,s0.334424,s84.167361
164_109,s2.776190,s3.265346,s328.647768
164_110,s-1.397220,s4.221403,s20.441941
164_111,s-1.036020,s-4.401766,s237.847581
164_112,s0.070188,s3.875322,s64.643576
164_113,s0.472283,s-4.282555,s90.164435
164_114,s2.188075,s-3.443976,s229.439985
164_115,s-4.140018,s1.065409,s19.170483
164_116,s-2.442787,s3.903462,s354.351889
164_117,s0.985677,s-4.193643,s167.631959
164_118,s2.181363,s-4.099852,s267.545416
164_119,s4.521522,s1.732470,s283.177095
164_120,s-4.088790,s2.284377,s75.999207
164_121,s-4.424596,s0.644266,s75.304806
164_122,s2.153916,s4.108657,s267.725502
164_123,s4.156137,s-1.488905,s143.176422
164_124,s3.405781,s-3.098505,s190.937004
164_125,s3.611776,s-2.464459,s203.498779
164_126,s1.712672,s4.119836,s54.238749
164_127,s-3.591605,s3.197555,s353.994189
164_128,s-3.039656,s4.006457,s12.485089
164_129,s-3.286345,s-3.291605,s76.837680
164_130,s3.259103,s3.199707,s244.491572
164_131,s-2.228923,s-3.836575,s118.811351
164_132,s-1.089793,s4.778269,s344.883643
164_133,s1.597537,s-4.230043,s143.231037
164_134,s-4.380085,s-1.836591,s129.125861
164_135,s2.009742,s-4.559270,s170.002916
164_136,s-4.143212,s2.791364,s355.010112
164_137,s4.584362,s0.901019,s73.813235
164_138,s1.791477,s4.587555,s315.533748
164_139,s-1.465892,s-4.316770,s93.567052
164_140,s4.594897,s-2.036765,s305.110384
164_141,s-2.467787,s-4.370112,s168.038772
164_142,s-4.701562,s-0.646617,s164.766289
164_143,s0.835594,s4.356616,s62.442919
164_144,s-4.611103,s1.992869,s163.128035
164_145,s-0.449880,s4.428739,s354.348538
164_146,s0.899277,s4.977429,s291.623053
164_147,s-2.980233,s-3.715840,s124.241975
164_148,s3.847784,s3.361530,s269.299269
164_149,s2.900920,s4.360981,s2.526649
164_150,s-4.423887,s-2.475470,s144.498088
164_151,s4.848058,s1.144094,s315.816441
164_152,s-1.842057,s5.067419,s116.281200
164_153,s4.239241,s-2.385315,s190.300363
164_154,s3.062692,s-3.850439,s255.638582
164_155,s-1.397578,s-4.937552,s254.347908
164_156,s3.403395,s4.197691,s200.630148
164_157,s-4.277315,s-3.141885,s117.009832
164_158,s-3.013325,s-4.805126,s37.521060
164_159,s-5.438224,s-0.639568,s308.397709
164_160,s1.085693,s-5.162963,s92.561917
164_161,s-4.806231,s2.700296,s335.230604
164_162,s-3.506858,s4.251301,s68.312395
164_163,s-5.120606,s-1.441945,s144.573407
165_0,s0.000000,s0.000000,s229.450282
165_1,s0.557615,s0.221507,s233.274061
165_2,s0.025995,s0.349033,s354.198525
165_3,s-0.303615,s-0.458604,s167.745619
165_4,s-0.435338,s0.113933,s68.262229
165_5,s-0.776511,s0.630104,s317.139582
165_6,s0.385353,s-0.772435,s145.944803
165_7,s0.485846,s0.703334,s305.454703
165_8,s0.999771,s0.458758,s286.322160
165_9,s-0.877165,s-0.818891,s344.372672
165_10,s-1.296536,s-0.862839,s77.505764
165_11,s1.306100,s-0.299488,s203.443590
165_12,s0.748496,s-1.183112,s205.542833
165_13,s-0.861071,s1.201895,s20.094383
165_14,s-1.336664,s0.265957,s112.071682
165_15,s-0.990644,s-1.212049,s212.569361
165_16,s-1.367240,s1.010274,s148.496824
165_17,s-0.325977,s-1.443775,s170.959566
165_18,s1.360569,s1.178496,s226.159512
165_19,s-0.131577,s1.293324,s28.234931
165_20,s-0.132330,s1.995617,s328.530097
165_21,s0.616441,s-1.744276,s170.331997
165_22,s1.658965,s-1.444934,s344.781873
165_23,s2.016740,s-0.149037,s67.163279
165_24,s-1.493840,s-1.403902,s146.601175
165_25,s0.717570,s1.430067,s314.979410
165_26,s2.113140,s0.612077,s224.194487
165_27,s-0.101458,s-2.123031,s230.943711
165_28,s-0.936815,s-1.879462,s178.764334
165_29,s1.706972,s1.497750,s9.094284
165_30,s2.146661,s-0.956216,s248.886564
165_31,s-1.483888,s1.501292,s104.734760
165_32,s-2.076537,s-0.988937,s163.490002
165_33,s1.016479,s-2.063194,s225.204498
165_34,s-1.940548,s0.720593,s54.283992
165_35,s-0.686129,s2.299832,s179.387479
165_36,s-2.395120,s0.515655,s94.018966
165_37,s-2.467882,s-0.818266,s99.119894
165_38,s-1.092583,s2.523641,s24.391044
165_39,s1.137069,s2.282449,s84.179724
165_40,s1.788355,s-1.744047,s172.328269
165_41,s2.203235,s1.560691,s196.205689
165_42,s2.871021,s-0.877234,s343.119703
165_43,s-1.376447,s-2.086958,s118.727925
165_44,s2.107034,s-1.607143,s296.642121
165_45,s2.314929,s1.828552,s13.108418
165_46,s-1.650249,s2.055565,s0.334630
165_47,s-2.726441,s1.137530,s40.108295
165_48,s-2.572994,s-1.542628,s46.280555
165_49,s0.531401,s2.901743,s89.260912
165_50,s0.199274,s-2.943262,s265.773954
165_51,s2.739074,s0.787382,s204.031613
165_52,s1.362586,s2.840046,s69.282914
165_53,s-2.463940,s1.962524,s253.206110
165_54,s-1.140787,s-2.989750,s43.484200
165_55,s2.796996,s1.216271,s341.594824
165_56,s-3.316317,s0.473855,s31.611056
165_57,s2.506267,s-1.962219,s261.238689
165_58,s0.795114,s3.408488,s57.338057
165_59,s-2.117142,s2.465808,s60.492633
165_60,s1.474114,s-2.831288,s142.031926
165_61,s-2.309467,s-2.187919,s324.280923
165_62,s-0.481340,s-2.758317,s13.025487
165_63,s3.362695,s0.931105,s204.443720
165_64,s-1.715839,s-2.877220,s150.237885
165_65,s-2.681908,s-2.170223,s103.118555
165_66,s1.890485,s2.885926,s354.284183
165_67,s3.454934,s-0.559849,s174.645787
165_68,s2.019414,s-2.317935,s220.473427
165_69,s-0.384715,s-3.173280,s166.058193
165_70,s-1.193706,s-3.395823,s228.386664
165_71,s-0.537252,s2.931402,s26.253478
165_72,s1.000112,s-3.650920,s153.039812
165_73,s-3.035116,s-1.832233,s67.012088
165_74,s-1.192359,s3.608085,s125.252786
165_75,s-3.430983,s1.531754,s127.564560
165_76,s2.532289,s2.628691,s6.214318
165_77,s2.248756,s-3.124996,s97.660548
165_78,s2.881688,s2.223942,s305.960594
165_79,s-2.278863,s-2.590228,s185.193375
165_80,s1.711438,s-3.559983,s211.302177
165_81,s-2.781550,s-2.840122,s189.489159
165_82,s-3.348658,s-0.741572,s48.512996
165_83,s-3.001639,s2.076695,s350.145643
165_84,s0.250296,s-3.440909,s144.603817
165_85,s3.054926,s-2.461262,s205.129356
165_86,s3.302244,s1.596206,s261.415597
165_87,s3.701353,s-1.643924,s145.831349
165_88,s-0.533593,s-4.165967,s159.490132
165_89,s-3.566438,s-1.987650,s163.962521
165_90,s-2.576791,s3.059436,s38.921542
165_91,s0.521190,s4.115952,s276.694833
165_92,s1.592084,s3.723945,s352.756804
165_93,s2.385643,s-3.577528,s162.023566
165_94,s2.720370,s-3.067505,s255.634025
165_95,s4.092136,s0.690599,s151.749033
165_96,s3.950047,s-0.894220,s347.416243
165_97,s-1.111814,s4.101996,s229.647012
165_98,s-3.556153,s2.139224,s85.188703
165_99,s-1.301636,s-3.887897,s135.757279
165_100,s3.587783,s-2.340222,s227.484628
165_101,s4.293707,s1.169007,s218.250143
165_102,s-4.419076,s1.083634,s186.059594
165_103,s-1.949830,s-3.663422,s153.877109
165_104,s2.762139,s3.295541,s287.540195
165_105,s-4.212191,s1.720450,s132.420198
165_106,s-2.545646,s3.771232,s34.052301
165_107,s-1.743001,s3.741527,s18.458144
165_108,s-3.947444,s-1.572568,s143.251524
165_109,s4.005582,s2.361740,s180.891814
165_110,s4.118953,s-1.435507,s294.125452
165_111,s-0.331786,s4.513147,s272.126956
165_112,s1.713204,s-4.376635,s65.155884
165_113,s-3.507084,s-2.797707,s232.890852
165_114,s-3.355164,s-3.487093,s157.082453
165_115,s4.707982,s1.528858,s341.370201
165_116,s2.929639,s-3.738945,s307.661345
165_117,s-1.664727,s-4.608545,s205.710085
165_118,s2.042715,s4.090551,s293.954026
165_119,s-0.687883,s4.699927,s118.489788
165_120,s-4.622672,s-1.625086,s343.311347
165_121,s-3.695564,s2.654300,s32.786695
165_122,s-3.235587,s3.055074,s25.598307
165_123,s2.230007,s-4.663486,s146.230285
165_124,s2.901848,s3.851473,s301.396960
165_125,s1.087369,s5.033898,s132.159675
165_126,s4.560557,s-2.261491,s151.280748
165_127,s-4.160867,s-2.540669,s174.214712
165_128,s-3.126010,s3.801463,s66.886634
165_129,s4.074364,s3.315813,s182.868781
165_130,s-2.686149,s-3.795669,s110.157927
165_131,s-4.978734,s1.105536,s79.548851
165_132,s-2.486439,s-4.517679,s97.166892
165_133,s4.555099,s-0.641153,s3.696005
165_134,s-4.788719,s-2.026862,s191.941893
165_135,s0.979700,s-4.545623,s225.606354
165_136,s3.915717,s-3.267593,s182.382819
165_137,s-0.775116,s5.263591,s96.319051
165_138,s-1.950152,s4.973785,s198.822272
165_139,s1.647084,s4.947544,s219.585804
165_140,s1.348322,s-5.359422,s228.712734
165_141,s-4.429575,s2.425153,s41.386612
165_142,s-2.448553,s4.756794,s34.274776
165_143,s-4.942081,s-0.758839,s175.463182
165_144,s2.664576,s4.629813,s4.633987
165_145,s0.550975,s-5.019853,s27.212193
165_146,s-4.723767,s1.785644,s39.289500
165_147,s5.054620,s0.818446,s215.359535
165_148,s5.039053,s-2.076161,s36.729050
165_149,s4.757278,s-2.836970,s172.414562
165_150,s0.465298,s-5.329728,s209.410776
165_151,s4.876704,s2.649577,s102.493946
165_152,s2.737468,s-4.654704,s177.667016
165_153,s3.158466,s-4.318170,s320.281108
165_154,s-4.403854,s-3.618849,s50.403939
165_155,s-5.435728,s-0.786061,s152.962040
165_156,s4.096795,s3.744164,s332.927828
165_157,s-3.564870,s4.318761,s32.121610
165_158,s1.053051,s5.558171,s260.088763
165_159,s-4.424921,s3.288589,s211.775982
165_160,s-4.506699,s3.650981,s300.078606
165_161,s5.260407,s-1.637872,s286.895516
165_162,s3.298840,s4.782849,s31.899284
165_163,s5.180302,s2.255431,s243.643975
165_164,s-1.923454,s-5.045822,s143.479170
166_0,s0.000000,s0.000000,s357.190811
166_1,s0.113291,s-0.486996,s79.421239
166_2,s-0.535956,s0.123496,s146.616925
166_3,s0.459630,s0.385669,s222.303399
166_4,s0.650520,s-0.547105,s186.787953
166_5,s-0.277069,s0.696945,s86.461422
166_6,s-0.677491,s-0.735531,s89.708718
166_7,s1.040452,s-0.357014,s262.359150
166_8,s-0.256070,s-1.069779,s215.740637
166_9,s0.852103,s1.047101,s127.696412
166_10,s-0.812691,s1.200847,s113.113068
166_11,s1.019115,s0.252794,s291.452737
166_12,s1.031519,s-1.089022,s290.345178
166_13,s0.905078,s1.319407,s314.013400
166_14,s-1.133615,s0.393594,s145.880674
166_15,s-0.793711,s-1.272801,s171.263465
166_16,s-1.642023,s0.440183,s91.284832
166_17,s-0.527233,s1.510638,s31.573847
166_18,s-1.444062,s-1.383721,s214.852816
166_19,s1.169366,s-1.622524,s152.727796
166_20,s1.181351,s0.924344,s254.684268
166_21,s1.550261,s-1.263602,s196.298519
166_22,s-1.745244,s-0.613697,s302.107294
166_23,s2.014661,s-0.378999,s208.030311
166_24,s0.270220,s1.475460,s156.214012
166_25,s0.456853,s1.844257,s295.095968
166_26,s1.824318,s1.137701,s282.111635
166_27,s-1.923187,s0.843416,s354.492144
166_28,s-1.360262,s1.533684,s342.539254
166_29,s-1.938132,s-1.040982,s97.827206
166_30,s2.097156,s0.109260,s89.868095
166_31,s-0.345725,s-1.766486,s254.923006
166_32,s0.282771,s2.534273,s243.663003
166_33,s-1.251337,s-2.279069,s34.415513
166_34,s-1.787503,s-2.089816,s131.557925
166_35,s1.606067,s2.107854,s205.477959
166_36,s-0.690008,s2.298671,s343.113101
166_37,s1.439143,s-2.284484,s290.568972
166_38,s-0.696129,s-2.192123,s195.679174
166_39,s0.977622,s-2.463078,s178.024241
166_40,s2.691366,s0.564847,s150.307715
166_41,s-2.324835,s1.373004,s171.141008
166_42,s2.587794,s-1.308938,s109.291811
166_43,s2.520214,s-0.388612,s277.016137
166_44,s-2.334967,s-0.554913,s314.468089
166_45,s-1.496060,s2.187305,s61.037146
166_46,s1.113934,s2.514289,s284.631307
166_47,s2.050795,s2.324702,s266.016061
166_48,s-1.653068,s-2.563175,s201.910598
166_49,s1.456572,s-2.736493,s221.846401
166_50,s3.053426,s0.535342,s252.807217
166_51,s2.797022,s1.084744,s0.744060
166_52,s-2.311985,s2.139446,s234.761158
166_53,s0.611705,s2.885882,s358.191865
166_54,s-1.438469,s2.632643,s308.821813
166_55,s-2.860452,s-1.058450,s138.468893
166_56,s-2.842122,s1.106725,s61.643237
166_57,s-2.740869,s1.651555,s30.787592
166_58,s2.873501,s-1.998247,s1.403826
166_59,s-0.495629,s3.161384,s298.898296
166_60,s0.448096,s-2.814553,s5.376469
166_61,s-2.307437,s-2.828115,s113.290717
166_62,s-3.121798,s-0.703121,s82.123310
166_63,s1.388568,s3.267167,s224.163718
166_64,s-2.448738,s-0.078615,s12.684148
166_65,s3.369336,s0.947403,s358.958185
166_66,s-1.819967,s2.871885,s13.065713
166_67,s-2.384790,s-1.467234,s195.568056
166_68,s3.496033,s-0.616647,s300.147016
166_69,s-2.347492,s2.924343,s89.577494
166_70,s-2.546782,s-2.176328,s96.125159
166_71,s-1.112950,s3.265554,s15.195900
166_72,s-3.486701,s-0.304826,s15.901910
166_73,s2.578731,s-2.366463,s91.431501
166_74,s-1.495072,s-3.384488,s200.931268
166_75,s-3.700791,s-1.230505,s25.925641
166_76,s-3.253796,s1.864218,s96.509263
166_77,s-0.553945,s-3.202444,s144.866577
166_78,s3.004704,s-2.640407,s118.342517
166_79,s2.163723,s-3.304663,s227.190390
166_80,s1.072735,s-3.488802,s87.584982
166_81,s1.085757,s3.745815,s79.002200
166_82,s2.595249,s2.775731,s269.661735
166_83,s3.132878,s1.968521,s264.194114
166_84,s-0.488658,s-3.768450,s211.342589
166_85,s3.790340,s-1.563114,s132.906873
166_86,s-3.399591,s-2.107791,s103.914093
166_87,s1.860786,s3.597218,s295.788165
166_88,s3.922481,s1.008286,s255.677414
166_89,s-2.008378,s-3.166847,s186.098668
166_90,s-1.076090,s-4.214799,s155.329405
166_91,s0.684201,s-3.890292,s161.138803
166_92,s-2.038634,s3.842717,s344.405950
166_93,s-0.929461,s3.993257,s243.379782
166_94,s-3.292996,s2.606948,s133.915700
166_95,s-2.800222,s3.263243,s6.374075
166_96,s-3.951853,s0.618753,s179.794248
166_97,s-4.261743,s-1.280644,s24.450699
166_98,s2.621905,s3.344864,s354.765317
166_99,s4.023721,s-1.015958,s189.973548
166_100,s-3.875239,s2.478411,s83.095651
166_101,s-4.263223,s1.088545,s311.573399
166_102,s-3.061287,s-2.727366,s105.593709
166_103,s3.976923,s2.105727,s347.120419
166_104,s1.861880,s-3.820458,s33.456967
166_105,s3.590458,s2.875520,s317.597789
166_106,s3.245532,s-2.970946,s173.292711
166_107,s-2.406560,s-3.563491,s165.192926
166_108,s3.393270,s-2.475019,s325.650862
166_109,s-2.945097,s-3.598459,s156.924726
166_110,s1.155448,s-4.037938,s215.589297
166_111,s3.922212,s1.502083,s312.506857
166_112,s-2.324395,s4.313605,s61.486048
166_113,s4.295964,s-0.683513,s303.169410
166_114,s4.125491,s-2.145419,s297.777888
166_115,s0.866596,s-4.517633,s185.397469
166_116,s1.510968,s4.344764,s235.347754
166_117,s3.352369,s3.365133,s3.254340
166_118,s-4.374351,s-2.316799,s177.624256
166_119,s-0.215953,s4.144377,s50.054611
166_120,s-4.529957,s0.426603,s11.820325
166_121,s2.325914,s-4.026490,s268.666970
166_122,s-2.297918,s-4.384299,s174.938164
166_123,s-4.291972,s-0.262639,s54.037609
166_124,s4.012489,s-2.542131,s185.077919
166_125,s2.612647,s4.263107,s308.601434
166_126,s-1.285894,s-5.296128,s44.458788
166_127,s-0.646604,s-4.554328,s251.324038
166_128,s-4.316037,s1.591171,s37.172464
166_129,s-0.467855,s-5.078495,s196.230666
166_130,s-4.963750,s0.929347,s79.142170
166_131,s-4.712275,s-1.671665,s35.381210
166_132,s0.847210,s4.215713,s17.448237
166_133,s-3.515907,s-3.193884,s179.462016
166_134,s1.825348,s-4.439381,s259.504603
166_135,s4.700644,s-2.338042,s170.087996
166_136,s0.482083,s5.177605,s57.740247
166_137,s-4.001608,s3.080525,s89.406714
166_138,s-1.417670,s4.112507,s324.457220
166_139,s-5.264406,s-0.613215,s333.512919
166_140,s1.415163,s4.899726,s250.263359
166_141,s-3.810544,s3.389654,s333.537329
166_142,s4.967963,s0.906555,s60.237152
166_143,s4.954264,s1.406333,s342.204491
166_144,s4.920476,s-1.681937,s17.244227
166_145,s-3.935274,s-3.475071,s121.392898
166_146,s3.657955,s3.835279,s306.780227
166_147,s3.690258,s-3.447390,s266.876667
166_148,s-1.107210,s4.927127,s9.383087
166_149,s4.434893,s2.618057,s267.803085
166_150,s1.583580,s-5.371431,s351.178668
166_151,s-2.002730,s4.852996,s42.120414
166_152,s2.780094,s-4.453491,s221.086418
166_153,s5.460623,s0.656963,s317.620218
166_154,s3.279792,s-4.163287,s263.955154
166_155,s-2.689043,s-4.740416,s115.762191
166_156,s5.054208,s-0.681896,s349.627296
166_157,s2.155287,s-5.060112,s164.161511
166_158,s-5.143416,s2.570559,s204.587325
166_159,s-2.077840,s-5.146366,s199.723811
166_160,s-4.803922,s-2.354747,s43.900119
166_161,s1.715132,s5.330884,s273.738237
166_162,s-3.863134,s-4.054158,s117.226265
166_163,s4.331827,s3.548982,s287.512796
166_164,s5.210961,s-1.211772,s280.756645
166_165,s5.298152,s-1.813721,s194.922605
167_0,s0.000000,s0.000000,s165.387917
167_1,s-0.348729,s0.195928,s88.506852
167_2,s-0.532849,s-0.275811,s129.128695
167_3,s0.436620,s0.670345,s117.595241
167_4,s0.317182,s-0.624015,s308.304273
167_5,s1.042731,s-0.484986,s221.957278
167_6,s-0.342167,s0.939639,s136.910503
167_7,s0.365307,s1.143045,s3.304575
167_8,s0.021326,s-1.049783,s74.883199
167_9,s-0.923995,s0.841863,s57.653742
167_10,s-1.187851,s-0.170321,s175.037156
167_11,s1.182503,s0.204174,s43.129857
167_12,s1.106329,s0.773651,s340.521017
167_13,s-0.508351,s1.517096,s287.934621
167_14,s-0.617244,s-1.476147,s24.798066
167_15,s-1.135232,s-1.331821,s46.108685
167_16,s0.941389,s-0.967619,s141.609137
167_17,s-0.931712,s1.481355,s103.177597
167_18,s1.734815,s0.230037,s151.594309
167_19,s-0.253078,s-1.731604,s293.508583
167_20,s0.814307,s-1.661146,s249.250155
167_21,s1.629560,s-0.637992,s274.412313
167_22,s-1.189298,s0.384800,s84.409955
167_23,s-1.975448,s-0.712464,s205.378216
167_24,s1.695879,s1.238546,s209.976445
167_25,s0.694502,s1.981834,s236.005135
167_26,s-1.044546,s-1.763923,s177.978916
167_27,s-1.982212,s0.832669,s89.907595
167_28,s-1.799939,s-1.587520,s119.298672
167_29,s-0.875028,s2.181015,s135.196157
167_30,s0.611573,s2.527049,s255.763654
167_31,s-2.357652,s-1.096120,s75.807389
167_32,s-1.755759,s1.561990,s47.134638
167_33,s0.976520,s-2.355612,s53.228492
167_34,s-1.599894,s-0.018460,s99.862585
167_35,s1.787240,s-1.195105,s163.973650
167_36,s2.261329,s0.639445,s211.218518
167_37,s-0.359359,s-2.170452,s198.485566
167_38,s-2.584524,s-0.283259,s128.611459
167_39,s2.055998,s1.508433,s26.281535
167_40,s-1.470169,s2.324027,s348.154762
167_41,s-1.264438,s-2.554153,s176.078847
167_42,s2.350703,s-0.988279,s265.461260
167_43,s0.056332,s2.549378,s2.608286
167_44,s-0.434231,s2.563483,s32.024375
167_45,s1.732846,s2.509929,s22.660590
167_46,s2.070679,s-1.572352,s207.787559
167_47,s-2.553252,s1.266256,s121.255229
167_48,s1.565823,s-2.137919,s242.172034
167_49,s1.264348,s-2.609871,s177.036380
167_50,s-1.553498,s-2.146892,s128.044527
167_51,s1.011601,s3.035896,s81.357977
167_52,s2.835080,s0.980980,s38.666194
167_53,s-2.749881,s-1.732240,s194.097116
167_54,s2.816533,s0.435479,s296.875589
167_55,s2.727150,s-1.473991,s188.250349
167_56,s2.748558,s2.001357,s85.385549
167_57,s-2.519947,s1.627842,s2.774987
167_58,s3.302375,s0.998407,s348.912742
167_59,s-0.535187,s3.306974,s350.752511
167_60,s-3.088927,s1.645762,s152.600352
167_61,s2.050142,s2.898175,s332.299809
167_62,s-2.730210,s2.570691,s73.280708
167_63,s-2.273658,s2.660917,s279.690260
167_64,s-3.444019,s-0.860948,s35.835867
167_65,s-0.599090,s-2.888528,s19.980769
167_66,s-0.265679,s-3.138776,s266.678422
167_67,s-1.740963,s-3.036288,s159.335369
167_68,s3.095042,s2.372913,s22.688421
167_69,s-1.115453,s3.370203,s13.122998
167_70,s-2.998231,s-2.415183,s46.011271
167_71,s-0.695481,s-3.277012,s188.145519
167_72,s-1.566480,s3.185693,s84.709972
167_73,s3.120227,s-2.168912,s263.113911
167_74,s1.812110,s3.396875,s34.828199
167_75,s3.409071,s-1.156820,s171.929790
167_76,s-2.251124,s-2.744985,s106.482268
167_77,s3.711572,s-1.620721,s267.553791
167_78,s3.547953,s0.120537,s101.684021
167_79,s3.759023,s1.367386,s318.099081
167_80,s0.544854,s3.457331,s357.735557
167_81,s3.302513,s-0.562057,s221.161770
167_82,s0.865877,s-3.391203,s356.482418
167_83,s1.132482,s3.836338,s46.838365
167_84,s-3.625119,s1.915336,s56.808276
167_85,s-0.697305,s4.040268,s52.843694
167_86,s2.370809,s-2.709108,s201.613402
167_87,s-1.359562,s-3.548463,s168.916719
167_88,s-0.889132,s-4.002430,s127.013115
167_89,s1.147688,s-3.570058,s243.153159
167_90,s-3.828510,s1.158667,s188.158182
167_91,s-3.567803,s-1.575050,s314.593715
167_92,s-4.146170,s0.178259,s190.124948
167_93,s-2.540195,s-3.218293,s193.366778
167_94,s-3.329264,s-2.876805,s80.303895
167_95,s3.993010,s-0.930524,s256.920301
167_96,s-2.746626,s3.243231,s305.291726
167_97,s3.758930,s0.832434,s277.062492
167_98,s0.749195,s-4.386480,s307.702314
167_99,s2.206949,s-3.275954,s85.508969
167_100,s3.472216,s1.985879,s305.337570
167_101,s3.791789,s-0.249666,s298.310004
167_102,s-4.057677,s-0.870495,s173.670781
167_103,s2.963900,s3.183991,s19.979126
167_104,s1.656167,s4.130328,s285.671445
167_105,s2.896576,s-3.041357,s235.368665
167_106,s2.626237,s-3.654159,s128.521992
167_107,s1.680223,s4.656109,s57.826283
167_108,s-3.218384,s-3.216288,s190.251369
167_109,s-2.071668,s3.825008,s291.433329
167_110,s-4.437920,s1.210318,s319.669351
167_111,s3.677837,s-2.926348,s336.718673
167_112,s-3.648220,s2.548135,s66.873854
167_113,s-3.181560,s3.111298,s48.911005
167_114,s4.379395,s0.425323,s297.370315
167_115,s4.565373,s1.116857,s274.005261
167_116,s-4.094761,s-1.866261,s224.344824
167_117,s1.825970,s-4.547069,s31.279534
167_118,s-0.961841,s-4.549435,s212.801995
167_119,s3.629493,s3.141144,s207.123528
167_120,s4.205828,s-2.097859,s299.624800
167_121,s-4.537896,s2.099404,s351.537105
167_122,s-2.772744,s3.732880,s27.902153
167_123,s4.332148,s2.180595,s262.401476
167_124,s3.245733,s3.603847,s286.722887
167_125,s-4.689076,s-0.758329,s182.938103
167_126,s3.306700,s-3.683509,s132.981120
167_127,s4.792270,s-0.746086,s267.048352
167_128,s-2.155647,s-4.120156,s149.604902
167_129,s2.382889,s-4.338703,s193.714685
167_130,s-1.647342,s4.348421,s32.534304
167_131,s-2.343703,s4.303145,s33.125489
167_132,s-1.639670,s-4.829232,s260.728687
167_133,s4.172160,s2.845274,s269.975002
167_134,s2.529404,s3.961327,s351.201921
167_135,s-3.402421,s3.932369,s15.550878
167_136,s-4.166199,s-2.383859,s144.718455
167_137,s4.120192,s-3.172384,s190.654114
167_138,s-3.827366,s3.139072,s103.366185
167_139,s-4.747313,s0.992735,s177.851235
167_140,s0.658194,s4.552667,s27.052341
167_141,s-3.304854,s-4.079270,s160.860861
167_142,s-5.223670,s-0.525142,s121.805736
167_143,s-5.094996,s-1.789138,s345.189145
167_144,s-4.906165,s1.868701,s42.695186
167_145,s1.184979,s-4.754558,s163.881786
167_146,s-0.570682,s4.514069,s5.894037
167_147,s-0.280267,s-5.342654,s357.039658
167_148,s4.615050,s-2.396103,s263.342102
167_149,s3.200737,s4.161464,s352.359575
167_150,s2.839784,s-4.592997,s269.877123
167_151,s-0.717652,s-5.352100,s177.902603
167_152,s-4.692294,s-2.122470,s130.762549
167_153,s-3.979772,s3.796237,s33.499253
167_154,s-3.731034,s-3.622069,s48.561227
167_155,s-1.783256,s5.255711,s55.205433
167_156,s5.287771,s-1.685818,s21.733160
167_157,s5.291127,s0.791500,s240.765731
167_158,s4.268789,s3.468060,s270.565121
167_159,s2.150812,s-4.898623,s158.065091
167_160,s1.631622,s5.357034,s224.977863
167_161,s-5.192359,s0.281802,s358.974892
167_162,s4.989523,s2.542569,s233.156666
167_163,s-2.860779,s-4.987830,s263.088567
167_164,s3.627700,s4.331546,s250.912401
167_165,s-1.565593,s-5.480777,s118.547055
167_166,s-4.440202,s-3.412419,s92.733472
168_0,s0.278012,s-0.266758,s18.464765
168_1,s-0.370464,s-0.186628,s156.112793
168_2,s0.719828,s-0.897158,s6.712421
168_3,s-0.078654,s-0.580605,s220.703906
168_4,s-1.007340,s-0.286253,s166.376787
168_5,s-0.465268,s0.355941,s107.117088
168_6,s-0.047613,s0.732944,s326.375772
168_7,s0.922734,s0.367551,s307.194209
168_8,s-1.081562,s0.490953,s60.759073
168_9,s-0.637162,s0.894375,s7.352160
168_10,s-0.320414,s-1.153191,s140.735383
168_11,s0.674680,s-1.316117,s119.634847
168_12,s1.012079,s-0.063652,s222.501282
168_13,s-0.053196,s1.484046,s25.665921
168_14,s0.414075,s0.336764,s342.740588
168_15,s-1.456650,s-0.303789,s50.333509
168_16,s0.469867,s-1.853101,s174.703410
168_17,s-0.958709,s-1.429525,s84.342981
168_18,s0.860238,s1.210901,s287.689368
168_19,s-1.518473,s-0.781111,s86.712989
168_20,s1.324105,s-1.243017,s139.553236
168_21,s1.722002,s1.067625,s199.900961
168_22,s0.358312,s1.511277,s295.690655
168_23,s1.592311,s1.618188,s289.836454
168_24,s-0.957634,s1.747882,s108.581624
168_25,s-2.193260,s0.632572,s181.160775
168_26,s0.456296,s2.107471,s29.664097
168_27,s-1.602044,s1.096485,s35.915957
168_28,s-1.963779,s-1.267885,s81.922916
168_29,s1.845809,s-1.149548,s5.250579
168_30,s-0.643387,s2.172697,s70.140167
168_31,s1.304933,s2.102899,s38.946244
168_32,s-0.575166,s-2.297480,s346.802253
168_33,s0.997228,s-2.111104,s171.871901
168_34,s-1.308384,s-1.796226,s143.035190
168_35,s-1.577806,s1.904763,s7.100283
168_36,s1.570526,s-0.143571,s289.155676
168_37,s-2.474000,s-0.588162,s32.983679
168_38,s2.430752,s-0.948998,s190.322991
168_39,s-2.176989,s-1.741951,s166.944053
168_40,s0.035126,s-2.483300,s141.896061
168_41,s2.548504,s0.187931,s8.324789
168_42,s-2.235597,s1.499003,s147.943978
168_43,s1.498757,s-1.710106,s214.540584
168_44,s-0.945454,s-2.376398,s99.496265
168_45,s2.405918,s1.189681,s1.339173
168_46,s-2.344620,s2.061024,s134.241470
168_47,s-1.597347,s2.903116,s31.048623
168_48,s1.468499,s-2.398531,s192.853472
168_49,s2.867569,s1.673521,s180.264300
168_50,s2.799026,s-0.417993,s103.711963
168_51,s1.183764,s3.014211,s209.786471
168_52,s2.832506,s-1.592622,s290.627879
168_53,s1.582916,s3.373262,s6.207662
168_54,s-1.977149,s2.382835,s68.352042
168_55,s-0.092725,s2.885709,s117.918859
168_56,s0.481901,s-2.854077,s175.839550
168_57,s-2.725790,s0.537445,s141.160060
168_58,s2.278344,s2.244507,s247.010375
168_59,s3.074213,s0.181495,s225.465644
168_60,s-0.818830,s2.891277,s53.793469
168_61,s2.612956,s-2.043509,s239.226512
168_62,s0.540169,s2.887524,s318.495499
168_63,s2.013052,s2.598873,s12.278198
168_64,s-1.273946,s-2.809335,s183.785629
168_65,s-2.874008,s0.924056,s50.830594
168_66,s-3.028806,s-0.872903,s354.323916
168_67,s-2.878163,s-1.837119,s355.630698
168_68,s-2.907083,s2.376962,s153.436655
168_69,s-3.501167,s0.102055,s12.951922
168_70,s2.017463,s-2.542748,s269.197304
168_71,s0.208451,s3.266383,s351.703842
168_72,s-2.287647,s-2.768618,s108.165936
168_73,s3.309077,s1.076761,s188.925076
168_74,s-0.644347,s-3.039055,s148.082288
168_75,s3.454067,s-0.537348,s194.268553
168_76,s-2.230604,s2.906327,s352.623058
168_77,s-1.720750,s-3.312258,s177.505241
168_78,s-3.679215,s-0.171856,s165.454412
168_79,s-1.205270,s3.685691,s65.126000
168_80,s3.192333,s2.052573,s298.790674
168_81,s-2.753474,s-2.378217,s54.339480
168_82,s-3.676853,s-1.040762,s236.110288
168_83,s0.814165,s-3.815632,s93.951556
168_84,s2.552103,s2.968361,s36.498674
168_85,s0.887272,s3.642147,s10.617997
168_86,s1.512172,s-3.453161,s138.788345
168_87,s1.895228,s-3.268559,s307.733980
168_88,s3.936626,s1.322554,s159.240218
168_89,s-0.533147,s3.412990,s319.624466
168_90,s-4.086144,s0.875700,s315.117914
168_91,s3.362718,s2.727984,s115.589583
168_92,s-0.794822,s3.877130,s21.853751
168_93,s3.458356,s-1.982920,s335.608553
168_94,s-3.939539,s0.317066,s57.072612
168_95,s2.528064,s-3.239647,s274.695902
168_96,s1.139709,s4.408186,s254.705338
168_97,s-2.424437,s-3.313678,s187.976927
168_98,s2.044047,s-3.663615,s204.319165
168_99,s3.681841,s-2.392215,s142.809469
168_100,s3.901478,s2.046526,s210.559403
168_101,s4.121217,s0.779737,s258.232345
168_102,s4.037085,s-0.900463,s192.416904
168_103,s-3.540264,s-2.679604,s224.805585
168_104,s-3.494882,s1.839402,s127.756928
168_105,s-3.252245,s2.623385,s89.810040
168_106,s3.858686,s0.076096,s215.232904
168_107,s-3.646228,s-1.908086,s82.782628
168_108,s-2.683199,s2.899153,s43.695185
168_109,s1.020663,s-4.392961,s270.467729
168_110,s3.227649,s3.386825,s265.088003
168_111,s-0.558443,s-3.886617,s288.966476
168_112,s-4.270302,s1.827705,s138.712747
168_113,s-2.839814,s3.574852,s304.957748
168_114,s-3.139481,s-3.474092,s167.595959
168_115,s2.833646,s3.432913,s15.591088
168_116,s-2.203114,s-4.350029,s115.881152
168_117,s-1.846308,s4.207931,s49.527061
168_118,s-4.491968,s-0.679544,s331.758583
168_119,s-3.436169,s3.217638,s97.521153
168_120,s4.051328,s-2.032677,s302.004895
168_121,s2.092213,s4.447121,s22.963950
168_122,s3.040326,s-3.618388,s152.164973
168_123,s-0.584390,s-4.644095,s21.408232
168_124,s4.495182,s1.147309,s336.442526
168_125,s-0.508576,s4.288721,s313.810123
168_126,s-0.426629,s4.852833,s24.605839
168_127,s-3.970108,s2.137224,s23.202959
168_128,s3.459625,s-3.338762,s309.068591
168_129,s-4.023975,s-1.410591,s79.179680
168_130,s4.220977,s-2.678288,s293.003231
168_131,s-1.585121,s-4.830476,s263.384325
168_132,s-1.330865,s4.527174,s27.174542
168_133,s1.183742,s-4.829411,s152.983592
168_134,s2.451860,s4.414082,s275.582582
168_135,s4.659917,s-1.076581,s319.715299
168_136,s-3.821673,s-3.226275,s85.010910
168_137,s-3.111044,s3.952515,s95.038688
168_138,s-4.994792,s1.221689,s127.687780
168_139,s0.392707,s4.469690,s296.148391
168_140,s-2.557238,s4.253068,s358.432570
168_141,s-4.893344,s-0.719042,s139.668203
168_142,s4.095187,s-3.237321,s236.745769
168_143,s1.055347,s5.040519,s38.557874
168_144,s-2.790289,s-4.058437,s156.225810
168_145,s-4.616400,s-1.962823,s154.422043
168_146,s-4.957627,s0.621589,s175.273643
168_147,s5.052012,s0.258714,s358.159559
168_148,s4.687197,s2.791698,s135.370981
168_149,s5.326982,s-0.691307,s222.294218
168_150,s5.022743,s-1.310028,s179.665990
168_151,s3.833297,s3.801007,s53.907074
168_152,s-0.328883,s-4.927409,s289.301854
168_153,s3.547288,s-4.043775,s304.382652
168_154,s-4.582234,s2.789020,s128.365185
168_155,s5.044162,s1.913529,s233.894815
168_156,s-3.711457,s-4.157652,s0.964429
168_157,s-0.648911,s-5.393666,s272.711743
168_158,s-2.133324,s-4.996028,s92.584128
168_159,s-4.190147,s-3.662636,s174.079653
168_160,s2.611262,s-4.584787,s120.399273
168_161,s4.908222,s3.318359,s196.486280
168_162,s-4.377276,s3.336432,s342.924587
168_163,s-1.192658,s-5.667943,s50.335615
168_164,s4.216117,s3.443973,s289.016454
168_165,s2.982331,s-4.353943,s241.637530
168_166,s-4.970742,s1.709761,s29.919723
168_167,s1.893654,s5.351287,s286.178727
169_0,s0.035773,s-0.022674,s329.606924
169_1,s0.419348,s-0.272299,s294.279554
169_2,s-0.206656,s0.455295,s0.824946
169_3,s-0.414531,s-0.175112,s68.646230
169_4,s0.432424,s0.801928,s288.351451
169_5,s-0.528490,s-0.805224,s295.914641
169_6,s-0.638246,s0.634540,s113.159875
169_7,s0.949598,s0.313471,s309.288303
169_8,s-0.999292,s-0.459799,s57.792258
169_9,s0.484678,s1.313426,s12.407872
169_10,s0.637428,s-0.635362,s150.986209
169_11,s1.084437,s-0.621689,s242.513595
169_12,s-0.639806,s1.015208,s11.418021
169_13,s-0.996439,s-0.983417,s233.722626
169_14,s1.399091,s0.050432,s200.619159
169_15,s0.912096,s-1.190832,s147.624852
169_16,s1.145156,s1.256431,s304.369382
169_17,s-1.258088,s0.905381,s155.008786
169_18,s-1.422077,s-0.836778,s66.161894
169_19,s1.345905,s-1.479371,s311.311688
169_20,s-0.525787,s-1.773710,s284.998377
169_21,s1.815683,s0.372869,s10.847980
169_22,s1.917064,s-0.569971,s223.502054
169_23,s-1.193307,s1.478519,s18.759183
169_24,s-1.944278,s-0.149272,s356.933192
169_25,s-1.738309,s1.348437,s133.166314
169_26,s-0.921809,s1.886868,s336.458289
169_27,s-0.139922,s1.617766,s322.554945
169_28,s0.886198,s-1.926772,s268.362064
169_29,s-1.155271,s-1.753667,s239.392434
169_30,s2.199655,s0.959957,s205.727467
169_31,s-2.384984,s-0.761455,s239.236614
169_32,s-1.475132,s-1.423546,s78.543040
169_33,s0.084607,s-1.948164,s230.304716
169_34,s2.227669,s-0.188981,s303.978892
169_35,s1.167130,s2.097095,s91.678115
169_36,s0.492901,s2.371519,s349.261826
169_37,s-1.672794,s1.857891,s74.878825
169_38,s1.643000,s1.884291,s10.585046
169_39,s-0.453706,s-2.407624,s170.084290
169_40,s-1.439213,s-2.105033,s58.865128
169_41,s2.327714,s1.368117,s352.428037
169_42,s-2.530098,s-1.311908,s107.876075
169_43,s1.067134,s-2.458051,s271.254382
169_44,s-2.858065,s-0.710928,s326.126362
169_45,s-1.127601,s-2.508190,s133.453846
169_46,s-1.075419,s2.421977,s33.282833
169_47,s2.060609,s-1.415589,s176.058458
169_48,s-2.533299,s0.934021,s24.210874
169_49,s2.723463,s0.650193,s304.156786
169_50,s-2.870403,s0.413260,s24.267465
169_51,s2.635562,s-1.222704,s280.132429
169_52,s-0.924117,s-3.167966,s174.104676
169_53,s0.389658,s-2.924152,s83.039774
169_54,s1.272910,s2.826606,s274.613621
169_55,s-0.533424,s2.901372,s207.497874
169_56,s-1.844933,s-2.402900,s104.606121
169_57,s2.284973,s-2.151185,s252.007123
169_58,s-1.989093,s2.600315,s135.121275
169_59,s2.867986,s1.731229,s358.631780
169_60,s2.729277,s-1.764524,s231.187766
169_61,s0.792379,s-3.048710,s244.991720
169_62,s1.940340,s-2.730857,s268.129125
169_63,s0.987814,s3.486116,s247.659633
169_64,s-0.710786,s3.273726,s344.199450
169_65,s-3.279127,s-0.469981,s115.188269
169_66,s-2.165170,s-3.056006,s244.769388
169_67,s3.058305,s-0.488897,s8.664847
169_68,s-3.207721,s-1.127175,s90.573811
169_69,s2.175171,s2.414774,s171.062128
169_70,s-2.862014,s-1.891784,s100.403939
169_71,s-2.673894,s1.847374,s103.637075
169_72,s1.044942,s-3.548965,s151.904845
169_73,s-1.738800,s3.014611,s40.515990
169_74,s-0.432358,s-3.426938,s242.409849
169_75,s-2.630575,s2.530331,s89.296812
169_76,s3.447263,s0.137406,s201.117321
169_77,s3.287362,s2.003933,s272.621616
169_78,s-2.877082,s-2.482418,s191.929965
169_79,s3.530941,s0.924637,s267.262652
169_80,s2.842048,s-2.885353,s307.117847
169_81,s-3.703238,s1.759554,s197.280221
169_82,s-3.702209,s-1.657785,s158.990564
169_83,s-1.372612,s3.382076,s19.550513
169_84,s1.698677,s-3.287019,s265.765177
169_85,s2.572996,s2.997031,s86.642346
169_86,s3.134886,s2.642440,s253.699385
169_87,s3.295832,s-1.788853,s312.880115
169_88,s-4.138986,s-0.713298,s108.378460
169_89,s-2.808470,s2.987055,s355.544648
169_90,s3.827418,s1.324149,s298.365757
169_91,s-1.601851,s-3.610619,s202.121145
169_92,s2.196965,s3.461697,s76.817361
169_93,s1.440781,s-3.945142,s217.663234
169_94,s3.862796,s-1.729822,s257.309670
169_95,s3.661762,s-2.528636,s220.634723
169_96,s4.006940,s0.589011,s199.679958
169_97,s1.532264,s3.910520,s43.417766
169_98,s-1.229196,s4.172718,s265.718231
169_99,s-2.133776,s-3.559424,s182.828185
169_100,s3.519078,s-0.759005,s277.507963
169_101,s-1.975038,s3.819584,s22.025806
169_102,s0.192777,s3.845171,s213.151773
169_103,s-3.601808,s2.780194,s176.238579
169_104,s4.128401,s-1.202625,s328.130678
169_105,s-3.883370,s1.149757,s169.099337
169_106,s4.621893,s-0.246989,s2.128826
169_107,s2.457008,s-3.599642,s244.074417
169_108,s-3.285129,s-2.774514,s88.414966
169_109,s-3.344719,s3.157983,s7.174367
169_110,s-4.401831,s1.151687,s134.815902
169_111,s2.720665,s3.954489,s92.710424
169_112,s3.270028,s-3.164633,s185.991767
169_113,s3.310322,s3.334119,s203.592845
169_114,s-2.789225,s-3.594819,s175.066726
169_115,s-4.185763,s-1.783785,s81.698405
169_116,s1.258955,s-4.372360,s128.014040
169_117,s-4.171839,s2.664256,s166.918587
169_118,s3.989554,s2.484645,s229.813536
169_119,s4.814294,s0.587430,s308.962452
169_120,s3.971627,s2.869875,s345.310986
169_121,s4.753945,s-0.769131,s229.218284
169_122,s-1.231143,s-4.620534,s305.405793
169_123,s2.090919,s-4.209282,s292.114459
169_124,s-0.521348,s4.419355,s331.468849
169_125,s-3.102837,s3.920766,s346.397883
169_126,s3.799543,s-3.365856,s234.007448
169_127,s-4.118098,s-3.092535,s159.550359
169_128,s4.442807,s-2.293788,s312.590265
169_129,s-1.706241,s4.542109,s284.115438
169_130,s0.809362,s-5.237751,s301.904856
169_131,s0.202294,s-4.095006,s119.227388
169_132,s1.517099,s4.467628,s339.317694
169_133,s-1.213065,s5.005095,s18.527566
169_134,s-4.682042,s-0.410467,s288.846984
169_135,s-0.637385,s-4.757493,s262.318823
169_136,s2.197778,s4.267291,s29.039180
169_137,s-1.826004,s-4.384998,s183.347254
169_138,s3.134188,s3.959718,s271.886499
169_139,s4.481489,s-2.962780,s37.872567
169_140,s-4.486250,s-2.207615,s113.757337
169_141,s2.852671,s-4.227560,s199.901358
169_142,s-4.107387,s3.023139,s52.826778
169_143,s-2.329444,s4.728270,s324.687773
169_144,s-2.491025,s-4.734690,s344.116443
169_145,s-4.655541,s1.870536,s47.638040
169_146,s2.266114,s-4.735739,s195.206515
169_147,s0.623943,s4.747884,s173.725736
169_148,s1.082053,s4.932713,s300.459641
169_149,s4.751820,s1.555701,s322.170463
169_150,s-0.910088,s-5.170516,s185.684243
169_151,s-4.656294,s2.634659,s48.545604
169_152,s-3.751875,s3.672320,s72.124354
169_153,s4.476379,s3.195627,s314.009512
169_154,s3.513190,s4.368773,s318.596787
169_155,s-0.431146,s-5.381475,s261.277673
169_156,s-3.352272,s-3.659857,s111.702965
169_157,s-3.381810,s4.588394,s123.568010
169_158,s2.526737,s4.772379,s269.426421
169_159,s5.281260,s-2.144363,s325.692245
169_160,s-5.032321,s-1.816107,s75.722247
169_161,s5.346860,s1.833394,s283.369050
169_162,s-4.997228,s1.245076,s18.889450
169_163,s5.454100,s1.166679,s263.891203
169_164,s5.178134,s-0.476373,s244.844829
169_165,s4.242497,s3.881201,s3.640066
169_166,s-0.771946,s5.033454,s318.266839
169_167,s-5.490820,s1.529998,s130.259227
169_168,s-3.641266,s-4.188518,s167.576658
170_0,s0.089344,s-0.114074,s31.780190
170_1,s0.638493,s-0.004833,s190.254360
170_2,s0.469560,s0.549913,s237.654459
170_3,s-0.611229,s-0.692673,s53.692215
170_4,s-0.207829,s0.776137,s281.013627
170_5,s-0.565946,s0.719763,s32.219982
170_6,s-0.139460,s-1.485621,s47.695753
170_7,s0.402941,s-0.954079,s247.774036
170_8,s-0.567392,s0.241665,s122.970938
170_9,s1.553417,s0.230759,s171.198708
170_10,s0.422050,s-1.577709,s252.978729
170_11,s-1.425993,s-0.303376,s153.323071
170_12,s0.298270,s1.300735,s71.326245
170_13,s0.776370,s1.173893,s18.567942
170_14,s-0.705471,s1.810065,s130.807161
170_15,s-0.199547,s-0.513935,s204.920132
170_16,s-1.029111,s-1.164043,s189.820287
170_17,s1.209772,s0.496460,s4.407908
170_18,s1.124385,s-0.933984,s304.994545
170_19,s-1.781964,s0.311739,s166.883124
170_20,s1.781351,s0.560502,s286.714499
170_21,s-1.110705,s0.302171,s22.797852
170_22,s2.150812,s-1.306047,s74.596505
170_23,s-0.133170,s-1.811648,s231.010579
170_24,s-0.334274,s1.800451,s320.761609
170_25,s-1.593864,s1.918152,s289.462274
170_26,s-1.190988,s-2.099059,s153.129932
170_27,s-1.969541,s-1.123776,s126.367026
170_28,s0.938865,s-2.288372,s319.403255
170_29,s-0.686728,s-2.065584,s226.711504
170_30,s-1.794073,s1.201139,s158.180441
170_31,s1.301382,s2.088439,s156.040914
170_32,s2.038854,s-0.668775,s271.922240
170_33,s-2.249360,s-0.615570,s22.120422
170_34,s2.272821,s-1.774611,s226.794978
170_35,s-2.579250,s0.382393,s126.776353
170_36,s1.598259,s1.589907,s259.373312
170_37,s-2.406443,s0.773341,s11.290219
170_38,s-2.186623,s1.470182,s330.733868
170_39,s-1.401153,s-1.509897,s148.873177
170_40,s-0.545084,s2.375773,s290.820959
170_41,s0.003923,s-2.663138,s288.429997
170_42,s-0.966281,s2.437873,s16.017786
170_43,s0.315116,s2.138987,s289.365013
170_44,s0.708613,s2.644006,s356.943505
170_45,s2.587066,s1.015379,s326.264188
170_46,s1.681636,s-1.698760,s214.401026
170_47,s-1.974996,s-1.750425,s120.734578
170_48,s-1.486788,s2.533010,s108.468524
170_49,s-0.338212,s-2.798123,s170.601795
170_50,s1.703774,s2.306473,s229.292823
170_51,s2.699485,s0.433925,s134.004458
170_52,s1.228583,s2.572817,s320.290914
170_53,s-3.037826,s0.648647,s29.654788
170_54,s2.476459,s-1.025207,s216.705710
170_55,s-3.005506,s-1.176361,s299.841004
170_56,s2.631927,s1.676273,s30.532060
170_57,s-3.009594,s-0.447384,s114.048105
170_58,s-2.231256,s-2.363022,s142.713250
170_59,s-0.170696,s2.973080,s72.984791
170_60,s0.093973,s-3.090104,s227.273905
170_61,s-1.551407,s3.007649,s65.971654
170_62,s2.120224,s2.590610,s336.023247
170_63,s-3.141989,s-1.596442,s56.911170
170_64,s1.545028,s-3.030025,s315.189893
170_65,s1.230917,s-3.238936,s172.395629
170_66,s3.157114,s-1.212292,s14.398650
170_67,s-1.781548,s-2.878099,s123.052939
170_68,s3.062097,s0.839760,s191.290964
170_69,s2.382021,s-2.497244,s263.505055
170_70,s-0.759793,s-2.645829,s123.104923
170_71,s-3.134039,s2.084720,s220.583724
170_72,s3.351664,s-0.575633,s301.833520
170_73,s-0.284942,s3.476498,s10.607591
170_74,s3.129312,s-2.202546,s352.518149
170_75,s3.028692,s2.115922,s194.885817
170_76,s-2.776129,s-1.909341,s102.237073
170_77,s-3.739544,s0.644639,s228.933944
170_78,s-4.237308,s0.389403,s201.829136
170_79,s3.535561,s1.084908,s306.735736
170_80,s-3.412073,s1.497708,s69.316161
170_81,s-1.155313,s-3.266497,s230.296339
170_82,s-2.100606,s2.695589,s24.680911
170_83,s3.793982,s0.635026,s137.748702
170_84,s2.281571,s-3.014916,s187.432897
170_85,s1.833786,s3.447439,s107.341733
170_86,s-1.809494,s3.646142,s69.760138
170_87,s0.514008,s3.451398,s57.914968
170_88,s2.632097,s2.464492,s318.724117
170_89,s-1.274426,s3.304329,s321.073768
170_90,s0.413789,s-3.938984,s251.243138
170_91,s0.993445,s3.543543,s339.174673
170_92,s-0.237917,s-3.842922,s129.073952
170_93,s2.886333,s-3.010869,s249.667474
170_94,s-2.900206,s-2.390900,s158.199206
170_95,s1.841583,s-3.503383,s200.635509
170_96,s-3.697490,s-1.638008,s136.454751
170_97,s-2.647498,s2.524062,s40.446651
170_98,s3.596767,s-1.504715,s347.181353
170_99,s-1.578303,s-3.472247,s111.671180
170_100,s3.776991,s-1.796287,s196.061223
170_101,s-3.792658,s1.202103,s140.698324
170_102,s3.616493,s1.855771,s13.871119
170_103,s-3.946151,s-0.578909,s129.249972
170_104,s-1.659092,s-4.168800,s306.683304
170_105,s-2.777752,s-3.218838,s181.294410
170_106,s4.394552,s1.891502,s113.360610
170_107,s-1.040812,s4.026993,s67.812003
170_108,s3.692716,s2.700545,s299.282693
170_109,s-3.614146,s3.039436,s320.594578
170_110,s2.702262,s-3.648074,s213.377578
170_111,s4.049728,s-1.025035,s255.790452
170_112,s1.195096,s-4.445044,s163.208828
170_113,s4.423878,s-1.493749,s196.739981
170_114,s4.148966,s0.130607,s317.809931
170_115,s1.498459,s3.911090,s282.516485
170_116,s1.757573,s-4.148425,s165.546373
170_117,s-3.394056,s-2.592122,s82.910409
170_118,s-4.406015,s1.918925,s187.035116
170_119,s2.511719,s3.552502,s324.694625
170_120,s-1.048113,s-4.292844,s162.112859
170_121,s3.415109,s-2.607801,s242.430901
170_122,s-4.587023,s-1.238950,s210.714332
170_123,s-3.466990,s2.342249,s37.354996
170_124,s4.279196,s1.311838,s230.142776
170_125,s0.149627,s-4.407127,s127.689284
170_126,s-2.838568,s3.936265,s308.271875
170_127,s3.219579,s3.154429,s23.661852
170_128,s-0.703770,s4.688761,s117.411077
170_129,s-3.662445,s-3.221021,s51.116150
170_130,s4.192940,s-2.582260,s292.684647
170_131,s-2.563137,s-4.118188,s272.767899
170_132,s4.328179,s-0.533065,s286.744005
170_133,s1.483057,s4.404981,s302.233663
170_134,s3.790072,s3.311602,s262.674723
170_135,s0.212404,s4.396754,s95.339776
170_136,s-4.560101,s1.020487,s145.990842
170_137,s0.662110,s4.624088,s172.124842
170_138,s-4.434801,s-2.367619,s145.071369
170_139,s2.439540,s-4.263936,s184.218216
170_140,s-4.998250,s1.267619,s346.360223
170_141,s-4.862321,s0.125739,s123.794831
170_142,s3.827065,s-3.406926,s162.523177
170_143,s2.297117,s4.291820,s274.285874
170_144,s-4.405967,s2.358181,s324.870922
170_145,s4.266771,s2.448160,s336.119722
170_146,s-4.910585,s2.644384,s62.185168
170_147,s-3.227855,s3.843153,s53.386544
170_148,s4.923372,s0.608122,s220.555205
170_149,s-4.707314,s-0.746356,s84.065274
170_150,s0.965863,s4.892774,s279.812200
170_151,s4.874077,s-0.963558,s300.731207
170_152,s-3.606374,s-3.768870,s322.702787
170_153,s-3.950328,s3.602180,s152.991893
170_154,s-2.095737,s-4.522280,s214.814683
170_155,s-5.077659,s-1.718931,s54.985496
170_156,s-0.944482,s-5.162624,s165.109063
170_157,s3.304013,s4.041200,s8.933511
170_158,s-2.738368,s-4.703418,s34.717589
170_159,s-1.877348,s4.473008,s357.306785
170_160,s-3.207121,s4.382187,s26.611932
170_161,s4.819098,s2.489846,s238.392141
170_162,s4.302704,s-3.156978,s203.276535
170_163,s4.902680,s-2.045490,s287.730939
170_164,s5.010261,s1.216248,s326.195697
170_165,s2.237224,s5.142205,s245.970589
170_166,s-1.295927,s5.111914,s60.819523
170_167,s0.924227,s-5.306860,s233.345219
170_168,s0.355064,s-4.997986,s117.015858
170_169,s-2.408172,s4.776210,s1.009133
171_0,s0.049646,s0.277231,s158.793386
171_1,s-0.174096,s0.776650,s308.515632
171_2,s0.330674,s-0.133759,s257.685873
171_3,s-0.455212,s-0.065457,s124.578551
171_4,s-0.176785,s-0.838043,s299.433415
171_5,s-0.788163,s0.308325,s327.672533
171_6,s0.601024,s1.233611,s326.961914
171_7,s-0.798200,s-1.401970,s329.745337
171_8,s1.425989,s-0.003359,s149.997963
171_9,s0.483112,s0.600187,s237.676663
171_10,s0.623968,s-0.893347,s133.097920
171_11,s-1.166659,s0.123668,s111.161844
171_12,s-1.104495,s0.859443,s101.458408
171_13,s-0.231221,s1.300881,s343.863363
171_14,s0.928393,s-1.364758,s217.591619
171_15,s1.534809,s0.423334,s285.290901
171_16,s-1.080416,s-0.876972,s32.705083
171_17,s1.322201,s-0.998322,s276.014049
171_18,s-1.213260,s-1.250846,s148.159744
171_19,s-2.169695,s0.676053,s228.130138
171_20,s0.201116,s2.325220,s225.830636
171_21,s-1.698011,s-0.503400,s111.413051
171_22,s1.067209,s0.716009,s306.079348
171_23,s1.898597,s-0.236486,s277.685928
171_24,s-0.843278,s1.173960,s36.643679
171_25,s-1.727812,s-1.351580,s101.204451
171_26,s0.349343,s-1.751934,s260.341656
171_27,s-0.586559,s-1.841362,s141.126942
171_28,s-1.490749,s1.211812,s28.822166
171_29,s2.020418,s1.601586,s177.796393
171_30,s2.248305,s0.287751,s236.476267
171_31,s1.413909,s1.346155,s28.714516
171_32,s1.757175,s-1.338607,s207.527731
171_33,s-1.036636,s2.067599,s86.633222
171_34,s0.087414,s-2.007696,s124.195481
171_35,s-0.754688,s2.461217,s43.018637
171_36,s2.608592,s-0.438606,s239.713663
171_37,s2.239340,s0.848967,s291.125441
171_38,s1.191051,s-2.123361,s178.594588
171_39,s-1.394824,s-2.314929,s210.612116
171_40,s1.378545,s2.090617,s331.682090
171_41,s0.372285,s-2.484202,s204.084627
171_42,s-2.626337,s-0.587628,s129.241726
171_43,s-1.995894,s-1.984042,s191.479702
171_44,s0.222577,s2.686706,s0.511151
171_45,s1.619135,s-2.057923,s241.315866
171_46,s2.756766,s0.467808,s294.177090
171_47,s-2.013372,s1.142932,s60.972774
171_48,s-2.517471,s0.784104,s41.351015
171_49,s0.774529,s2.295053,s329.272200
171_50,s-1.630929,s2.427568,s358.642035
171_51,s-2.568397,s0.301391,s148.265010
171_52,s-2.100322,s1.758188,s101.399293
171_53,s-3.056919,s0.525442,s110.562673
171_54,s-0.407373,s2.837320,s355.855498
171_55,s2.725605,s-1.560931,s130.957548
171_56,s2.119305,s2.605772,s179.259740
171_57,s-1.356922,s-3.094468,s72.359431
171_58,s-0.469449,s-3.090118,s336.826884
171_59,s-2.762869,s-1.501476,s316.552944
171_60,s2.540943,s1.866132,s239.074165
171_61,s-2.241065,s2.291093,s14.336628
171_62,s1.984642,s-2.853778,s94.602142
171_63,s3.397015,s-0.531532,s3.440342
171_64,s-0.968737,s-3.309501,s245.840181
171_65,s-2.629968,s-2.021756,s113.165229
171_66,s2.437337,s-2.509486,s316.570764
171_67,s2.665051,s2.507151,s277.810084
171_68,s3.005227,s-1.110163,s224.849584
171_69,s1.057197,s-3.092007,s147.648611
171_70,s-2.396134,s-2.412487,s176.890824
171_71,s-3.401532,s-1.100444,s140.731486
171_72,s-3.292512,s-0.689649,s41.834740
171_73,s-3.236758,s1.343846,s51.097121
171_74,s-1.070636,s3.539418,s111.086720
171_75,s0.598642,s3.061604,s300.909791
171_76,s3.631070,s-1.095286,s337.406882
171_77,s-2.849071,s1.969921,s37.420645
171_78,s0.446834,s3.826293,s124.244810
171_79,s-0.177360,s3.841643,s96.318931
171_80,s1.709258,s3.418837,s138.345984
171_81,s3.504119,s1.409344,s134.962444
171_82,s2.531094,s-2.833947,s199.629815
171_83,s3.328937,s-1.812359,s194.958888
171_84,s2.196508,s3.024342,s318.854697
171_85,s1.352979,s-3.480623,s239.535360
171_86,s3.191263,s1.938078,s260.061166
171_87,s-3.475350,s2.031309,s35.454167
171_88,s-1.554178,s-3.540946,s227.284526
171_89,s-3.820076,s-0.780429,s94.807449
171_90,s0.862819,s4.225220,s42.081096
171_91,s-2.784959,s2.996564,s330.818178
171_92,s3.139983,s-2.404741,s157.707213
171_93,s-3.309895,s-1.708322,s161.673563
171_94,s-2.017275,s-3.243699,s102.125664
171_95,s3.895490,s-1.789215,s328.073946
171_96,s-4.301984,s0.033667,s230.880192
171_97,s3.925943,s1.493526,s237.453826
171_98,s-2.374098,s-3.674376,s202.698448
171_99,s-3.853997,s1.121719,s177.822616
171_100,s2.904834,s3.473034,s219.489223
171_101,s1.551445,s3.964577,s233.817171
171_102,s-4.003266,s1.493514,s0.233603
171_103,s3.550315,s0.539237,s248.306182
171_104,s-0.583643,s-4.025083,s187.039007
171_105,s-2.213419,s3.817535,s326.925263
171_106,s1.478309,s-4.032201,s191.436952
171_107,s3.829702,s2.133988,s299.563594
171_108,s-3.463773,s-2.775229,s298.224126
171_109,s-4.371269,s0.859112,s168.320095
171_110,s-3.995879,s-1.773549,s69.142764
171_111,s0.377068,s-3.252463,s140.726296
171_112,s3.577655,s2.657967,s340.198636
171_113,s-2.708720,s3.757771,s59.991875
171_114,s-1.339451,s-4.459895,s250.537028
171_115,s4.319527,s0.657629,s254.976431
171_116,s0.894277,s-3.898243,s156.866549
171_117,s2.307121,s-3.979956,s11.540735
171_118,s4.010696,s-0.225954,s267.269125
171_119,s-3.790702,s-2.345075,s76.447338
171_120,s3.957264,s-2.196603,s192.593290
171_121,s4.362450,s-0.988863,s298.633401
171_122,s3.107453,s-3.363148,s323.628991
171_123,s1.949296,s4.207002,s333.186596
171_124,s-3.165430,s-3.216168,s179.160193
171_125,s-4.486056,s1.554364,s150.463461
171_126,s-3.808293,s2.900194,s286.606403
171_127,s3.781046,s-3.093026,s254.762387
171_128,s1.933967,s-4.518051,s249.005503
171_129,s-2.701220,s-4.030637,s117.686494
171_130,s0.633707,s-4.861506,s191.253006
171_131,s1.036337,s-4.468471,s221.799733
171_132,s-1.343285,s4.419615,s176.403231
171_133,s-0.385968,s4.263872,s353.552270
171_134,s-4.129483,s2.472733,s53.243076
171_135,s-4.741373,s-0.850620,s36.976406
171_136,s4.100022,s3.014899,s258.266753
171_137,s-2.525304,s4.273504,s0.752525
171_138,s1.497828,s4.328282,s43.462783
171_139,s3.070689,s3.798098,s323.880728
171_140,s3.639700,s-3.901445,s64.982893
171_141,s-3.874854,s3.416846,s28.078064
171_142,s2.749451,s-3.899802,s205.442606
171_143,s-1.749702,s-4.553314,s98.068019
171_144,s-1.605362,s4.869300,s268.148490
171_145,s-3.732521,s-3.312816,s131.856912
171_146,s4.741683,s2.097829,s134.839120
171_147,s4.575960,s-2.395114,s22.106195
171_148,s-4.904916,s-1.199246,s131.772645
171_149,s-0.841721,s-4.969580,s211.032654
171_150,s4.898557,s-1.467670,s181.212131
171_151,s-0.563947,s5.074560,s37.902822
171_152,s1.091386,s5.084426,s15.245364
171_153,s-4.149237,s-2.914685,s29.414126
171_154,s-4.995035,s1.498509,s82.449551
171_155,s5.379360,s-0.794230,s325.630854
171_156,s-4.748592,s0.077016,s94.208588
171_157,s-2.830563,s-4.544494,s152.982654
171_158,s3.809764,s3.816153,s16.513911
171_159,s-3.194381,s4.345627,s0.487414
171_160,s-5.256129,s0.370717,s346.984841
171_161,s2.082088,s5.008569,s69.737200
171_162,s4.476920,s-2.751986,s204.296535
171_163,s5.049989,s2.348462,s353.036155
171_164,s2.533101,s4.153728,s338.695487
171_165,s-0.012460,s5.447639,s52.334033
171_166,s-4.782204,s2.271936,s6.795972
171_167,s-4.625465,s-2.060355,s101.639769
171_168,s-1.995237,s4.939977,s26.978321
171_169,s-4.561470,s-3.599458,s186.155263
171_170,s-3.764318,s3.995434,s346.957066
172_0,s0.190557,s0.107011,s108.546775
172_1,s0.126958,s0.529186,s45.883167
172_2,s-1.013437,s0.669617,s258.436824
172_3,s-1.085428,s-0.101325,s17.676022
172_4,s-1.130969,s-0.732189,s316.146700
172_5,s-0.509434,s-0.913567,s277.741242
172_6,s0.106772,s-1.557415,s342.023779
172_7,s0.622328,s-0.573545,s225.402141
172_8,s1.539623,s-0.575547,s160.536244
172_9,s1.265222,s0.284590,s172.974840
172_10,s1.227252,s0.865890,s91.171886
172_11,s0.775065,s1.366488,s124.484297
172_12,s0.220687,s1.647036,s125.031881
172_13,s-0.471831,s1.868316,s178.429682
172_14,s-0.841696,s1.385779,s135.052411
172_15,s-1.715712,s0.757883,s351.417993
172_16,s-2.024768,s0.332006,s220.957001
172_17,s-1.910298,s-0.796173,s312.577786
172_18,s-1.560332,s-1.253131,s284.608031
172_19,s-0.640622,s-1.375960,s106.570403
172_20,s-0.481028,s-1.896930,s228.231165
172_21,s0.265443,s-2.099899,s320.326360
172_22,s0.981651,s-1.396802,s225.121632
172_23,s1.604324,s-1.527612,s292.575269
172_24,s2.164461,s-0.901071,s27.966507
172_25,s2.226431,s-0.138911,s75.109693
172_26,s2.200659,s0.611036,s102.580983
172_27,s2.053425,s1.243691,s93.754388
172_28,s1.540327,s1.714465,s137.826246
172_29,s1.071581,s1.993081,s98.892858
172_30,s-0.035576,s2.520004,s202.165410
172_31,s-0.419788,s2.929082,s172.752559
172_32,s-1.270849,s1.921783,s284.671737
172_33,s-1.608526,s1.766428,s73.922670
172_34,s-2.305823,s1.638204,s133.323538
172_35,s-2.701625,s0.433908,s20.880464
172_36,s-2.584307,s-0.389841,s34.125382
172_37,s-2.390370,s-0.759683,s192.389513
172_38,s-1.661765,s-1.836455,s37.495812
172_39,s-1.671429,s-2.580388,s337.369524
172_40,s-1.142337,s-2.120153,s244.579878
172_41,s-0.126111,s-2.782861,s70.711734
172_42,s0.653551,s-2.904334,s44.135168
172_43,s1.336633,s-2.094438,s157.126217
172_44,s1.287827,s-3.073798,s308.869102
172_45,s2.399537,s-1.632228,s156.124151
172_46,s2.551585,s-1.098778,s243.951813
172_47,s2.928657,s-0.251211,s177.456473
172_48,s3.078769,s0.323354,s126.960901
172_49,s2.928592,s0.725024,s26.034758
172_50,s2.589200,s1.602756,s77.895806
172_51,s2.409294,s2.241036,s118.396624
172_52,s1.658028,s2.661873,s158.630352
172_53,s1.074600,s2.886385,s188.601217
172_54,s0.717370,s3.094788,s69.175298
172_55,s-0.200215,s3.410687,s107.736058
172_56,s-1.108688,s2.970733,s176.431528
172_57,s-1.540784,s2.727521,s140.865918
172_58,s-2.181869,s2.420324,s94.190722
172_59,s-2.834783,s1.795543,s24.666211
172_60,s-3.312654,s0.997900,s328.153589
172_61,s-3.652322,s0.374605,s302.724724
172_62,s-3.373425,s-0.128941,s220.549671
172_63,s-2.899141,s-1.473973,s353.156820
172_64,s-2.893392,s-2.048876,s319.560928
172_65,s-2.482037,s-2.336426,s282.035268
172_66,s-2.012286,s-2.803386,s109.815407
172_67,s-1.315051,s-3.515297,s9.465059
172_68,s-0.499269,s-3.165160,s134.556503
172_69,s-0.198945,s-3.480028,s293.273950
172_70,s1.172877,s-3.597692,s48.940618
172_71,s1.961319,s-3.188426,s148.294884
172_72,s2.323288,s-2.550547,s174.568654
172_73,s2.649486,s-2.426499,s279.016311
172_74,s2.959361,s-1.829864,s271.431833
172_75,s3.549699,s-1.359007,s35.103979
172_76,s3.349684,s-0.487858,s273.454991
172_77,s3.488483,s0.425513,s207.322760
172_78,s3.585995,s0.915888,s57.591144
172_79,s3.283215,s1.537407,s299.691878
172_80,s2.886258,s2.004183,s300.033499
172_81,s2.731685,s2.599295,s83.192210
172_82,s1.749989,s3.448524,s212.517798
172_83,s1.415498,s3.790475,s168.796065
172_84,s0.827017,s3.734308,s71.408843
172_85,s-0.047443,s3.900997,s57.575733
172_86,s-0.866543,s3.575821,s9.060071
172_87,s-1.539024,s3.159211,s336.328673
172_88,s-1.627887,s3.939260,s115.585723
172_89,s-2.932369,s2.646545,s335.124866
172_90,s-3.788115,s2.366606,s291.813238
172_91,s-3.433325,s1.918546,s160.955479
172_92,s-3.944438,s1.249386,s151.538987
172_93,s-4.098914,s0.245471,s126.133159
172_94,s-4.053136,s-0.496533,s320.512682
172_95,s-4.018156,s-0.999001,s251.749005
172_96,s-3.771589,s-1.641459,s239.662920
172_97,s-3.247597,s-2.249262,s145.008967
172_98,s-3.112380,s-3.128914,s342.516131
172_99,s-2.595664,s-3.318719,s219.872953
172_100,s-1.913946,s-3.668404,s246.064785
172_101,s-1.359686,s-4.315081,s303.007387
172_102,s-0.512774,s-3.819816,s219.329976
172_103,s0.249233,s-4.568834,s311.665788
172_104,s1.156832,s-3.957530,s187.586452
172_105,s1.626479,s-4.213133,s286.805049
172_106,s2.611868,s-3.557093,s173.310118
172_107,s2.763115,s-2.998721,s207.769042
172_108,s3.292802,s-2.851265,s288.395196
172_109,s4.036143,s-1.792079,s163.031019
172_110,s4.421816,s-1.311949,s109.277162
172_111,s4.616673,s-0.797981,s31.054256
172_112,s4.462494,s0.265103,s131.658756
172_113,s4.316384,s0.943785,s218.913610
172_114,s4.084406,s1.376892,s310.261829
172_115,s3.887416,s2.115999,s307.344063
172_116,s3.898743,s2.618319,s26.647618
172_117,s3.213530,s3.412353,s158.005817
172_118,s2.415524,s3.933869,s238.759020
172_119,s1.752509,s3.986173,s294.231047
172_120,s1.275451,s4.279610,s325.056132
172_121,s0.628723,s4.314717,s319.241527
172_122,s-0.199415,s4.800974,s258.191033
172_123,s-0.657857,s4.478535,s53.791606
172_124,s-1.607095,s4.764816,s207.397541
172_125,s-2.457235,s4.362775,s277.175132
172_126,s-2.699091,s3.588364,s4.398085
172_127,s-3.264729,s3.575629,s107.320256
172_128,s-4.179963,s2.544494,s347.097432
172_129,s-4.228398,s1.988076,s37.640924
172_130,s-4.626442,s1.173673,s331.270435
172_131,s-4.671010,s0.701522,s129.616720
172_132,s-5.058938,s-0.058418,s158.415289
172_133,s-4.714973,s-0.683006,s121.476824
172_134,s-4.574467,s-1.416108,s337.695604
172_135,s-4.256104,s-2.237004,s14.841968
172_136,s-4.285466,s-2.884672,s304.335835
172_137,s-3.797378,s-3.081091,s197.730322
172_138,s-2.930991,s-3.941706,s89.808446
172_139,s-2.361632,s-4.262039,s29.626072
172_140,s-1.668211,s-4.725891,s27.282705
172_141,s-1.126274,s-4.892565,s108.964867
172_142,s-0.313768,s-4.777682,s120.188692
172_143,s0.063487,s-5.158145,s255.708798
172_144,s0.893059,s-5.451603,s295.674092
172_145,s1.598832,s-4.779648,s275.521483
172_146,s2.606352,s-4.777965,s271.453958
172_147,s3.439723,s-3.916440,s174.717447
172_148,s3.532979,s-3.372524,s248.176352
172_149,s4.349371,s-2.879235,s98.175185
172_150,s4.451775,s-2.477977,s358.662964
172_151,s4.742462,s-1.717031,s267.329264
172_152,s4.965636,s-1.110302,s269.209695
172_153,s5.227388,s-0.494261,s55.343698
172_154,s5.312562,s0.460437,s128.021114
172_155,s5.042147,s1.078299,s312.719780
172_156,s4.955633,s1.767120,s275.497221
172_157,s4.853586,s2.387960,s139.996185
172_158,s4.110620,s3.267685,s214.121100
172_159,s4.046851,s3.835689,s116.760792
172_160,s3.457497,s3.997404,s66.574741
172_161,s2.583944,s4.632796,s286.413953
172_162,s2.053416,s5.136211,s202.234458
172_163,s1.575854,s5.324460,s119.296811
172_164,s0.603594,s5.285219,s298.017414
172_165,s0.109677,s5.346452,s39.393920
172_166,s-0.997266,s5.369279,s254.804154
172_167,s-1.761479,s5.623451,s208.337809
172_168,s-2.141600,s4.901869,s69.459997
172_169,s-2.706727,s4.759196,s110.785835
172_170,s-3.592639,s4.111521,s291.078621
172_171,s-3.959886,s3.672662,s41.918459
173_0,s0.000000,s0.000000,s302.578096
173_1,s-0.137149,s-0.266815,s116.871651
173_2,s0.390655,s-0.387155,s223.070827
173_3,s-0.081186,s0.594482,s297.631901
173_4,s-0.389020,s0.226193,s19.079473
173_5,s0.232400,s-0.869477,s183.630224
173_6,s-0.840361,s0.127643,s166.570257
173_7,s0.873659,s0.486539,s253.638983
173_8,s-1.006766,s0.555808,s101.472176
173_9,s0.866331,s-0.243865,s297.625178
173_10,s-0.429441,s1.120527,s287.642837
173_11,s-1.066978,s-0.981865,s27.238195
173_12,s-1.304732,s1.010036,s66.784405
173_13,s0.786835,s1.096992,s331.248600
173_14,s-0.446682,s-1.273960,s332.953702
173_15,s1.025572,s-1.025038,s300.350000
173_16,s-1.692126,s-0.163426,s186.500378
173_17,s-0.213765,s-1.636094,s203.032805
173_18,s-0.789883,s1.333636,s28.913625
173_19,s1.501263,s0.684624,s277.942167
173_20,s0.550458,s-1.608414,s236.933689
173_21,s-0.810420,s-1.379572,s88.830270
173_22,s1.641938,s-1.141945,s175.197519
173_23,s-0.482433,s1.734145,s0.826713
173_24,s-0.644387,s-1.946090,s145.627886
173_25,s1.888290,s-0.798037,s261.248537
173_26,s0.787511,s1.729112,s11.570790
173_27,s-2.020444,s0.346850,s125.412174
173_28,s-1.913636,s-1.183426,s40.048486
173_29,s1.304048,s1.381832,s290.606960
173_30,s1.941888,s0.177679,s133.145227
173_31,s-2.340617,s0.723887,s358.336939
173_32,s0.847844,s-2.298621,s290.663974
173_33,s1.234295,s1.999754,s317.007143
173_34,s-1.557578,s-1.623715,s157.835416
173_35,s1.875661,s1.242738,s251.833760
173_36,s-0.948457,s2.204638,s94.031318
173_37,s-2.618115,s0.409847,s56.130164
173_38,s2.000801,s-1.498932,s244.595721
173_39,s-1.491054,s-2.545439,s86.151086
173_40,s0.349004,s-2.727764,s52.846392
173_41,s2.389240,s1.459977,s352.935337
173_42,s0.493508,s2.654515,s324.939440
173_43,s2.637433,s-1.205798,s255.265421
173_44,s-2.579838,s-0.796516,s117.883027
173_45,s1.491603,s-2.545117,s119.809378
173_46,s2.848794,s0.542560,s105.858903
173_47,s3.096867,s0.139342,s209.455805
173_48,s-2.227052,s1.778410,s319.896465
173_49,s1.986155,s-2.113099,s266.280196
173_50,s-0.230487,s-2.740324,s89.664391
173_51,s-1.018427,s2.715291,s327.970548
173_52,s-1.671322,s2.670053,s114.430948
173_53,s1.834359,s2.048811,s291.529014
173_54,s3.190261,s0.843940,s311.308031
173_55,s2.770834,s1.882812,s285.566838
173_56,s1.035318,s-3.133387,s179.406571
173_57,s-2.543789,s-1.392530,s105.931100
173_58,s-3.046993,s-0.135410,s59.812611
173_59,s-2.561420,s-2.000407,s296.910363
173_60,s-0.932352,s-3.008857,s146.561051
173_61,s-2.982033,s1.014879,s307.521039
173_62,s2.092163,s-2.616363,s218.630418
173_63,s0.177898,s3.094891,s34.142701
173_64,s2.558339,s-2.603344,s268.924413
173_65,s-2.577939,s1.810174,s71.634381
173_66,s0.634837,s-3.441944,s113.518358
173_67,s-3.362296,s-0.772959,s161.920968
173_68,s1.948577,s2.847025,s51.699550
173_69,s2.253645,s2.677888,s297.932904
173_70,s-1.195518,s3.289489,s338.384493
173_71,s-1.729275,s-2.985315,s201.761725
173_72,s-3.136910,s1.662016,s125.756918
173_73,s-2.288114,s2.714228,s66.685293
173_74,s2.884547,s2.473740,s289.505765
173_75,s1.067304,s3.438148,s348.360653
173_76,s-1.786240,s3.067874,s64.529123
173_77,s3.583846,s-1.103878,s38.722717
173_78,s-3.511485,s0.793392,s124.698027
173_79,s3.715386,s-0.508334,s287.371231
173_80,s-0.814308,s-3.558005,s242.605069
173_81,s-0.403830,s3.778481,s10.769385
173_82,s-2.388822,s-2.626029,s83.333855
173_83,s2.932781,s-1.816946,s263.777966
173_84,s-3.063343,s-2.162968,s35.778095
173_85,s-1.415679,s3.794516,s41.354240
173_86,s3.349985,s-2.185772,s205.209705
173_87,s1.700275,s-3.001927,s144.967609
173_88,s0.329986,s3.584844,s325.507915
173_89,s3.776562,s0.748385,s164.288258
173_90,s-3.098896,s2.284588,s3.985122
173_91,s-2.114068,s-3.336647,s142.174856
173_92,s1.417995,s-3.846984,s220.998430
173_93,s-3.572726,s2.111428,s64.691521
173_94,s2.262112,s3.298917,s338.281249
173_95,s-4.018666,s-0.812601,s183.505277
173_96,s2.114675,s-3.395313,s211.365005
173_97,s-1.323149,s-4.301079,s306.882237
173_98,s4.093176,s-1.472553,s10.029359
173_99,s3.881359,s1.468861,s241.708607
173_100,s0.504999,s4.471574,s96.094542
173_101,s1.480787,s4.090204,s312.275174
173_102,s-2.009827,s3.573597,s17.516264
173_103,s3.028685,s-3.191718,s290.366472
173_104,s-0.846801,s4.266782,s60.292835
173_105,s4.095764,s2.093972,s215.173392
173_106,s-0.655741,s-4.350862,s132.623057
173_107,s-2.993676,s-3.016688,s68.573669
173_108,s-4.155129,s1.106754,s17.171883
173_109,s4.506532,s-0.627429,s176.006632
173_110,s0.890595,s-4.053312,s171.057461
173_111,s3.266153,s3.095520,s241.323916
173_112,s-3.797780,s-1.907712,s191.097705
173_113,s-2.581789,s3.500981,s85.977901
173_114,s-4.644511,s-0.995499,s221.751876
173_115,s4.086252,s0.335472,s216.132995
173_116,s-3.990464,s-2.576566,s132.103923
173_117,s-3.062193,s-3.889149,s22.939528
173_118,s-4.614227,s-1.648911,s196.359444
173_119,s4.013961,s-2.539806,s1.054427
173_120,s4.669675,s0.533039,s214.625090
173_121,s-1.740001,s-3.712465,s176.491323
173_122,s2.855090,s3.413351,s334.631161
173_123,s3.072545,s-3.816997,s305.922943
173_124,s1.455504,s-4.835701,s98.061112
173_125,s-3.660796,s-3.257080,s140.393316
173_126,s-3.462654,s2.951699,s44.497135
173_127,s2.145470,s-4.293828,s228.026386
173_128,s1.176395,s4.808180,s253.718509
173_129,s4.343168,s-1.661141,s188.148586
173_130,s-1.739683,s-4.740886,s179.851879
173_131,s-2.841866,s4.294916,s147.103890
173_132,s-4.609383,s2.063029,s174.952645
173_133,s-4.287119,s-0.332587,s357.467983
173_134,s2.679044,s4.162358,s350.019690
173_135,s3.955138,s3.219765,s41.621036
173_136,s3.900214,s-3.128631,s192.782931
173_137,s-3.995155,s2.837029,s67.224280
173_138,s-4.404968,s0.631474,s38.374731
173_139,s-5.041746,s-1.273105,s142.601733
173_140,s-5.046420,s0.737320,s58.410635
173_141,s-2.701090,s-4.325981,s273.764228
173_142,s-1.899216,s4.571157,s29.798428
173_143,s5.019645,s0.901755,s5.069882
173_144,s-0.651905,s4.906885,s288.696694
173_145,s4.660705,s-2.523455,s165.391305
173_146,s0.928314,s5.065642,s70.336322
173_147,s-3.549002,s4.069961,s335.887643
173_148,s4.651076,s2.325402,s59.478373
173_149,s5.083740,s-0.736028,s190.452853
173_150,s3.377239,s-4.404175,s337.112899
173_151,s-4.786377,s-2.276091,s92.267938
173_152,s-5.113464,s1.735653,s26.592066
173_153,s-3.152548,s-4.384227,s56.407456
173_154,s4.634460,s1.876642,s269.600892
173_155,s3.654439,s4.110362,s254.202161
173_156,s1.741374,s5.164312,s43.449361
173_157,s-3.459750,s-4.779135,s102.601527
173_158,s-0.803851,s-4.934959,s224.557697
173_159,s5.081773,s-2.231162,s216.810648
173_160,s-2.641659,s4.709739,s50.727238
173_161,s-1.216932,s-5.107012,s152.471908
173_162,s3.124295,s4.707577,s322.145104
173_163,s-2.461234,s-4.750245,s181.804491
173_164,s4.165167,s-4.248986,s279.080858
173_165,s0.689968,s5.557332,s35.457632
173_166,s-1.490418,s5.086124,s64.183708
173_167,s4.978871,s2.670832,s222.847782
173_168,s-3.652230,s4.633704,s35.658414
173_169,s-4.953974,s-0.676861,s333.902702
173_170,s5.376941,s0.498499,s313.869504
173_171,s-5.978025,s0.930438,s350.909942
173_172,s-4.939330,s-3.226922,s262.920483
174_0,s-0.120289,s-0.000210,s102.332515
174_1,s-0.360796,s0.509569,s76.418122
174_2,s0.267074,s-0.497133,s144.703556
174_3,s0.329861,s0.322661,s224.093300
174_4,s0.209232,s0.727758,s15.409588
174_5,s-0.670650,s-0.432856,s138.696080
174_6,s0.653101,s-0.534270,s249.333936
174_7,s1.030533,s0.271460,s182.394308
174_8,s0.385812,s-1.045134,s175.866213
174_9,s0.832537,s0.815031,s291.839096
174_10,s1.194946,s-1.037705,s213.669657
174_11,s-1.473638,s0.147123,s343.464562
174_12,s-0.746118,s-1.042008,s243.697182
174_13,s-1.156419,s1.036646,s259.782275
174_14,s-0.316577,s1.315121,s32.729517
174_15,s-1.253115,s-0.205413,s155.225550
174_16,s1.686057,s-0.758511,s315.917814
174_17,s0.302203,s1.696186,s41.577827
174_18,s-1.873290,s0.367346,s110.346405
174_19,s1.522657,s0.720076,s199.867359
174_20,s-1.184324,s1.548587,s98.213983
174_21,s0.567293,s1.441717,s288.345272
174_22,s-0.934347,s-1.638692,s281.115663
174_23,s2.001706,s0.412417,s236.026037
174_24,s-0.524063,s2.127035,s337.724417
174_25,s-1.551795,s-1.567748,s315.025910
174_26,s1.025093,s-2.046464,s41.792291
174_27,s-0.521580,s-2.116665,s164.067770
174_28,s-0.058484,s-1.764945,s178.941403
174_29,s-1.832867,s-0.968111,s101.363142
174_30,s0.440216,s2.190645,s328.917789
174_31,s-1.083511,s-2.036463,s117.933031
174_32,s1.868696,s-1.972110,s127.467763
174_33,s1.425730,s1.923384,s355.582285
174_34,s-1.906962,s0.986643,s86.926782
174_35,s1.936453,s-1.346829,s300.847247
174_36,s1.694120,s1.505257,s305.499359
174_37,s1.910535,s0.919018,s270.734296
174_38,s2.325505,s-1.798107,s174.848363
174_39,s-1.623744,s2.180953,s129.809451
174_40,s2.386486,s-0.415146,s300.235383
174_41,s-1.100926,s2.108012,s339.229691
174_42,s0.325448,s-2.521293,s345.555939
174_43,s-2.662803,s-0.899622,s75.376761
174_44,s-2.378293,s1.885400,s84.097321
174_45,s1.853238,s2.182844,s325.657927
174_46,s-0.273278,s-2.752271,s182.832782
174_47,s0.955567,s-2.595965,s254.312818
174_48,s-2.664809,s1.448139,s111.592477
174_49,s-2.327972,s-2.219672,s313.595231
174_50,s0.390837,s2.763695,s12.133887
174_51,s-2.862785,s0.120033,s57.785187
174_52,s-1.181889,s-2.858159,s250.916914
174_53,s-1.582524,s-2.712093,s120.854015
174_54,s2.302423,s1.312280,s336.059139
174_55,s0.686753,s-2.894601,s157.236568
174_56,s2.851928,s0.884555,s207.094004
174_57,s-2.905598,s-1.298147,s191.888604
174_58,s-1.397616,s2.614040,s19.378153
174_59,s1.545274,s2.991731,s123.437455
174_60,s3.239568,s-1.170130,s5.808462
174_61,s0.601454,s3.354379,s303.950095
174_62,s1.196737,s-3.105933,s180.512534
174_63,s2.960329,s1.234781,s356.348403
174_64,s-1.533125,s-3.230190,s174.890444
174_65,s1.816373,s-3.031216,s215.810733
174_66,s-1.080757,s3.499773,s207.869645
174_67,s2.524559,s2.138165,s330.576680
174_68,s2.580586,s-2.479132,s228.886273
174_69,s-1.923015,s3.091505,s54.381887
174_70,s-2.878247,s-2.251047,s171.947959
174_71,s-2.543698,s2.353382,s25.089157
174_72,s2.624700,s-1.306506,s234.368517
174_73,s-3.364555,s-0.342285,s117.186332
174_74,s-1.084244,s-3.488097,s246.941994
174_75,s-3.389711,s-1.541974,s159.442511
174_76,s3.331855,s-0.257046,s291.468595
174_77,s-0.454492,s3.452163,s33.666740
174_78,s-3.263029,s1.745254,s120.325825
174_79,s2.360917,s2.943703,s15.510607
174_80,s-3.237091,s0.885819,s124.169300
174_81,s2.460005,s-2.971058,s179.966023
174_82,s-2.514558,s-3.137655,s95.252706
174_83,s3.054396,s-2.248388,s310.082321
174_84,s0.376029,s-3.932057,s41.472030
174_85,s3.320361,s1.774292,s288.027173
174_86,s0.785219,s-3.892235,s219.312251
174_87,s3.556897,s1.310004,s268.203999
174_88,s-1.468637,s3.543041,s26.490122
174_89,s-3.133070,s2.383127,s39.579074
174_90,s1.038027,s4.199369,s129.898455
174_91,s3.374766,s0.671562,s245.866018
174_92,s3.699376,s-2.691095,s130.020383
174_93,s-3.927226,s-1.377112,s23.523686
174_94,s-0.506003,s4.338555,s44.399181
174_95,s-3.908153,s-1.751822,s121.164059
174_96,s4.176275,s-1.079966,s63.475337
174_97,s0.332763,s4.264687,s138.588737
174_98,s-3.975817,s1.913917,s169.692729
174_99,s-0.278184,s-4.055731,s80.479769
174_100,s1.523914,s3.962874,s189.518036
174_101,s3.311499,s2.425484,s241.253409
174_102,s-1.163676,s-4.131522,s140.222618
174_103,s-2.167314,s-3.440133,s219.047333
174_104,s3.079713,s2.776166,s336.354817
174_105,s3.820584,s2.614599,s289.832522
174_106,s2.059197,s4.321642,s232.327956
174_107,s1.442280,s-3.900178,s288.498427
174_108,s-2.235052,s3.857036,s68.036421
174_109,s1.404228,s4.295233,s327.547436
174_110,s-2.908740,s3.203846,s47.570328
174_111,s-3.840162,s2.441779,s66.719953
174_112,s-3.285363,s-2.729622,s139.073071
174_113,s2.841060,s-3.475463,s225.923356
174_114,s0.823904,s4.697723,s284.385252
174_115,s4.469164,s0.977102,s104.646511
174_116,s0.429356,s-4.428714,s95.310765
174_117,s4.566127,s-1.130656,s307.845437
174_118,s4.238880,s1.682958,s354.703971
174_119,s-4.507422,s-0.608258,s359.917758
174_120,s-4.510851,s1.253897,s3.557078
174_121,s3.699084,s-2.133232,s251.860114
174_122,s-3.961368,s-2.851511,s120.644656
174_123,s4.163269,s-1.888497,s323.874259
174_124,s-2.683294,s-3.770101,s58.601963
174_125,s-4.360892,s0.425778,s80.887078
174_126,s-0.541375,s-4.553182,s165.114864
174_127,s3.839534,s3.200195,s26.755123
174_128,s-1.248470,s4.255504,s55.731418
174_129,s-2.094073,s-4.346144,s69.518672
174_130,s-3.735336,s3.220871,s13.931869
174_131,s1.281150,s-4.630885,s261.664836
174_132,s-4.798876,s0.823476,s34.411122
174_133,s-4.456917,s-2.701491,s60.991867
174_134,s3.576565,s-3.280331,s211.613461
174_135,s-3.372882,s-3.879880,s213.767589
174_136,s-0.232841,s4.816066,s355.111215
174_137,s2.690422,s4.538575,s45.621026
174_138,s4.900350,s1.623085,s38.667889
174_139,s3.009453,s3.766768,s170.734666
174_140,s4.770549,s-1.712933,s297.972485
174_141,s2.431149,s-3.943367,s139.779461
174_142,s3.125544,s4.176478,s332.222920
174_143,s2.576864,s-4.427017,s205.683180
174_144,s4.117963,s-2.640498,s214.682611
174_145,s-4.585245,s-1.583857,s1.032595
174_146,s1.627584,s-5.057877,s198.068365
174_147,s1.147848,s5.139523,s358.742626
174_148,s-0.914645,s5.095508,s39.610702
174_149,s-2.176244,s-4.943656,s271.548085
174_150,s-2.073658,s4.729138,s119.602540
174_151,s4.243107,s-0.426283,s347.274612
174_152,s-4.714147,s2.397112,s176.419076
174_153,s4.675428,s-2.275765,s223.387171
174_154,s-3.190267,s4.159298,s0.317528
174_155,s-5.108099,s1.781188,s61.748375
174_156,s3.549209,s-4.156851,s172.166716
174_157,s4.657761,s2.453869,s351.466021
174_158,s2.207823,s-4.919446,s234.348866
174_159,s-4.956563,s-1.183771,s97.433330
174_160,s-4.654398,s3.031690,s264.762120
174_161,s-3.727499,s-3.484295,s147.849661
174_162,s2.110959,s5.324007,s57.881170
174_163,s5.446732,s0.762739,s30.392045
174_164,s-0.310981,s-5.258680,s294.135890
174_165,s-5.379195,s-0.336946,s321.102488
174_166,s4.853695,s-0.222377,s235.874825
174_167,s0.990557,s-5.357315,s37.205109
174_168,s5.278724,s2.072516,s202.788199
174_169,s-2.699332,s-5.116704,s32.882816
174_170,s-1.618952,s5.413847,s58.847087
174_171,s-1.812095,s-5.321918,s185.594935
174_172,s-3.729266,s-4.291726,s160.430753
174_173,s-4.684893,s3.631584,s294.306665
175_0,s-0.027664,s-0.011646,s157.396313
175_1,s-0.234227,s0.280312,s45.523733
175_2,s0.333623,s0.171759,s353.422827
175_3,s0.288826,s-0.493749,s266.131424
175_4,s-0.113865,s-0.847138,s239.280478
175_5,s-0.554921,s-0.287362,s47.385516
175_6,s0.897878,s0.419090,s233.425072
175_7,s-0.395012,s0.906873,s346.666633
175_8,s0.770574,s0.980558,s244.395234
175_9,s0.881009,s-0.904092,s247.932026
175_10,s-0.719145,s-1.361315,s5.954173
175_11,s0.423865,s1.182135,s10.870672
175_12,s-0.979319,s0.856651,s117.087887
175_13,s1.587267,s0.277197,s329.081807
175_14,s-0.790556,s1.425849,s304.002666
175_15,s1.131217,s-0.345152,s258.458515
175_16,s-1.242200,s-0.285627,s14.997382
175_17,s0.832674,s-1.564626,s88.136169
175_18,s-1.121871,s1.267329,s58.945350
175_19,s-0.127062,s-1.858289,s234.342399
175_20,s-1.150634,s-0.859987,s113.495594
175_21,s1.228367,s1.220220,s304.597722
175_22,s0.750990,s1.650230,s289.179970
175_23,s-1.964323,s0.602093,s308.420227
175_24,s-0.067457,s2.049419,s293.105365
175_25,s-1.173067,s-1.484919,s173.793582
175_26,s-1.941290,s-1.351527,s112.076455
175_27,s-1.570286,s-0.453392,s105.103951
175_28,s-1.902773,s1.333614,s76.915381
175_29,s1.845547,s-1.039732,s59.965078
175_30,s-0.994622,s1.937442,s11.715446
175_31,s-1.562034,s1.919066,s41.471695
175_32,s1.887471,s-1.685799,s58.045580
175_33,s2.230442,s0.582785,s315.511692
175_34,s-0.650942,s-1.847328,s179.498988
175_35,s2.111080,s-0.544040,s305.743692
175_36,s2.082824,s1.043885,s9.172366
175_37,s0.494197,s-2.519302,s142.321327
175_38,s-1.681306,s-1.788260,s150.992865
175_39,s0.853532,s2.427118,s253.992626
175_40,s2.345401,s1.741230,s296.625386
175_41,s1.286262,s-2.028003,s130.024928
175_42,s2.316124,s-1.358674,s314.610120
175_43,s-1.044725,s-2.591168,s123.289868
175_44,s-2.761524,s0.690002,s243.681952
175_45,s1.335252,s2.863714,s226.972442
175_46,s2.410816,s-1.735104,s196.198320
175_47,s-1.518533,s2.522533,s320.338827
175_48,s-2.547794,s-0.515426,s359.942803
175_49,s1.841232,s-2.106182,s186.385296
175_50,s-2.429654,s-1.092881,s42.587888
175_51,s-0.576329,s2.413488,s304.568306
175_52,s-2.378511,s1.899271,s113.473269
175_53,s1.071005,s-2.764193,s150.239963
175_54,s2.603637,s0.259527,s285.275688
175_55,s3.007808,s-0.644467,s350.289304
175_56,s-2.338572,s-1.959284,s186.965736
175_57,s2.147722,s2.392695,s337.011310
175_58,s-1.065241,s-3.090731,s215.029708
175_59,s1.106319,s3.132862,s90.346451
175_60,s1.481084,s-3.074633,s258.982264
175_61,s-3.020825,s-1.434426,s21.372156
175_62,s-3.159002,s0.833602,s43.308585
175_63,s2.897219,s1.168401,s333.361349
175_64,s-2.815616,s-2.060060,s154.292497
175_65,s-2.135809,s2.790297,s123.969202
175_66,s2.901467,s-1.303281,s277.018666
175_67,s0.452070,s3.590065,s301.868073
175_68,s3.393264,s1.376811,s269.908169
175_69,s-2.091165,s-2.887430,s150.942782
175_70,s2.214346,s-2.751496,s256.764459
175_71,s-3.373105,s-0.525344,s345.294048
175_72,s-1.330356,s3.358768,s137.677331
175_73,s-0.706508,s3.532221,s72.532972
175_74,s-3.247096,s1.764592,s55.266808
175_75,s3.367063,s0.812393,s216.441683
175_76,s-1.444794,s-3.476331,s119.475405
175_77,s1.193537,s-3.464044,s153.690763
175_78,s-3.624798,s-0.030317,s49.848221
175_79,s-0.322227,s3.106316,s311.354472
175_80,s-3.281626,s-1.841315,s105.847217
175_81,s3.548315,s-1.680242,s303.884571
175_82,s2.678126,s2.780582,s239.048362
175_83,s3.581545,s-0.637556,s339.560667
175_84,s3.119802,s-2.701133,s247.456884
175_85,s-3.682865,s-0.770724,s173.717628
175_86,s-0.531251,s3.999199,s287.596470
175_87,s-3.148762,s2.233929,s317.677941
175_88,s1.699114,s3.299541,s324.745088
175_89,s-3.368468,s-2.439393,s126.071973
175_90,s-2.699646,s3.078500,s20.462000
175_91,s1.502888,s3.822490,s15.629915
175_92,s-0.601658,s-4.015321,s296.297024
175_93,s-3.836839,s0.980524,s63.005430
175_94,s1.926477,s-3.464805,s204.302024
175_95,s-2.536347,s-2.709720,s120.888637
175_96,s-4.065517,s-1.422722,s116.062421
175_97,s3.348972,s2.151719,s230.025704
175_98,s-3.286653,s2.704971,s34.566694
175_99,s-1.621489,s3.939742,s337.436503
175_100,s-1.120174,s-4.056861,s76.901380
175_101,s2.957529,s3.286688,s353.728419
175_102,s-2.471319,s3.872349,s303.086864
175_103,s0.395034,s4.237496,s342.419325
175_104,s0.414989,s-3.740089,s120.578719
175_105,s2.443237,s-3.739316,s318.763228
175_106,s4.182465,s-0.810005,s332.936476
175_107,s-4.438278,s0.389467,s95.560637
175_108,s-4.130330,s-0.483698,s159.525975
175_109,s4.407050,s0.675620,s70.500937
175_110,s1.737614,s-4.370616,s15.964872
175_111,s-2.872673,s-3.438101,s98.417324
175_112,s3.944760,s-1.961680,s199.863941
175_113,s3.803609,s2.693577,s227.258085
175_114,s-0.360623,s-4.524858,s186.521679
175_115,s-0.921377,s4.578462,s185.739114
175_116,s1.204915,s4.697770,s313.583246
175_117,s0.819459,s-4.279240,s98.402601
175_118,s3.263065,s-3.608574,s130.904418
175_119,s-1.556374,s-4.386236,s136.436842
175_120,s-4.139615,s1.775891,s241.403205
175_121,s0.438399,s-4.683075,s185.833112
175_122,s3.430990,s3.803585,s223.288636
175_123,s-4.331047,s2.377407,s287.908454
175_124,s4.529048,s-2.042281,s287.608629
175_125,s4.399006,s1.893837,s174.468001
175_126,s2.071514,s-4.468567,s259.064652
175_127,s2.503551,s3.962641,s295.907930
175_128,s-4.228685,s-2.574881,s190.282411
175_129,s1.146593,s-4.765467,s346.613047
175_130,s4.765962,s1.039608,s213.154628
175_131,s1.779032,s4.311066,s295.340935
175_132,s-2.777060,s-3.918331,s141.229007
175_133,s-1.155040,s4.964356,s22.470714
175_134,s-0.372491,s4.662426,s279.333881
175_135,s-0.997702,s-4.969012,s337.734937
175_136,s5.021475,s-1.096965,s99.248662
175_137,s-4.760105,s1.683513,s346.649400
175_138,s-4.776103,s-1.303193,s154.131530
175_139,s-2.735186,s4.228460,s108.639860
175_140,s-2.419344,s4.442937,s17.756865
175_141,s4.305142,s3.238712,s351.781310
175_142,s-3.770260,s3.818031,s338.139444
175_143,s-2.188411,s-4.077600,s140.677138
175_144,s5.354152,s-0.392447,s88.420612
175_145,s3.905292,s-3.578558,s354.677847
175_146,s-1.800885,s-5.296906,s296.116137
175_147,s-4.911849,s-0.935429,s49.797219
175_148,s2.271571,s-5.003849,s94.819266
175_149,s-5.156341,s1.672066,s69.985063
175_150,s5.002010,s1.476610,s20.903119
175_151,s-4.268563,s2.863838,s23.147716
175_152,s4.723448,s-2.504029,s258.306086
175_153,s-4.409839,s-2.139325,s103.478975
175_154,s-3.180381,s4.508027,s41.700613
175_155,s3.269577,s-4.104515,s174.321305
175_156,s4.355552,s-3.349967,s293.465832
175_157,s2.049604,s4.828849,s19.082925
175_158,s-1.851332,s5.346549,s157.862327
175_159,s-3.560567,s-4.315337,s321.573878
175_160,s4.623127,s2.317126,s345.943262
175_161,s3.847916,s-4.019935,s237.103733
175_162,s-4.498909,s3.721755,s47.180865
175_163,s-4.147156,s-3.706723,s58.374014
175_164,s-2.322686,s-5.035286,s116.445711
175_165,s2.992050,s4.532638,s11.764740
175_166,s5.065545,s2.402281,s239.372173
175_167,s1.041866,s-5.181494,s137.124318
175_168,s-3.950968,s-4.407475,s89.572424
175_169,s1.594405,s-5.360407,s142.476312
175_170,s-5.225705,s1.128609,s180.766632
175_171,s-5.456326,s-0.985551,s149.988345
175_172,s5.451445,s1.086848,s359.747405
175_173,s-5.210398,s2.197786,s19.662386
175_174,s5.562106,s-1.939179,s186.480796
176_0,s0.078968,s0.147231,s237.525888
176_1,s-0.361242,s0.141258,s133.160911
176_2,s0.512909,s0.499395,s64.985554
176_3,s0.296356,s-0.378136,s194.274636
176_4,s0.827505,s0.039028,s356.877481
176_5,s-0.313470,s1.171676,s298.435978
176_6,s0.838463,s-0.478713,s257.298113
176_7,s-0.934929,s0.396750,s328.985473
176_8,s-0.714103,s-0.679510,s312.519894
176_9,s-1.166204,s-0.888915,s359.695125
176_10,s1.240021,s-0.137127,s278.541568
176_11,s-0.810789,s-1.111082,s216.627725
176_12,s0.824121,s1.133956,s7.650403
176_13,s-1.223529,s0.113165,s89.023997
176_14,s-0.806208,s1.138630,s68.851890
176_15,s0.955116,s-0.954169,s199.573840
176_16,s-1.471241,s-1.199447,s100.819497
176_17,s-1.259041,s0.814543,s92.601084
176_18,s1.273376,s0.812491,s204.396951
176_19,s-0.431121,s1.771447,s290.896182
176_20,s-0.949134,s-1.603110,s159.069288
176_21,s0.414153,s-1.917002,s357.984727
176_22,s1.437464,s1.158995,s346.256827
176_23,s0.465336,s2.283758,s94.345226
176_24,s-0.840046,s1.727341,s60.486430
176_25,s-0.135947,s-1.981516,s137.842839
176_26,s1.427446,s-1.053793,s290.889520
176_27,s-1.555024,s-0.451038,s86.363412
176_28,s-1.777793,s1.110738,s40.013426
176_29,s1.836625,s0.685280,s308.704088
176_30,s1.913025,s-0.426268,s256.183633
176_31,s0.879200,s2.326877,s249.721658
176_32,s-2.250120,s1.013167,s72.647977
176_33,s1.202374,s-1.982691,s300.291752
176_34,s-0.848482,s2.322190,s48.044502
176_35,s2.212139,s0.021895,s355.870609
176_36,s-2.046721,s-2.162385,s334.515894
176_37,s2.276454,s-1.021409,s281.731527
176_38,s2.068954,s-1.684846,s199.295194
176_39,s-2.502885,s-0.345769,s31.555639
176_40,s-2.341849,s-0.746889,s180.131050
176_41,s-0.361236,s-2.715123,s235.305034
176_42,s0.647512,s-2.252334,s222.996796
176_43,s1.915028,s1.491134,s316.391227
176_44,s2.608073,s-0.232318,s278.198911
176_45,s-2.803022,s-0.904421,s55.488776
176_46,s-1.800523,s1.873784,s38.285351
176_47,s-1.444698,s-2.461401,s138.062648
176_48,s1.486982,s-2.379824,s163.501829
176_49,s-2.537700,s-1.672472,s185.251539
176_50,s2.670280,s1.178813,s243.704724
176_51,s1.799215,s2.223715,s0.739076
176_52,s3.091374,s-1.120102,s237.162928
176_53,s1.331888,s2.902136,s106.521331
176_54,s-1.644252,s2.524427,s60.590563
176_55,s-2.552241,s0.497099,s72.886311
176_56,s-0.729255,s2.794031,s319.099545
176_57,s-0.951273,s-2.587886,s208.153029
176_58,s-2.482820,s2.525992,s109.668212
176_59,s-3.047028,s1.599807,s152.370096
176_60,s0.627147,s-2.830404,s195.123767
176_61,s0.469139,s2.904294,s56.315133
176_62,s-2.898320,s-1.336223,s139.109832
176_63,s-1.449934,s3.076102,s15.283863
176_64,s2.719988,s-1.559162,s194.315638
176_65,s-1.248032,s-3.017399,s156.851668
176_66,s-3.542741,s0.677743,s119.161734
176_67,s2.711266,s0.421410,s229.944709
176_68,s2.517336,s2.194594,s17.164090
176_69,s1.561092,s-3.174246,s185.129227
176_70,s0.867330,s3.315436,s23.928248
176_71,s-2.928943,s-2.314319,s212.422300
176_72,s2.014142,s-2.803581,s3.231233
176_73,s2.987272,s1.779015,s111.409295
176_74,s-3.582560,s1.519765,s82.215638
176_75,s-3.489288,s-1.478454,s86.730572
176_76,s-0.357072,s-3.864017,s28.874124
176_77,s-2.197175,s-2.929304,s139.834381
176_78,s3.124123,s-2.562777,s103.818093
176_79,s3.401906,s1.460169,s206.213570
176_80,s1.975629,s3.276232,s42.252888
176_81,s-3.397604,s-2.163380,s164.775222
176_82,s-3.674351,s-0.575764,s97.710050
176_83,s0.510210,s-3.818263,s213.083361
176_84,s-4.046062,s-0.141132,s76.803812
176_85,s3.449357,s-0.689419,s335.720556
176_86,s2.659910,s2.878759,s298.242241
176_87,s-0.931429,s-4.030065,s79.112088
176_88,s1.057826,s-3.547483,s220.293057
176_89,s-0.629122,s3.508908,s339.255831
176_90,s3.732124,s-1.113466,s305.206883
176_91,s-2.534807,s3.193909,s137.534616
176_92,s2.649204,s-3.117229,s243.120725
176_93,s2.083867,s-3.241962,s213.599598
176_94,s0.775162,s4.339861,s233.332508
176_95,s-2.527872,s3.633289,s248.280460
176_96,s3.401859,s-2.208469,s15.190442
176_97,s3.622917,s1.744857,s316.413369
176_98,s-1.257590,s3.914160,s37.742979
176_99,s-3.451822,s2.010818,s1.696473
176_100,s-3.020301,s-3.070879,s200.353183
176_101,s2.464575,s3.694707,s68.573821
176_102,s-1.883732,s-3.352656,s186.005352
176_103,s-4.388307,s-1.229339,s20.058583
176_104,s4.068989,s-1.421105,s174.689427
176_105,s-3.830747,s-2.535505,s100.734379
176_106,s3.577299,s-2.542772,s284.441311
176_107,s4.433234,s-0.993772,s212.040036
176_108,s-4.217642,s0.676456,s6.096534
176_109,s-3.324122,s2.956468,s322.144869
176_110,s-1.887347,s3.900282,s41.799891
176_111,s3.500322,s0.289842,s257.739020
176_112,s3.578681,s2.923110,s219.179400
176_113,s-4.017042,s1.921399,s31.772617
176_114,s0.192156,s-4.249291,s181.870747
176_115,s-2.223355,s-3.776357,s150.188882
176_116,s2.923614,s3.528948,s10.377329
176_117,s3.943086,s1.063117,s275.954251
176_118,s4.334785,s1.703268,s222.834213
176_119,s-1.310781,s-4.516370,s63.702097
176_120,s1.170520,s-4.460178,s273.221779
176_121,s-0.351528,s-4.461640,s184.478479
176_122,s-4.415448,s-2.104583,s303.456188
176_123,s2.089853,s4.233733,s359.848965
176_124,s3.296823,s-3.786317,s302.520519
176_125,s3.380650,s3.510826,s307.877568
176_126,s-3.091102,s-3.759873,s142.781443
176_127,s-4.504686,s0.442800,s124.777853
176_128,s-1.191987,s4.604032,s245.716666
176_129,s-3.985662,s-3.056917,s118.478757
176_130,s-2.812030,s3.961347,s88.849029
176_131,s-4.667261,s2.009672,s16.309527
176_132,s3.902389,s-3.031788,s231.726392
176_133,s0.328376,s4.591519,s351.108862
176_134,s2.963561,s-4.328259,s36.222713
176_135,s-3.886476,s2.639322,s3.161640
176_136,s2.012714,s-4.629677,s246.857910
176_137,s-2.181513,s4.634202,s292.205746
176_138,s-4.725219,s-1.811419,s13.308160
176_139,s5.095062,s-1.092537,s27.447712
176_140,s-5.180427,s0.385844,s63.080469
176_141,s-4.689696,s1.494405,s91.833992
176_142,s3.364585,s4.021272,s38.930062
176_143,s4.944482,s1.786406,s13.427370
176_144,s-0.564705,s4.765191,s12.891938
176_145,s-1.070314,s5.072896,s61.818388
176_146,s4.352241,s2.663391,s33.292387
176_147,s1.558397,s5.173226,s269.794837
176_148,s-1.744682,s-4.917310,s248.093460
176_149,s-2.621979,s4.551394,s96.242103
176_150,s0.874448,s-5.214256,s84.574594
176_151,s4.690512,s-1.840765,s123.660164
176_152,s-4.299221,s2.989074,s84.542452
176_153,s-4.885570,s-0.583273,s119.675305
176_154,s-3.607431,s-3.797995,s73.681965
176_155,s-2.101819,s-5.018166,s84.909786
176_156,s3.411905,s-4.282542,s175.728959
176_157,s-0.447710,s-5.397965,s129.046674
176_158,s4.246059,s3.371936,s307.386961
176_159,s4.802291,s-2.411996,s137.001651
176_160,s-5.319407,s-1.200223,s171.197262
176_161,s-5.294870,s2.102441,s348.675687
176_162,s-4.869018,s-2.220226,s91.983195
176_163,s4.379455,s0.706702,s185.011578
176_164,s-2.852371,s-4.363866,s145.651325
176_165,s5.328878,s-1.852848,s41.646429
176_166,s-3.746844,s3.828002,s187.411393
176_167,s-2.241485,s5.249132,s100.570634
176_168,s4.795689,s0.075671,s320.872727
176_169,s5.479961,s-0.462926,s186.426626
176_170,s-3.606022,s4.446725,s121.309093
176_171,s1.677608,s-5.129786,s71.896680
176_172,s5.458012,s1.577902,s150.416588
176_173,s5.477818,s0.640087,s329.515369
176_174,s2.419413,s-5.468004,s313.425006
176_175,s-0.478095,s5.540413,s316.082953
177_0,s-0.000629,s0.012639,s342.608074
177_1,s0.080458,s1.059271,s102.767573
177_2,s-0.852175,s0.658448,s266.684937
177_3,s-1.212556,s0.213312,s197.005815
177_4,s-0.851607,s-0.621010,s186.845198
177_5,s-0.357284,s-1.049470,s321.358353
177_6,s0.113919,s-1.349313,s259.208121
177_7,s0.749804,s-1.018946,s266.503637
177_8,s0.901500,s-0.375436,s260.691570
177_9,s1.323974,s0.141119,s250.059349
177_10,s1.393809,s0.765113,s1.828014
177_11,s0.495413,s1.248023,s291.464859
177_12,s0.106290,s1.616484,s302.055239
177_13,s-0.390516,s1.514736,s24.345863
177_14,s-1.191540,s1.375859,s254.216392
177_15,s-1.263202,s0.792592,s98.227772
177_16,s-1.847673,s0.229610,s156.012813
177_17,s-1.806570,s-0.489819,s183.635228
177_18,s-1.410785,s-1.273675,s124.843125
177_19,s-1.012122,s-1.825286,s313.389070
177_20,s-0.025998,s-2.246190,s57.446397
177_21,s0.496076,s-1.846108,s158.179975
177_22,s0.942481,s-1.893432,s262.222223
177_23,s1.508975,s-1.321770,s202.250939
177_24,s2.096455,s-1.115423,s50.337064
177_25,s2.411120,s-0.041054,s168.149986
177_26,s2.230029,s0.818844,s170.574674
177_27,s2.016168,s1.755181,s202.137053
177_28,s1.565381,s1.694510,s29.116250
177_29,s0.562938,s2.503647,s268.219599
177_30,s-0.098971,s2.107177,s323.195871
177_31,s-0.498750,s2.480846,s73.128230
177_32,s-1.366997,s2.253246,s234.682679
177_33,s-1.769565,s1.650943,s4.657760
177_34,s-2.358747,s1.431411,s205.532933
177_35,s-2.685635,s0.306833,s330.603446
177_36,s-2.777796,s-0.038959,s230.029625
177_37,s-2.444505,s-0.733524,s174.748374
177_38,s-2.352124,s-1.695007,s224.636836
177_39,s-1.304452,s-2.123716,s119.914124
177_40,s-1.363803,s-2.747317,s271.509405
177_41,s-0.366637,s-2.663647,s204.961019
177_42,s0.548528,s-2.834126,s136.361542
177_43,s0.975886,s-2.472019,s176.848874
177_44,s1.492248,s-2.818322,s321.496839
177_45,s2.618806,s-1.798845,s118.021609
177_46,s2.491908,s-1.144279,s251.058467
177_47,s3.211562,s-0.739431,s52.936681
177_48,s3.112121,s0.143334,s76.762684
177_49,s3.050617,s0.984622,s139.193820
177_50,s2.533089,s1.514750,s294.453879
177_51,s2.215296,s2.071918,s3.890044
177_52,s1.772660,s2.943142,s168.891821
177_53,s1.316566,s2.913147,s55.230324
177_54,s0.424152,s3.020662,s18.431030
177_55,s-0.084896,s3.412176,s117.104623
177_56,s-1.070410,s3.215360,s146.381884
177_57,s-2.283514,s2.834034,s267.070829
177_58,s-2.450032,s2.153973,s301.816171
177_59,s-2.938534,s2.082425,s210.526809
177_60,s-3.165467,s0.902181,s337.195738
177_61,s-3.632594,s0.612798,s204.417314
177_62,s-3.155607,s-0.366191,s77.819469
177_63,s-3.643429,s-0.809134,s245.323572
177_64,s-2.775559,s-1.892722,s22.766730
177_65,s-2.944073,s-2.405674,s245.145384
177_66,s-2.150231,s-3.201925,s355.801154
177_67,s-1.086660,s-3.369391,s74.489465
177_68,s-0.338479,s-3.567810,s94.087840
177_69,s-0.046800,s-3.692557,s280.793133
177_70,s0.969524,s-3.912794,s14.419398
177_71,s1.231718,s-3.432788,s273.232391
177_72,s2.340241,s-2.935353,s115.202260
177_73,s2.892338,s-2.531276,s92.940376
177_74,s3.171824,s-1.627871,s172.747959
177_75,s4.046937,s-1.465189,s84.416578
177_76,s3.761518,s-0.376813,s179.658087
177_77,s3.835766,s0.021794,s313.910551
177_78,s3.642411,s1.114238,s209.746674
177_79,s3.350590,s1.620384,s246.450451
177_80,s3.264318,s2.354804,s113.081088
177_81,s2.728722,s2.683700,s35.982577
177_82,s2.056939,s3.676285,s186.829208
177_83,s1.559747,s3.883859,s139.740760
177_84,s0.469872,s3.968708,s230.395849
177_85,s-0.380301,s4.366346,s214.666116
177_86,s-0.799345,s3.821703,s22.117737
177_87,s-1.530623,s3.803384,s174.438870
177_88,s-2.080382,s3.403758,s48.215313
177_89,s-2.650168,s3.032885,s78.931000
177_90,s-3.331355,s2.716399,s234.132141
177_91,s-3.893607,s1.812646,s291.507514
177_92,s-3.785021,s0.994894,s28.253046
177_93,s-4.103567,s0.168015,s8.977407
177_94,s-4.161956,s-0.345796,s45.554398
177_95,s-4.528855,s-1.037875,s297.841073
177_96,s-3.821591,s-1.748625,s58.493182
177_97,s-3.335866,s-1.984473,s132.233370
177_98,s-2.955215,s-3.499046,s11.897314
177_99,s-2.647746,s-3.958790,s310.464616
177_100,s-1.633479,s-4.054054,s30.629666
177_101,s-1.211792,s-4.110927,s288.854753
177_102,s-0.436610,s-4.187140,s177.039778
177_103,s0.326172,s-4.496393,s344.907398
177_104,s0.812259,s-4.386119,s280.781838
177_105,s1.668584,s-4.062190,s249.468422
177_106,s2.808634,s-3.596159,s136.428678
177_107,s3.001069,s-3.095629,s213.902403
177_108,s3.402728,s-2.606321,s269.942226
177_109,s4.157415,s-2.141987,s60.936374
177_110,s4.545421,s-1.573434,s13.863172
177_111,s4.337735,s-0.499457,s253.513938
177_112,s4.582783,s0.081680,s213.501258
177_113,s4.549061,s0.605684,s358.143742
177_114,s4.696624,s1.726211,s128.348323
177_115,s4.184577,s2.293922,s147.542166
177_116,s3.684857,s2.838142,s77.288043
177_117,s3.133777,s3.376593,s294.895820
177_118,s2.687189,s4.025859,s160.890361
177_119,s1.966567,s4.281532,s273.427166
177_120,s1.453806,s4.574881,s114.885039
177_121,s0.600808,s4.682024,s124.772111
177_122,s-0.165634,s4.791098,s301.324384
177_123,s-0.777997,s4.756206,s90.511183
177_124,s-1.603332,s4.388838,s51.622404
177_125,s-2.434097,s4.228982,s251.182058
177_126,s-2.853030,s4.039432,s126.192080
177_127,s-3.809050,s3.230307,s291.657819
177_128,s-4.343970,s2.924527,s260.670575
177_129,s-4.459044,s2.425586,s203.809130
177_130,s-4.394494,s1.469037,s74.603310
177_131,s-4.983669,s0.776976,s226.773342
177_132,s-4.885445,s0.090634,s63.857734
177_133,s-5.068370,s-0.434440,s202.460146
177_134,s-4.877313,s-1.928805,s340.241908
177_135,s-4.614234,s-2.358946,s279.342734
177_136,s-4.427623,s-3.027931,s300.585408
177_137,s-3.977237,s-3.255505,s243.341976
177_138,s-3.526705,s-4.043625,s261.178201
177_139,s-2.660627,s-4.443406,s254.142816
177_140,s-1.878339,s-4.796309,s265.670376
177_141,s-0.808457,s-5.201170,s18.212335
177_142,s-0.221689,s-5.258314,s134.118474
177_143,s0.346361,s-5.242276,s23.531394
177_144,s0.878056,s-5.088239,s274.077199
177_145,s2.015889,s-4.784244,s147.785448
177_146,s2.413805,s-4.681104,s299.230180
177_147,s3.257988,s-4.097166,s235.218527
177_148,s3.808592,s-3.714948,s193.805636
177_149,s4.311619,s-3.313663,s3.374958
177_150,s4.862719,s-2.548128,s77.600445
177_151,s5.033910,s-2.047576,s5.052568
177_152,s5.363175,s-1.065379,s92.680569
177_153,s5.291598,s-0.591924,s328.139973
177_154,s5.338848,s0.540716,s173.758807
177_155,s5.250853,s1.071315,s234.741797
177_156,s5.086101,s1.991834,s178.864270
177_157,s4.758508,s2.531221,s343.873392
177_158,s4.401663,s3.132115,s320.207330
177_159,s4.101069,s3.708397,s294.092789
177_160,s3.279066,s4.353215,s240.068593
177_161,s2.996658,s4.591675,s353.983428
177_162,s2.152324,s5.121547,s265.796962
177_163,s1.169718,s5.338910,s256.558875
177_164,s0.776534,s5.733122,s185.458848
177_165,s-0.303558,s5.499714,s288.170620
177_166,s-0.824706,s5.603777,s151.958159
177_167,s-1.449421,s5.367896,s42.998770
177_168,s-2.492944,s5.161473,s303.826966
177_169,s-2.921180,s4.771369,s15.879749
177_170,s-3.491391,s4.401936,s353.394473
177_171,s-4.204361,s3.753409,s304.090637
177_172,s-4.599819,s3.262372,s36.078167
177_173,s-5.182745,s2.680704,s272.893850
177_174,s-5.295550,s2.027870,s256.553142
177_175,s-5.885753,s1.265473,s302.732762
177_176,s-5.760694,s0.421412,s23.653359
178_0,s0.100407,s0.014320,s268.791169
178_1,s-0.370958,s-0.309833,s227.389386
178_2,s-0.004361,s0.641760,s69.552784
178_3,s0.401084,s0.507972,s281.661906
178_4,s-0.359179,s0.108281,s59.367885
178_5,s0.366354,s-0.555603,s275.226610
178_6,s-0.690427,s-0.606122,s44.733569
178_7,s-1.249067,s-0.764001,s163.706990
178_8,s-0.216502,s-0.905690,s192.918952
178_9,s0.316617,s1.144188,s85.172759
178_10,s-1.066919,s0.740051,s27.113668
178_11,s1.247391,s0.343133,s269.845078
178_12,s0.707783,s-0.949520,s197.015640
178_13,s-1.231515,s0.267740,s121.304747
178_14,s1.148706,s0.903950,s345.387987
178_15,s0.219548,s-1.514627,s251.780163
178_16,s-0.676584,s-1.178493,s124.887862
178_17,s1.228836,s-0.669211,s287.288077
178_18,s-0.889899,s1.363298,s281.281592
178_19,s1.662576,s1.211436,s205.181140
178_20,s-0.630943,s-2.070815,s298.948733
178_21,s-1.925644,s-0.794487,s207.321832
178_22,s1.166066,s-1.305024,s298.107821
178_23,s0.524635,s1.909024,s184.261124
178_24,s-0.401889,s1.801334,s28.090821
178_25,s-1.940587,s0.429383,s127.430265
178_26,s-1.640018,s0.899581,s51.016401
178_27,s2.180916,s0.195415,s173.039336
178_28,s2.419574,s1.201790,s10.306805
178_29,s0.285456,s-2.047842,s131.383116
178_30,s-1.169136,s-1.922365,s147.210859
178_31,s-1.288097,s1.663292,s322.668601
178_32,s1.241382,s1.927673,s359.585499
178_33,s0.349981,s2.332824,s44.111738
178_34,s2.077997,s-0.869505,s309.558881
178_35,s1.537528,s-1.684577,s211.627848
178_36,s-2.069956,s-1.546744,s260.889722
178_37,s0.696473,s-2.162152,s287.554551
178_38,s-1.470156,s2.187785,s36.802527
178_39,s-0.603021,s-2.445264,s196.897131
178_40,s2.720322,s0.155198,s214.302476
178_41,s1.911089,s-1.216244,s204.854896
178_42,s2.370254,s0.595941,s322.867507
178_43,s1.668425,s1.781782,s297.689312
178_44,s-2.403815,s1.651383,s145.528969
178_45,s1.172767,s-2.445518,s182.886108
178_46,s1.967616,s-2.484356,s262.972732
178_47,s0.708248,s2.795263,s37.034223
178_48,s-1.834258,s-2.199858,s62.403155
178_49,s2.474010,s-1.437010,s251.277197
178_50,s-0.905978,s2.600310,s330.501009
178_51,s-2.463074,s-0.496998,s317.514012
178_52,s-0.857462,s-3.168415,s206.453740
178_53,s-1.796612,s1.462281,s12.141359
178_54,s2.709588,s-0.789952,s277.567685
178_55,s-2.838178,s-1.057821,s353.191434
178_56,s-1.510932,s-2.867655,s157.728461
178_57,s-2.675211,s0.203147,s51.999509
178_58,s-2.394502,s-2.296826,s151.951032
178_59,s-3.025116,s-0.273889,s76.567068
178_60,s-3.077156,s0.975177,s105.626845
178_61,s-1.578240,s2.940246,s278.349415
178_62,s3.090916,s1.312453,s295.261118
178_63,s2.330118,s2.567543,s212.597905
178_64,s0.065747,s-2.659837,s205.971481
178_65,s-3.414532,s1.439767,s112.246543
178_66,s1.404721,s2.859862,s345.674219
178_67,s1.906854,s2.919400,s273.549264
178_68,s-2.259644,s2.145755,s103.681888
178_69,s-3.194312,s-1.696015,s3.879167
178_70,s-0.487007,s3.578609,s103.328606
178_71,s3.127291,s-1.318104,s326.675013
178_72,s2.490366,s-2.007443,s236.603319
178_73,s1.482122,s-3.184789,s286.366932
178_74,s0.861203,s-3.538485,s268.570682
178_75,s2.990966,s1.916783,s287.950481
178_76,s-1.286289,s-3.582053,s214.488796
178_77,s-2.108848,s-3.024885,s160.781987
178_78,s3.497901,s-0.249539,s9.721017
178_79,s0.966912,s3.322370,s301.394942
178_80,s-2.692224,s2.599339,s331.095415
178_81,s3.539985,s1.046444,s205.757606
178_82,s3.761939,s-1.337843,s11.476867
178_83,s-3.526176,s0.330509,s77.820695
178_84,s2.316212,s-3.116156,s282.380296
178_85,s-3.043029,s2.376247,s142.165238
178_86,s-3.049250,s-2.276677,s200.228456
178_87,s0.570591,s3.605002,s91.922180
178_88,s3.128015,s2.611770,s37.486747
178_89,s-3.770357,s-1.420545,s193.224879
178_90,s-1.435316,s3.539673,s37.442580
178_91,s-2.476036,s3.406872,s347.515887
178_92,s-1.480530,s-4.023268,s119.696735
178_93,s3.400999,s-1.892197,s277.186126
178_94,s4.093367,s0.628710,s310.469612
178_95,s-3.535422,s-0.494320,s145.597991
178_96,s-4.255031,s-1.341562,s18.712180
178_97,s-4.072263,s1.678760,s137.782572
178_98,s3.539081,s2.555279,s265.498029
178_99,s-0.261598,s4.150392,s98.708939
178_100,s0.513116,s-3.571035,s165.399140
178_101,s0.663343,s4.080798,s41.393221
178_102,s2.808320,s-3.362212,s226.788182
178_103,s-3.513940,s-2.519708,s92.833936
178_104,s1.923618,s-3.789685,s126.106979
178_105,s2.212624,s3.471380,s48.306320
178_106,s-3.283541,s-3.021827,s215.979541
178_107,s-0.516788,s-4.032108,s258.973676
178_108,s1.241375,s3.923405,s16.363009
178_109,s0.831755,s-4.426554,s272.252788
178_110,s-4.508643,s0.799928,s120.443358
178_111,s-3.336660,s2.810105,s6.756432
178_112,s-0.538622,s4.572448,s69.252036
178_113,s2.978864,s3.310298,s345.249736
178_114,s3.278164,s-2.627691,s237.372516
178_115,s3.486966,s-3.232187,s210.227634
178_116,s-2.384239,s-3.907028,s110.882628
178_117,s-1.016491,s-4.387347,s195.148379
178_118,s-4.142260,s-1.889386,s96.364802
178_119,s-0.117040,s4.602684,s318.444995
178_120,s-3.704482,s2.281276,s100.429418
178_121,s2.044584,s-4.343654,s123.791031
178_122,s4.525978,s-1.603326,s31.343024
178_123,s4.576359,s-0.833767,s85.045227
178_124,s4.424231,s2.110463,s129.964340
178_125,s1.909643,s4.189949,s289.326513
178_126,s-3.683359,s-3.078085,s122.392151
178_127,s4.110066,s-2.898724,s341.127426
178_128,s2.643674,s-3.829102,s156.243711
178_129,s4.539452,s-2.117176,s249.931734
178_130,s-1.763375,s4.468723,s90.066925
178_131,s1.239856,s5.051890,s126.529610
178_132,s-3.869338,s2.887233,s64.056749
178_133,s-3.277826,s3.724140,s36.078127
178_134,s5.026553,s-0.929565,s234.690390
178_135,s-2.372582,s-4.478921,s117.981083
178_136,s3.455353,s3.750776,s315.750201
178_137,s4.048780,s-0.359939,s3.592633
178_138,s-5.207445,s0.869804,s314.572649
178_139,s-4.715555,s-0.523985,s67.952042
178_140,s-2.842504,s3.991873,s345.038008
178_141,s-1.357812,s-4.861981,s91.058348
178_142,s-4.554535,s1.936779,s85.394994
178_143,s0.170644,s-4.495527,s142.715963
178_144,s-4.834006,s-1.059457,s102.531701
178_145,s4.582688,s1.530863,s228.508993
178_146,s3.004005,s4.268341,s277.083297
178_147,s-4.364138,s2.487339,s30.542631
178_148,s-3.654059,s-3.694374,s93.065050
178_149,s-3.471090,s-4.129080,s159.070816
178_150,s3.162511,s-4.248840,s133.468929
178_151,s4.053425,s2.843762,s302.289667
178_152,s-3.198004,s4.399018,s59.714793
178_153,s4.952629,s2.126797,s38.639105
178_154,s2.308455,s-4.849425,s171.540875
178_155,s5.014585,s-1.684399,s206.169769
178_156,s-4.644937,s-2.325502,s121.093593
178_157,s-0.824525,s5.132146,s42.068303
178_158,s4.947389,s0.193173,s85.664274
178_159,s3.608102,s-4.171667,s281.344656
178_160,s1.887760,s4.737296,s310.506604
178_161,s-1.802312,s4.974572,s325.598703
178_162,s-2.378756,s4.965467,s35.054833
178_163,s-5.277970,s1.417581,s53.490203
178_164,s-3.812277,s3.556947,s105.579629
178_165,s-5.195350,s-1.625519,s92.436508
178_166,s-5.463085,s0.145741,s29.420502
178_167,s5.521117,s0.819545,s31.811746
178_168,s1.038814,s5.467137,s36.001373
178_169,s0.862240,s-5.526119,s357.351289
178_170,s5.448424,s-0.635991,s315.343212
178_171,s4.375958,s-3.303721,s250.674538
178_172,s5.288936,s0.304097,s242.877173
178_173,s-0.125124,s5.147152,s357.318289
178_174,s0.255021,s-5.636585,s5.051158
178_175,s4.009298,s3.386793,s322.552414
178_176,s5.542771,s1.493924,s294.156603
178_177,s4.850394,s2.905862,s254.286620
179_0,s-0.007720,s0.023540,s266.642950
179_1,s-0.201567,s0.776281,s273.681250
179_2,s-0.852525,s0.442035,s321.291223
179_3,s-1.315059,s0.035139,s350.523863
179_4,s-0.778534,s-0.659517,s9.658942
179_5,s-0.516379,s-1.098831,s331.062109
179_6,s0.156894,s-1.242134,s346.115882
179_7,s0.773474,s-1.019098,s24.539302
179_8,s1.075633,s-0.505767,s232.116525
179_9,s1.405142,s0.106025,s200.838586
179_10,s0.882243,s0.966392,s211.784209
179_11,s0.728680,s1.463492,s125.473454
179_12,s0.139074,s1.797153,s169.524157
179_13,s-0.510095,s1.860911,s191.456879
179_14,s-0.836673,s1.280012,s59.175507
179_15,s-1.404533,s1.121595,s170.275580
179_16,s-1.825087,s-0.014157,s54.079443
179_17,s-1.400499,s-0.399276,s130.418779
179_18,s-1.662054,s-1.352829,s326.908482
179_19,s-1.047364,s-1.262348,s195.237722
179_20,s-0.153752,s-1.540136,s126.047682
179_21,s0.321964,s-1.987748,s140.598017
179_22,s1.222083,s-1.716595,s97.114319
179_23,s1.666349,s-1.368930,s79.326989
179_24,s2.182882,s-1.216070,s36.768415
179_25,s2.175664,s-0.474335,s30.285234
179_26,s2.039851,s0.423878,s77.130932
179_27,s2.176750,s0.871193,s17.551055
179_28,s1.666903,s1.721112,s98.032560
179_29,s0.435984,s2.271930,s231.742310
179_30,s-0.446013,s2.736658,s245.807329
179_31,s-0.930647,s2.267076,s259.933612
179_32,s-1.360149,s2.187347,s109.448068
179_33,s-1.928012,s1.234038,s20.539771
179_34,s-1.824993,s0.671117,s53.299829
179_35,s-2.753315,s0.382274,s338.649517
179_36,s-2.551219,s0.064764,s168.854483
179_37,s-2.239704,s-0.626043,s169.315602
179_38,s-2.151565,s-1.760414,s356.919355
179_39,s-1.516159,s-1.950791,s144.440356
179_40,s-0.947847,s-2.217711,s129.171697
179_41,s-0.654964,s-2.672328,s262.149964
179_42,s0.426986,s-2.534435,s157.246926
179_43,s1.065607,s-2.647688,s28.329576
179_44,s1.444173,s-2.234417,s201.052428
179_45,s2.089523,s-1.618642,s158.819460
179_46,s2.513636,s-0.653363,s199.370656
179_47,s2.842146,s-0.421404,s292.885906
179_48,s2.657701,s0.177596,s259.433777
179_49,s2.444153,s0.582279,s299.585481
179_50,s2.925716,s1.663717,s215.407874
179_51,s2.062018,s1.847942,s271.425465
179_52,s1.578045,s2.612299,s236.212768
179_53,s1.015807,s2.608262,s12.692164
179_54,s0.072372,s2.935460,s296.583429
179_55,s-0.276929,s3.327090,s111.730642
179_56,s-1.037084,s2.755832,s36.581909
179_57,s-1.984477,s2.707103,s327.105765
179_58,s-2.189242,s2.158086,s67.827728
179_59,s-2.435493,s1.494709,s70.329932
179_60,s-2.987798,s1.176354,s36.684313
179_61,s-3.261462,s0.159343,s359.327756
179_62,s-3.664720,s-0.880652,s329.297729
179_63,s-3.194453,s-1.266989,s349.469083
179_64,s-2.750166,s-1.392049,s175.191430
179_65,s-2.516457,s-2.169031,s190.893404
179_66,s-1.753284,s-3.179229,s43.061611
179_67,s-1.088737,s-2.908385,s136.493418
179_68,s-0.590429,s-3.259514,s119.609228
179_69,s-0.275693,s-3.617133,s289.360613
179_70,s0.756657,s-3.077969,s156.093794
179_71,s1.562918,s-3.488573,s90.611400
179_72,s2.313646,s-2.829899,s116.604121
179_73,s2.246347,s-2.236462,s231.945708
179_74,s2.627383,s-1.816763,s248.171187
179_75,s3.594263,s-1.264238,s125.191466
179_76,s3.535251,s-0.832102,s351.028123
179_77,s3.540998,s0.400454,s222.898757
179_78,s3.450459,s0.927591,s267.779889
179_79,s3.542549,s1.939128,s168.300696
179_80,s2.505196,s2.393410,s238.026247
179_81,s2.660938,s2.999707,s133.231209
179_82,s1.566565,s3.298960,s221.007417
179_83,s1.609892,s3.814338,s115.230512
179_84,s0.676827,s3.566767,s49.957085
179_85,s-0.183415,s3.909073,s226.113112
179_86,s-0.585489,s4.281101,s185.057062
179_87,s-1.474980,s3.599123,s319.038924
179_88,s-2.420316,s3.201440,s284.681253
179_89,s-2.960252,s3.080086,s214.425044
179_90,s-2.926183,s2.008715,s29.998579
179_91,s-3.542802,s2.238690,s160.167545
179_92,s-4.013357,s1.267873,s245.693222
179_93,s-4.215892,s0.816544,s217.110594
179_94,s-3.792616,s-0.012546,s162.501148
179_95,s-4.114910,s-0.964786,s201.223848
179_96,s-3.922185,s-1.893274,s238.031331
179_97,s-2.971977,s-2.617969,s10.358388
179_98,s-3.125989,s-3.547492,s1.687194
179_99,s-2.431833,s-3.641453,s346.377071
179_100,s-1.725011,s-3.816681,s100.282636
179_101,s-1.196204,s-4.180728,s25.007606
179_102,s-0.651687,s-3.964043,s252.433685
179_103,s0.317864,s-4.368703,s359.341903
179_104,s0.772608,s-3.858599,s221.787883
179_105,s1.424866,s-4.126268,s291.894312
179_106,s2.097152,s-3.359896,s209.798493
179_107,s3.268401,s-3.084828,s94.560925
179_108,s3.649964,s-2.816511,s30.148027
179_109,s4.134486,s-2.009751,s84.708763
179_110,s4.024090,s-1.461905,s309.294146
179_111,s4.036427,s-0.326701,s229.366773
179_112,s5.077512,s-0.154624,s91.261169
179_113,s4.726654,s0.324785,s53.325608
179_114,s4.094666,s1.633644,s197.223166
179_115,s4.411683,s2.370203,s107.951998
179_116,s3.633639,s2.687563,s98.696938
179_117,s3.016852,s3.246719,s326.963882
179_118,s2.670346,s3.544278,s92.820000
179_119,s2.240443,s4.220704,s147.533101
179_120,s0.837890,s4.187629,s272.815188
179_121,s0.855381,s4.814715,s112.620399
179_122,s0.003432,s4.734179,s103.168965
179_123,s-0.910562,s4.536237,s50.421266
179_124,s-1.789666,s4.813238,s188.746646
179_125,s-2.299042,s3.954840,s268.994198
179_126,s-3.126523,s3.629798,s281.375855
179_127,s-3.423875,s3.385612,s174.276304
179_128,s-4.133523,s2.879334,s236.703404
179_129,s-4.453035,s2.162114,s223.479379
179_130,s-4.411915,s1.569832,s172.112543
179_131,s-4.603581,s0.391956,s66.015049
179_132,s-4.758220,s-0.033835,s228.072257
179_133,s-4.601120,s-0.797163,s61.509366
179_134,s-4.547551,s-1.318387,s104.124646
179_135,s-4.417815,s-1.907866,s176.269282
179_136,s-4.510645,s-3.013983,s300.660467
179_137,s-3.641952,s-2.715167,s197.282921
179_138,s-2.741138,s-4.241316,s50.029772
179_139,s-2.260901,s-4.832332,s19.119933
179_140,s-1.671208,s-4.698888,s33.604264
179_141,s-1.061974,s-5.005275,s21.799704
179_142,s-0.560868,s-4.943125,s312.798459
179_143,s0.112509,s-4.988139,s303.925439
179_144,s1.155004,s-4.839292,s39.801756
179_145,s2.057724,s-5.039126,s53.527309
179_146,s2.446063,s-4.204698,s127.528003
179_147,s2.828766,s-4.674482,s353.742516
179_148,s3.596796,s-3.437215,s127.441905
179_149,s4.632961,s-3.371363,s100.212781
179_150,s4.213032,s-2.533473,s223.923280
179_151,s4.721642,s-1.518498,s162.890346
179_152,s5.216853,s-1.415506,s357.498402
179_153,s5.656737,s-0.838227,s41.803118
179_154,s5.203837,s0.743276,s185.064761
179_155,s5.402459,s1.763830,s165.427924
179_156,s4.851609,s1.548671,s53.491996
179_157,s4.669735,s2.900362,s189.359066
179_158,s4.333633,s3.230660,s119.321185
179_159,s4.289477,s3.912202,s90.006630
179_160,s3.351835,s4.283408,s117.770572
179_161,s2.607712,s4.509199,s340.874524
179_162,s2.081620,s5.143184,s184.157902
179_163,s1.529169,s5.184988,s147.182558
179_164,s0.455002,s5.301103,s277.400904
179_165,s0.005873,s5.322401,s65.167254
179_166,s-0.699855,s5.221136,s79.672186
179_167,s-1.720499,s5.362517,s69.879770
179_168,s-2.210688,s4.907547,s76.573120
179_169,s-2.770855,s4.650937,s188.096169
179_170,s-3.595111,s4.185733,s258.695694
179_171,s-4.190839,s3.822038,s257.399183
179_172,s-4.523317,s3.148956,s291.165493
179_173,s-4.892585,s2.752955,s193.328984
179_174,s-5.084785,s1.825152,s8.663293
179_175,s-5.482198,s1.250092,s292.630232
179_176,s-5.557319,s0.899568,s174.034485
179_177,s-5.513110,s-0.445931,s24.829835
179_178,s-5.298780,s-1.108706,s50.566686
180_0,s-0.028863,s-0.006666,s50.658102
180_1,s0.380387,s-0.123717,s227.533622
180_2,s0.349060,s0.284002,s0.487707
180_3,s-0.249494,s-0.374503,s113.560813
180_4,s-0.942287,s-0.334805,s8.015734
180_5,s-0.549916,s0.712455,s335.629331
180_6,s0.989734,s0.498568,s206.414276
180_7,s0.048889,s-0.648159,s200.900674
180_8,s-0.405451,s-0.990687,s144.280242
180_9,s-1.025537,s1.025072,s344.917585
180_10,s1.198529,s0.982867,s1.195459
180_11,s-1.443310,s-0.139127,s33.447697
180_12,s-1.121537,s-0.785073,s75.964443
180_13,s0.688073,s-0.793130,s198.253678
180_14,s1.186751,s-0.545754,s270.020914
180_15,s1.221385,s-1.182463,s291.818393
180_16,s-1.311080,s-1.375162,s90.333384
180_17,s1.642283,s0.736822,s281.647299
180_18,s0.261223,s-1.629191,s142.905316
180_19,s-1.463075,s0.759128,s107.798521
180_20,s-0.022694,s1.699849,s214.526170
180_21,s-1.478311,s1.347069,s347.179999
180_22,s-1.876919,s-0.888407,s117.734036
180_23,s-0.919741,s-1.719470,s215.849459
180_24,s1.568558,s-1.542603,s215.512287
180_25,s2.072416,s0.339255,s270.546148
180_26,s0.965001,s-1.921269,s35.693069
180_27,s-0.444783,s1.898596,s81.216043
180_28,s-2.065133,s-0.381083,s45.002777
180_29,s0.685106,s1.664521,s48.164282
180_30,s1.485719,s1.747902,s274.610313
180_31,s2.131551,s-0.863998,s211.567957
180_32,s-1.492248,s-2.067776,s212.642673
180_33,s-2.017827,s1.313368,s153.721616
180_34,s-1.819540,s1.857223,s117.495582
180_35,s0.481899,s-2.194963,s198.128580
180_36,s-0.643459,s-2.570693,s280.896631
180_37,s2.481441,s-0.587324,s263.769591
180_38,s0.526607,s2.699108,s131.396573
180_39,s0.997696,s-2.517482,s256.053786
180_40,s1.063938,s2.372348,s175.101103
180_41,s-2.546755,s-0.523489,s93.505134
180_42,s-2.264384,s-1.646987,s271.030173
180_43,s-2.703136,s-1.167157,s133.707438
180_44,s2.395288,s1.133620,s357.311339
180_45,s-1.240758,s2.245458,s45.001232
180_46,s2.832775,s-0.987615,s206.211023
180_47,s-0.785541,s2.373379,s324.530795
180_48,s1.910008,s2.115270,s14.371990
180_49,s2.899804,s-0.033757,s213.902345
180_50,s1.981827,s-2.430898,s250.628379
180_51,s2.932979,s1.003809,s246.050791
180_52,s2.477860,s-1.862849,s255.422994
180_53,s-1.862514,s-2.222845,s148.004515
180_54,s-2.661541,s0.869596,s14.660092
180_55,s-0.714520,s-3.221717,s244.481068
180_56,s1.039030,s2.715527,s309.843796
180_57,s-0.784997,s3.205274,s301.609479
180_58,s-2.471033,s-1.953586,s138.295848
180_59,s-2.000808,s2.432954,s86.472485
180_60,s-1.541355,s-2.631867,s171.534042
180_61,s0.571772,s-3.199309,s282.937726
180_62,s0.485407,s3.112375,s347.721559
180_63,s-3.094868,s1.528084,s43.595509
180_64,s-2.603818,s0.492578,s116.461368
180_65,s2.667489,s2.564079,s154.270578
180_66,s1.995949,s2.875098,s270.144281
180_67,s-1.615570,s2.991644,s7.076147
180_68,s1.665250,s-3.021497,s187.237737
180_69,s2.944023,s2.157597,s260.916329
180_70,s3.447674,s-1.342961,s301.544654
180_71,s3.541660,s-0.243196,s232.423812
180_72,s3.572384,s1.308994,s220.100538
180_73,s-2.257247,s-3.118868,s236.584361
180_74,s-2.970962,s2.154773,s265.438753
180_75,s3.729328,s0.393210,s215.198476
180_76,s-3.076129,s2.700017,s313.425148
180_77,s2.873750,s-2.330572,s222.510555
180_78,s0.975054,s-3.517353,s188.862044
180_79,s-3.631737,s0.934339,s228.810195
180_80,s-0.310873,s3.837429,s349.079877
180_81,s2.144544,s-3.197410,s263.718243
180_82,s3.640791,s-1.768218,s231.916876
180_83,s-3.505247,s-1.017716,s353.670865
180_84,s1.310248,s3.726359,s138.884336
180_85,s-3.334602,s-2.117293,s15.854498
180_86,s-3.814070,s-0.216827,s133.411552
180_87,s-2.304971,s3.255865,s1.326768
180_88,s-1.004252,s-3.716716,s150.644098
180_89,s-4.026025,s0.440028,s58.507934
180_90,s-0.456277,s-3.904845,s293.878618
180_91,s2.260843,s3.480099,s229.068213
180_92,s-3.686838,s-2.491932,s91.602553
180_93,s-3.178754,s-2.745091,s262.455709
180_94,s-3.790166,s1.427285,s353.171134
180_95,s-0.852069,s4.010484,s103.047666
180_96,s3.156669,s-3.065199,s177.015293
180_97,s3.800743,s1.901803,s295.774081
180_98,s4.251298,s0.921394,s272.728570
180_99,s-3.456160,s2.641488,s111.894714
180_100,s3.558509,s2.501902,s304.236994
180_101,s1.579842,s3.998165,s254.509743
180_102,s-1.899649,s-3.745842,s136.982282
180_103,s3.056620,s3.085470,s290.928076
180_104,s4.021791,s-1.373936,s263.142042
180_105,s-4.259910,s1.598644,s132.612418
180_106,s4.736323,s-0.807693,s41.098724
180_107,s-3.443259,s-3.040539,s140.517096
180_108,s-3.261367,s-3.453402,s242.487415
180_109,s-4.213657,s-1.080551,s225.704533
180_110,s2.156647,s-4.175988,s342.394862
180_111,s0.695945,s-4.496461,s355.210988
180_112,s-2.919619,s3.424299,s359.003166
180_113,s2.845944,s3.613946,s352.826068
180_114,s3.993491,s-2.752187,s135.381332
180_115,s1.136530,s-4.612028,s188.251036
180_116,s4.676468,s0.469726,s311.451234
180_117,s4.513404,s-1.907665,s291.381545
180_118,s-1.107246,s4.464752,s56.569334
180_119,s1.029519,s4.174936,s33.288831
180_120,s1.964207,s4.324857,s307.254813
180_121,s-4.363034,s2.338041,s29.528759
180_122,s-2.807129,s-4.016220,s134.199235
180_123,s4.697489,s2.110946,s248.146717
180_124,s-0.883046,s-4.412508,s127.834695
180_125,s3.269945,s3.913752,s288.101686
180_126,s-1.904705,s-4.631212,s329.176011
180_127,s-1.767310,s4.029468,s46.712162
180_128,s-4.674378,s-1.487455,s348.387109
180_129,s3.419250,s-3.716346,s240.168655
180_130,s-4.915425,s0.915748,s92.491707
180_131,s-4.162844,s-2.858887,s187.900765
180_132,s4.031738,s3.559665,s293.918541
180_133,s1.792420,s-4.344793,s150.850915
180_134,s4.942576,s-0.270994,s280.724839
180_135,s-4.537993,s-2.434978,s122.947904
180_136,s2.195590,s-4.713744,s201.451799
180_137,s-1.017975,s5.048100,s247.226196
180_138,s-3.584136,s-3.836205,s192.736263
180_139,s4.517095,s-2.352727,s214.036714
180_140,s-3.376670,s3.269266,s68.950262
180_141,s2.230999,s4.972438,s329.445067
180_142,s2.676280,s-4.400003,s241.988533
180_143,s4.509637,s2.589048,s114.390628
180_144,s3.960321,s-3.369846,s263.198420
180_145,s-2.375643,s-4.737755,s71.708111
180_146,s-0.692980,s-5.002227,s289.503051
180_147,s-3.268236,s3.915180,s113.610120
180_148,s5.031721,s-1.101276,s218.488121
180_149,s-2.086079,s4.708585,s351.945169
180_150,s4.844744,s2.978991,s2.035837
180_151,s-0.955550,s-5.314784,s194.176467
180_152,s-4.196442,s3.070810,s1.477457
180_153,s-5.277473,s-1.548637,s232.757597
180_154,s1.651008,s4.878183,s109.821983
180_155,s-3.517020,s4.548964,s118.805850
180_156,s-4.877673,s1.489397,s50.079938
180_157,s0.841464,s5.078605,s91.605906
180_158,s-5.264632,s-2.115637,s127.868555
180_159,s-5.439681,s1.527208,s109.273538
180_160,s-4.900792,s2.410928,s115.384345
180_161,s1.746462,s5.268052,s352.463796
180_162,s2.776608,s4.455665,s358.067296
180_163,s3.350756,s4.734177,s10.801423
180_164,s5.630995,s1.489033,s0.879061
180_165,s-4.705741,s3.390575,s117.768334
180_166,s-4.336857,s-3.621349,s70.698190
180_167,s-3.312702,s-4.809786,s124.048985
180_168,s5.236001,s0.383140,s295.341465
180_169,s-4.376384,s4.031099,s45.183115
180_170,s5.091700,s-2.323093,s237.191425
180_171,s5.495740,s-1.031508,s262.816019
180_172,s3.678265,s-4.548941,s152.226846
180_173,s0.614513,s-4.976703,s230.329037
180_174,s-3.869059,s-4.320924,s160.278473
180_175,s-1.964635,s-5.083572,s203.107053
180_176,s-4.898639,s-0.115501,s275.721213
180_177,s0.461352,s5.753387,s148.419507
180_178,s-4.144845,s4.674356,s55.094919
180_179,s-2.720620,s4.779982,s198.835633
181_0,s0.000000,s0.000000,s327.379153
181_1,s-0.399452,s-0.182132,s62.696353
181_2,s0.299153,s-0.336166,s140.073447
181_3,s0.642223,s-0.100247,s301.583828
181_4,s-0.162411,s0.585585,s77.099725
181_5,s0.481577,s0.760318,s24.634802
181_6,s0.425001,s-0.849632,s233.818150
181_7,s1.052594,s-0.463192,s264.977868
181_8,s-0.894841,s-0.582939,s236.807759
181_9,s-1.398078,s-0.073342,s198.337825
181_10,s-0.604940,s1.206875,s251.509029
181_11,s-0.741912,s-1.127859,s155.783112
181_12,s1.315248,s0.673621,s271.959575
181_13,s-1.346620,s0.494299,s137.880133
181_14,s-1.018619,s0.960424,s19.787652
181_15,s0.583760,s1.369469,s350.638805
181_16,s1.239500,s-0.930666,s229.509452
181_17,s1.199302,s1.342265,s31.637717
181_18,s0.314679,s-1.466621,s229.753095
181_19,s-0.142064,s1.443024,s317.576439
181_20,s-1.364659,s-1.100089,s157.885137
181_21,s1.155010,s-1.571131,s207.572321
181_22,s-0.414514,s-1.648690,s334.562567
181_23,s1.928090,s0.291496,s142.170251
181_24,s-1.513023,s1.307961,s117.174502
181_25,s1.891556,s-0.649627,s277.581595
181_26,s-1.862068,s-0.578966,s175.139573
181_27,s-0.619843,s-2.006438,s207.928805
181_28,s-0.358493,s2.083693,s286.958334
181_29,s-0.675766,s1.775765,s85.096962
181_30,s1.297751,s1.959169,s264.906438
181_31,s1.756970,s1.056200,s340.548448
181_32,s-2.291776,s0.573631,s15.794806
181_33,s-2.219251,s-1.037990,s128.443858
181_34,s0.927762,s2.321477,s76.906759
181_35,s-1.905689,s1.618132,s52.883777
181_36,s-1.392621,s-1.954637,s203.568852
181_37,s2.189981,s0.516218,s250.493536
181_38,s0.649617,s-2.272879,s56.391974
181_39,s-0.206161,s2.688757,s77.039315
181_40,s2.024493,s-1.353305,s293.365436
181_41,s-1.029992,s2.332727,s114.436418
181_42,s0.806667,s-2.681285,s122.781749
181_43,s-2.634602,s0.285261,s222.916787
181_44,s-1.944598,s2.151404,s6.721174
181_45,s-2.043938,s-1.524735,s195.089267
181_46,s2.251397,s1.197378,s266.337267
181_47,s2.077871,s2.300533,s75.022119
181_48,s0.782407,s2.792461,s342.364585
181_49,s-2.627099,s-0.812928,s21.062722
181_50,s-2.640157,s1.424631,s93.250465
181_51,s2.913938,s-0.713418,s358.186052
181_52,s-1.445139,s-2.855096,s48.376702
181_53,s2.547043,s1.585109,s355.476978
181_54,s2.675999,s-1.679785,s320.982693
181_55,s2.118621,s-1.965498,s122.724338
181_56,s1.422354,s-2.736888,s131.837921
181_57,s1.492700,s2.830521,s301.575456
181_58,s-2.356247,s-2.014473,s115.140572
181_59,s-0.283569,s-2.835858,s122.503629
181_60,s-3.047827,s0.566350,s176.423935
181_61,s3.257745,s0.526398,s81.552924
181_62,s2.488004,s-2.091014,s228.280276
181_63,s-1.247530,s-3.430185,s262.233020
181_64,s-2.853587,s-1.657419,s94.425059
181_65,s-3.041257,s-1.145975,s85.530386
181_66,s-2.331833,s2.610087,s71.681212
181_67,s-1.204920,s3.183711,s164.835192
181_68,s2.343516,s-2.740315,s116.248072
181_69,s0.421681,s-3.373749,s75.638620
181_70,s3.433191,s-0.284360,s197.418781
181_71,s-2.912232,s1.941367,s22.926140
181_72,s-2.578575,s-2.722765,s75.179795
181_73,s1.260134,s3.478802,s307.559202
181_74,s-2.112921,s3.021886,s349.199095
181_75,s0.410097,s3.110172,s24.302594
181_76,s-0.099393,s3.770585,s27.079971
181_77,s3.742449,s0.683438,s177.037283
181_78,s3.020562,s-2.049074,s276.274778
181_79,s1.386611,s-3.437144,s276.930930
181_80,s-2.094363,s-3.230502,s354.040299
181_81,s-3.671615,s0.457429,s184.278464
181_82,s3.694306,s1.605613,s133.142189
181_83,s-3.312289,s1.758193,s64.156699
181_84,s-3.925637,s-1.245865,s69.047046
181_85,s-0.941427,s-3.887636,s175.421778
181_86,s2.574121,s2.726977,s221.527609
181_87,s3.914235,s-1.039838,s295.895407
181_88,s0.893144,s-3.638080,s108.715823
181_89,s-3.669614,s-1.938152,s185.818266
181_90,s-4.203425,s0.279993,s78.608760
181_91,s2.426858,s-3.439016,s261.922967
181_92,s2.076187,s3.639680,s215.084610
181_93,s3.428448,s2.280614,s23.692125
181_94,s-1.620851,s-3.547230,s150.712478
181_95,s0.505642,s3.702353,s331.634161
181_96,s4.398813,s0.948916,s81.538983
181_97,s-0.800604,s3.561114,s27.996208
181_98,s2.770663,s3.156490,s300.681283
181_99,s1.283703,s-3.946468,s154.585911
181_100,s-3.648617,s1.377532,s162.073620
181_101,s-2.938465,s-3.070493,s112.711740
181_102,s-1.983103,s3.927761,s51.361204
181_103,s-2.932805,s3.113862,s57.840399
181_104,s2.067068,s4.053360,s20.177092
181_105,s-4.232485,s1.801685,s24.518012
181_106,s1.918121,s-4.057067,s138.704758
181_107,s-3.425716,s2.515347,s46.901365
181_108,s-0.856100,s4.440706,s309.368739
181_109,s3.307881,s-2.668413,s274.248246
181_110,s-3.890040,s-0.278555,s80.957027
181_111,s3.889398,s-1.585114,s282.424375
181_112,s-4.058015,s-2.563691,s43.306607
181_113,s4.240293,s0.287075,s165.735068
181_114,s-2.406494,s3.563536,s61.869397
181_115,s3.797851,s2.914653,s25.266231
181_116,s2.718616,s3.833944,s14.623549
181_117,s3.936441,s-2.309759,s324.061314
181_118,s-4.912738,s-0.134108,s110.490864
181_119,s-2.503424,s-3.752285,s219.051844
181_120,s4.389691,s1.533987,s287.526665
181_121,s2.356218,s-4.066723,s252.328695
181_122,s3.409527,s-3.449294,s209.394381
181_123,s-4.672405,s0.855062,s278.042726
181_124,s4.751353,s-1.197767,s249.539725
181_125,s4.352202,s2.118411,s112.609093
181_126,s-4.714340,s1.665834,s48.516399
181_127,s-4.883391,s-1.286464,s357.614025
181_128,s3.932769,s-3.005966,s254.990028
181_129,s-2.975710,s-4.080153,s134.717977
181_130,s1.026425,s4.649470,s81.519104
181_131,s-1.493065,s4.719455,s121.368568
181_132,s1.948331,s-4.659024,s238.531039
181_133,s-2.764743,s4.384184,s15.390389
181_134,s4.706287,s-1.831218,s191.321725
181_135,s-0.463984,s-4.827755,s21.233303
181_136,s4.810867,s0.930353,s258.802300
181_137,s-4.602456,s2.727617,s3.586086
181_138,s-1.468359,s-4.517347,s87.289803
181_139,s1.113181,s-4.771879,s165.232523
181_140,s3.136975,s4.147215,s299.772852
181_141,s2.250866,s4.743006,s70.328067
181_142,s4.992201,s-0.279151,s93.087601
181_143,s-3.544321,s-3.597262,s150.312148
181_144,s0.388085,s5.035066,s8.669509
181_145,s-5.100947,s0.835833,s150.316431
181_146,s2.868957,s-4.574832,s174.911198
181_147,s4.810643,s2.156788,s273.433392
181_148,s0.550820,s-5.110315,s42.542044
181_149,s4.559422,s3.121682,s161.275406
181_150,s-1.290958,s-5.097409,s140.359524
181_151,s-2.265046,s4.625156,s356.648195
181_152,s-4.364592,s3.811288,s113.881386
181_153,s-2.668400,s-4.521299,s246.746995
181_154,s5.193970,s-1.776610,s217.052716
181_155,s-0.742518,s5.348707,s237.996411
181_156,s-3.816457,s3.820295,s319.484826
181_157,s1.692116,s5.390662,s133.575629
181_158,s-2.531527,s-5.106992,s100.780801
181_159,s5.009938,s2.731680,s266.912826
181_160,s4.222528,s-3.601772,s280.381517
181_161,s3.164467,s4.676347,s325.515420
181_162,s-1.160609,s5.120106,s22.188213
181_163,s-3.922098,s-3.186454,s308.920411
181_164,s5.306880,s-0.763986,s357.474392
181_165,s-4.889023,s-3.026541,s324.185771
181_166,s5.712599,s0.654761,s191.298361
181_167,s-5.241035,s-1.667799,s21.970204
181_168,s-3.444663,s4.603998,s347.467183
181_169,s4.239413,s3.446751,s36.197987
181_170,s0.942783,s5.196159,s0.540685
181_171,s-5.261636,s-2.706383,s111.175128
181_172,s4.900980,s-2.709317,s264.675359
181_173,s1.937703,s-5.315371,s105.694679
181_174,s3.386998,s-4.769774,s223.273593
181_175,s3.967119,s-4.065391,s217.295600
181_176,s-4.266957,s-4.218184,s197.998692
181_177,s-4.935150,s-3.503772,s215.501171
181_178,s2.713330,s5.069550,s58.968951
181_179,s4.109153,s4.163816,s357.304950
181_180,s-5.175437,s2.727150,s71.671216
182_0,s0.000000,s0.000000,s105.798791
182_1,s0.215368,s0.395116,s57.234171
182_2,s0.399919,s-0.300108,s339.850953
182_3,s0.563543,s0.567820,s317.557307
182_4,s-0.472080,s0.282207,s23.146347
182_5,s-0.323948,s-0.444475,s173.003972
182_6,s0.539203,s-0.842176,s93.459140
182_7,s0.113447,s0.943202,s6.241502
182_8,s-0.864236,s-0.503086,s46.844113
182_9,s0.984104,s-0.491466,s329.985759
182_10,s0.908132,s-1.065503,s237.082174
182_11,s-1.067408,s0.265780,s36.743630
182_12,s-0.034306,s-1.249529,s211.500558
182_13,s-1.437720,s-0.702111,s166.144646
182_14,s0.654039,s1.180988,s349.986086
182_15,s-0.761228,s-0.991480,s151.319242
182_16,s-1.012889,s1.302519,s184.371112
182_17,s-0.473682,s-1.684674,s255.170433
182_18,s0.414661,s1.700164,s63.156878
182_19,s0.861659,s-1.580362,s154.114382
182_20,s1.256296,s0.617835,s336.456896
182_21,s2.089360,s-0.961549,s108.788484
182_22,s-1.863140,s0.372435,s339.548486
182_23,s-1.101243,s1.669510,s65.538505
182_24,s1.824673,s0.818882,s199.112027
182_25,s-0.567554,s1.655410,s336.318276
182_26,s1.407166,s1.558808,s251.142193
182_27,s-1.200717,s-1.783474,s200.259664
182_28,s-1.750283,s1.332857,s91.238974
182_29,s-2.263120,s0.410228,s76.162058
182_30,s-1.653772,s-1.739264,s36.486191
182_31,s1.047614,s2.269913,s47.954199
182_32,s-1.590348,s-0.175482,s109.613968
182_33,s1.525048,s-0.276997,s244.282924
182_34,s-0.484366,s2.503575,s28.069314
182_35,s-2.359435,s-1.092276,s47.879895
182_36,s2.154024,s1.709586,s25.402318
182_37,s1.572085,s-1.678853,s263.592760
182_38,s1.011236,s-2.231569,s278.756568
182_39,s2.357451,s0.832121,s266.591320
182_40,s-0.673633,s-2.303523,s277.428501
182_41,s0.663846,s-2.462074,s174.127204
182_42,s2.349193,s-0.061579,s314.543558
182_43,s2.449574,s-0.499586,s213.706064
182_44,s-0.245186,s-2.638633,s184.905498
182_45,s-1.609047,s2.352332,s260.116005
182_46,s-1.595572,s-2.115809,s145.153416
182_47,s1.373412,s-2.779162,s307.053225
182_48,s-2.028189,s1.930402,s111.821788
182_49,s0.148237,s2.245112,s18.152856
182_50,s-1.208110,s-2.745992,s241.715210
182_51,s2.880073,s-1.505881,s50.267835
182_52,s-2.260678,s-2.264803,s356.009970
182_53,s3.092627,s-0.598461,s201.255694
182_54,s1.165170,s2.872695,s261.271471
182_55,s-2.813391,s-1.301857,s133.203260
182_56,s2.477513,s1.601384,s230.049636
182_57,s3.162546,s0.488162,s263.999528
182_58,s2.253998,s-2.054749,s198.474957
182_59,s2.229002,s2.433423,s256.544945
182_60,s0.635902,s3.136181,s82.414318
182_61,s-3.399875,s0.585959,s309.931251
182_62,s-1.732133,s3.041335,s228.655820
182_63,s-2.461939,s2.487741,s312.282323
182_64,s0.549479,s-3.355305,s213.260519
182_65,s-3.224350,s-0.407510,s142.301040
182_66,s3.382615,s1.077227,s18.758469
182_67,s-1.853079,s-2.910085,s230.597185
182_68,s-1.374457,s3.435239,s38.421045
182_69,s2.025663,s-2.730694,s238.515332
182_70,s1.100123,s3.269898,s351.491009
182_71,s-3.173571,s1.353126,s126.839120
182_72,s-2.928529,s1.823791,s18.564732
182_73,s3.061912,s1.893330,s325.931145
182_74,s-2.555869,s-2.675357,s33.073537
182_75,s2.804641,s-2.009101,s242.153099
182_76,s1.633119,s3.320079,s262.065456
182_77,s-2.082666,s-3.531643,s254.377422
182_78,s-3.916701,s-1.030510,s127.053181
182_79,s3.636684,s1.541762,s303.045427
182_80,s-0.846283,s-3.704566,s288.259192
182_81,s-3.774267,s1.324729,s25.952816
182_82,s2.081111,s-3.298329,s132.442427
182_83,s-0.709301,s3.376299,s38.511949
182_84,s-2.264183,s3.113836,s37.661232
182_85,s3.587083,s-1.398334,s248.076273
182_86,s2.836735,s-2.960225,s315.958778
182_87,s-3.733246,s-0.354083,s72.760239
182_88,s-3.595998,s-1.863141,s58.700351
182_89,s3.416627,s-2.851168,s247.548506
182_90,s3.676343,s-0.739596,s221.502076
182_91,s-3.891049,s0.679881,s170.099248
182_92,s0.453879,s3.672056,s320.403557
182_93,s2.473562,s2.950253,s262.109751
182_94,s1.244669,s-4.115920,s289.600373
182_95,s-0.626272,s4.051886,s79.491913
182_96,s-3.333339,s2.636542,s107.764958
182_97,s3.399213,s-0.073136,s291.668569
182_98,s2.700679,s3.410107,s28.077397
182_99,s-2.948773,s3.198006,s193.929071
182_100,s-2.935240,s-3.073575,s168.567785
182_101,s3.101435,s3.191175,s321.446445
182_102,s-3.374293,s-2.977271,s4.321170
182_103,s4.004560,s-2.052681,s90.597066
182_104,s4.244850,s-0.950656,s269.478889
182_105,s3.821252,s2.078589,s350.489934
182_106,s2.736570,s-3.381373,s134.920042
182_107,s4.286557,s2.268905,s244.375275
182_108,s-4.231539,s1.008253,s144.773651
182_109,s0.438335,s-4.026209,s227.271522
182_110,s-1.636278,s-4.030521,s193.128588
182_111,s4.321409,s1.062036,s92.217449
182_112,s-2.158435,s3.948564,s24.137737
182_113,s-4.252713,s-0.635949,s97.097195
182_114,s4.526282,s1.440579,s309.442981
182_115,s0.558642,s4.364392,s75.976846
182_116,s-2.615655,s-3.661742,s203.913524
182_117,s4.506009,s0.631172,s210.571376
182_118,s1.504691,s4.240979,s41.882978
182_119,s-0.277902,s-4.591598,s19.082215
182_120,s2.589679,s-4.041480,s158.219438
182_121,s-4.282862,s2.380565,s27.698033
182_122,s-1.157129,s4.503727,s17.014129
182_123,s3.218960,s-3.424660,s287.107630
182_124,s4.494141,s-1.537920,s227.144123
182_125,s-1.786328,s4.347302,s332.278173
182_126,s3.661187,s2.866742,s3.400745
182_127,s4.195419,s-2.332050,s217.886464
182_128,s2.269223,s4.511444,s218.375693
182_129,s-3.201461,s3.643233,s318.749175
182_130,s-4.085120,s-2.221328,s47.590276
182_131,s-4.013658,s2.897076,s300.735179
182_132,s-0.521057,s4.671028,s348.119745
182_133,s-4.777666,s0.834513,s75.564672
182_134,s-4.694276,s-2.118083,s99.984618
182_135,s3.122436,s3.905175,s281.374716
182_136,s1.487292,s-4.616326,s247.903554
182_137,s-1.233062,s-4.793961,s270.462266
182_138,s-4.169260,s-2.668289,s218.595326
182_139,s0.814361,s-4.730414,s214.750479
182_140,s0.536907,s4.920796,s2.327524
182_141,s-3.687639,s3.522970,s345.937632
182_142,s3.512464,s-3.901935,s194.662188
182_143,s1.458829,s4.991174,s229.333584
182_144,s4.087899,s-0.314776,s287.632750
182_145,s-3.309944,s-4.010520,s256.786884
182_146,s-1.954325,s-4.872691,s5.605245
182_147,s-0.359307,s-5.087327,s154.122105
182_148,s3.010084,s-4.362270,s233.000543
182_149,s4.547519,s2.818256,s205.324202
182_150,s-4.646335,s1.847043,s209.484167
182_151,s4.112145,s3.263857,s355.428869
182_152,s-4.023790,s-3.372182,s177.665600
182_153,s-2.555562,s-5.095008,s352.653553
182_154,s-4.971054,s-2.578492,s137.514799
182_155,s-5.085716,s-1.084202,s28.184064
182_156,s5.114832,s-1.183635,s283.324017
182_157,s4.032807,s-3.591165,s327.998375
182_158,s2.540724,s-4.877983,s198.248830
182_159,s3.360995,s4.479253,s254.262030
182_160,s-2.901325,s4.375479,s75.885915
182_161,s-5.350329,s1.274354,s331.340711
182_162,s-1.788084,s-5.254071,s270.174125
182_163,s-4.541923,s-3.443971,s161.382494
182_164,s1.152087,s-5.531292,s217.839094
182_165,s5.096971,s0.175748,s302.187272
182_166,s-2.203042,s4.875357,s67.406607
182_167,s-4.950676,s3.021722,s204.593280
182_168,s-4.246486,s3.573494,s100.859965
182_169,s5.329464,s2.021587,s9.118100
182_170,s3.028637,s4.887725,s275.590596
182_171,s-5.780058,s1.411887,s150.578253
182_172,s-5.685297,s-0.860170,s157.119122
182_173,s-0.957490,s-5.709782,s113.070058
182_174,s4.788154,s-2.386646,s240.151015
182_175,s1.162391,s5.324598,s331.598835
182_176,s-0.901111,s5.374988,s289.637684
182_177,s4.863519,s-3.067357,s207.685203
182_178,s4.457114,s-3.711352,s209.201556
182_179,s-3.406363,s-4.444850,s82.727402
182_180,s5.367791,s-2.197003,s4.727669
182_181,s-4.890108,s-1.615346,s85.871657
183_0,s-0.106176,s-0.255756,s1.661340
183_1,s0.294340,s-0.451119,s274.685291
183_2,s-0.050514,s-0.695620,s172.883360
183_3,s-0.495020,s0.566500,s170.021925
183_4,s0.109306,s0.830285,s244.779455
183_5,s-0.677097,s1.071577,s289.576278
183_6,s0.978361,s0.840613,s18.389635
183_7,s0.813140,s-0.845309,s258.490899
183_8,s-0.976050,s-0.186244,s38.500087
183_9,s-1.279910,s0.584653,s332.860603
183_10,s-0.625518,s-0.697609,s162.915276
183_11,s0.233135,s1.264564,s318.116958
183_12,s-1.210230,s-0.729426,s98.139385
183_13,s1.247965,s-0.223618,s320.216855
183_14,s0.346215,s-1.186430,s218.802199
183_15,s0.920050,s-1.416126,s266.040255
183_16,s1.435975,s0.573859,s329.935428
183_17,s0.918291,s1.820184,s323.138370
183_18,s0.015515,s-1.792569,s60.904795
183_19,s-0.205160,s1.653324,s335.671554
183_20,s-1.167423,s-1.351402,s57.159937
183_21,s-1.855065,s0.595034,s168.604717
183_22,s1.593328,s-0.753015,s280.447329
183_23,s1.915839,s-1.126838,s248.285305
183_24,s1.940994,s0.799432,s268.892047
183_25,s-1.454076,s1.089233,s49.144295
183_26,s1.360473,s-1.775913,s200.366680
183_27,s-1.099636,s1.551133,s328.664997
183_28,s-0.412433,s2.313195,s324.670216
183_29,s0.020468,s-2.431427,s314.547491
183_30,s-2.267735,s0.837690,s349.931095
183_31,s-0.715205,s-1.730437,s90.308788
183_32,s-1.829997,s-1.739764,s165.093475
183_33,s-2.114164,s-0.358919,s115.733568
183_34,s-0.664861,s-2.257721,s230.639008
183_35,s1.939932,s1.402318,s289.253169
183_36,s-2.472894,s0.451508,s159.527585
183_37,s2.570445,s-0.698015,s249.278243
183_38,s-2.019261,s-1.266421,s48.681853
183_39,s0.595314,s2.253020,s46.415797
183_40,s-1.619729,s1.790459,s90.374023
183_41,s1.944419,s1.858517,s43.420261
183_42,s0.990585,s-2.260450,s121.003750
183_43,s-1.564383,s2.444739,s71.459375
183_44,s2.139979,s0.252475,s249.960552
183_45,s2.017073,s-1.601226,s201.985141
183_46,s-0.975866,s2.293419,s40.129371
183_47,s-1.087229,s-2.426578,s151.072835
183_48,s-2.576374,s-1.563213,s209.285328
183_49,s2.466655,s1.898589,s334.778824
183_50,s-2.452648,s1.446350,s28.914092
183_51,s-2.978207,s-0.529277,s29.914694
183_52,s-0.748638,s2.822695,s341.819014
183_53,s1.238971,s-2.705163,s271.265064
183_54,s2.657436,s1.080880,s332.932302
183_55,s-1.789965,s-2.950072,s155.054862
183_56,s-2.971078,s0.990169,s29.277539
183_57,s2.846980,s-1.679666,s325.683479
183_58,s0.935543,s2.713204,s328.455386
183_59,s2.137546,s-2.888486,s229.304083
183_60,s-2.314202,s2.305675,s92.642720
183_61,s0.589235,s-2.903687,s173.860714
183_62,s1.919247,s2.432974,s296.026380
183_63,s-2.983373,s-1.199342,s149.381207
183_64,s3.124107,s0.891808,s195.191047
183_65,s-0.561315,s-2.910983,s110.016450
183_66,s-1.252731,s3.077810,s26.397009
183_67,s-3.447596,s0.970985,s124.791802
183_68,s2.678830,s-2.061523,s187.168427
183_69,s3.483053,s-0.384342,s52.577958
183_70,s-2.267883,s-2.535900,s138.881538
183_71,s0.348250,s3.159117,s94.246096
183_72,s1.644596,s-3.227296,s89.119263
183_73,s-3.422025,s-0.910134,s8.926834
183_74,s2.996617,s2.107934,s279.078193
183_75,s-1.136199,s-3.436819,s147.940909
183_76,s-3.660841,s0.185334,s142.698604
183_77,s-2.374004,s3.016205,s95.812582
183_78,s3.566553,s0.232872,s236.154453
183_79,s-2.785414,s-2.039625,s130.571698
183_80,s3.222674,s-2.111435,s229.901626
183_81,s1.625461,s3.494913,s164.727709
183_82,s1.104681,s-3.558943,s192.917187
183_83,s-3.548748,s-1.286088,s121.496593
183_84,s3.259751,s1.309726,s260.330467
183_85,s3.040546,s2.782537,s232.152127
183_86,s3.627447,s-1.149401,s182.868315
183_87,s-3.789437,s1.774299,s282.846209
183_88,s-0.405198,s3.800873,s337.647641
183_89,s3.805486,s-0.790609,s286.663661
183_90,s-0.197263,s-3.260552,s239.315883
183_91,s0.810089,s3.276937,s358.763720
183_92,s-1.977418,s3.504844,s192.504214
183_93,s2.024819,s3.025973,s304.596189
183_94,s3.919918,s1.532584,s334.867370
183_95,s-2.648496,s-3.288120,s134.862450
183_96,s3.878916,s0.880737,s234.989594
183_97,s2.923194,s-2.857381,s183.707824
183_98,s-3.199002,s2.391671,s108.391958
183_99,s-1.035311,s3.649230,s16.959383
183_100,s1.133088,s3.936078,s296.860008
183_101,s3.997600,s-1.849644,s307.534581
183_102,s-3.995767,s-0.919668,s104.333738
183_103,s-4.172411,s1.215351,s353.419995
183_104,s-3.569086,s-2.421522,s24.419442
183_105,s4.033346,s2.391887,s55.388242
183_106,s2.142075,s-3.667121,s271.381215
183_107,s-2.956878,s3.430404,s97.042579
183_108,s-3.261018,s-3.367184,s23.277983
183_109,s-2.268636,s3.822130,s28.824511
183_110,s2.893755,s3.175375,s352.121051
183_111,s1.461592,s4.571976,s245.161129
183_112,s1.387097,s-4.425282,s267.151988
183_113,s-4.776607,s-1.476221,s84.693258
183_114,s-2.497261,s-3.770490,s163.999961
183_115,s-0.968673,s-3.993422,s262.677511
183_116,s4.704891,s0.738428,s179.796958
183_117,s3.487617,s-2.842899,s212.935269
183_118,s0.694534,s-3.999097,s219.039512
183_119,s4.410574,s1.503622,s291.242178
183_120,s-0.511063,s4.654861,s310.924752
183_121,s3.555896,s3.055893,s327.240095
183_122,s-3.845333,s-3.195986,s36.345059
183_123,s-1.825950,s-4.333481,s276.978115
183_124,s-4.333304,s0.616677,s193.995144
183_125,s-3.455164,s3.724793,s10.008952
183_126,s3.398382,s-3.425342,s141.015938
183_127,s4.288918,s2.803765,s285.443752
183_128,s-3.578467,s2.887107,s103.738616
183_129,s-4.541494,s0.914891,s87.411842
183_130,s4.750883,s-1.718637,s172.146672
183_131,s-4.321408,s-0.515722,s49.604367
183_132,s-4.383974,s2.073941,s9.415369
183_133,s-0.551546,s-4.457103,s136.638357
183_134,s-3.442209,s-3.840495,s88.295885
183_135,s3.246461,s3.996067,s310.791673
183_136,s2.337505,s3.821238,s322.519633
183_137,s-4.703700,s1.439638,s52.273270
183_138,s4.557331,s2.053478,s321.571373
183_139,s-4.658457,s-2.052684,s291.874498
183_140,s-1.697193,s3.994029,s352.495813
183_141,s4.731513,s-0.664742,s206.178950
183_142,s2.450974,s-4.156298,s159.882381
183_143,s-5.217343,s-0.763452,s340.402858
183_144,s-1.861766,s4.806238,s80.835863
183_145,s-2.977520,s4.194950,s202.302573
183_146,s-1.819016,s-4.868697,s87.459600
183_147,s1.229039,s4.917711,s340.627754
183_148,s-4.615601,s-2.963792,s7.004094
183_149,s3.368946,s-4.020990,s262.824133
183_150,s1.790979,s5.194528,s242.151127
183_151,s3.994544,s-2.404062,s237.396434
183_152,s5.153043,s0.698821,s323.777107
183_153,s4.913402,s-2.492309,s229.080573
183_154,s-0.833729,s4.833554,s45.937913
183_155,s-5.279263,s1.440843,s115.947180
183_156,s1.858953,s-4.856785,s138.280148
183_157,s-4.549603,s3.069809,s82.382412
183_158,s-4.935176,s2.141471,s40.283383
183_159,s5.315051,s-1.228714,s323.296344
183_160,s2.874436,s4.556577,s271.323824
183_161,s0.215909,s-4.643567,s276.125737
183_162,s-0.593753,s-5.156980,s118.817143
183_163,s0.469420,s-5.068891,s174.042459
183_164,s-4.129301,s3.612735,s324.649957
183_165,s-2.433606,s-5.255392,s35.042166
183_166,s-1.516637,s5.369784,s11.391352
183_167,s2.640429,s-4.926270,s328.248474
183_168,s5.153741,s-1.868426,s297.932647
183_169,s4.187154,s-3.420499,s243.120739
183_170,s-3.777037,s-4.358262,s243.243428
183_171,s5.115566,s2.132930,s231.932993
183_172,s-1.013195,s5.451422,s335.815558
183_173,s2.774774,s5.160884,s250.181253
183_174,s-5.385103,s-2.004384,s28.980382
183_175,s-3.164670,s4.673478,s306.624339
183_176,s-4.914394,s0.287824,s33.719810
183_177,s4.650778,s3.254011,s8.969552
183_178,s-4.698220,s-3.587139,s33.963634
183_179,s4.513181,s4.251750,s64.989896
183_180,s-4.155882,s-4.117986,s116.960522
183_181,s-5.518541,s1.981171,s23.403257
183_182,s-5.551373,s-0.876349,s133.956920
184_0,s-0.119127,s0.204793,s25.751077
184_1,s0.202612,s0.047597,s216.665331
184_2,s-0.185778,s-0.195983,s167.297534
184_3,s0.190294,s0.536777,s280.134262
184_4,s-0.695662,s-0.082742,s7.441724
184_5,s0.484142,s-0.841500,s225.091270
184_6,s-0.839481,s-0.610187,s63.048586
184_7,s0.920306,s0.201340,s278.667476
184_8,s-0.549376,s-1.112088,s110.074626
184_9,s-0.418559,s1.331163,s136.403198
184_10,s0.966789,s-0.313198,s209.010877
184_11,s0.759077,s0.936197,s311.575945
184_12,s-0.000890,s-0.979190,s183.641707
184_13,s-1.187050,s0.077698,s40.018777
184_14,s-1.379327,s-0.737772,s112.945972
184_15,s0.505488,s-1.466322,s158.936612
184_16,s-1.190596,s0.852834,s92.897479
184_17,s-0.376741,s1.743928,s10.794787
184_18,s1.399159,s-1.435847,s178.002317
184_19,s0.164762,s1.064984,s34.512942
184_20,s-1.683965,s-0.127591,s116.266339
184_21,s0.670319,s1.531923,s66.871482
184_22,s-0.950962,s1.339410,s48.055783
184_23,s2.109407,s0.529699,s154.743633
184_24,s1.688360,s0.671091,s23.862285
184_25,s-0.298691,s-1.677457,s92.729726
184_26,s1.702405,s-0.863105,s197.486013
184_27,s-2.384820,s0.460697,s252.754183
184_28,s-0.863044,s-2.051601,s163.043608
184_29,s-1.386338,s-1.713638,s60.592181
184_30,s0.856497,s1.978830,s254.248225
184_31,s1.702383,s1.550247,s210.677629
184_32,s0.568821,s-2.164529,s265.402263
184_33,s-0.240880,s-2.278572,s177.445320
184_34,s1.503333,s-0.330728,s237.369744
184_35,s0.441209,s2.104950,s30.634167
184_36,s-1.742438,s1.366020,s136.032977
184_37,s-1.988671,s-1.938920,s231.893488
184_38,s-2.198882,s-1.206951,s89.095035
184_39,s-1.027339,s1.894789,s327.065536
184_40,s2.183479,s-1.151175,s241.085705
184_41,s1.180641,s2.310710,s351.903071
184_42,s-1.414350,s2.287268,s50.912156
184_43,s2.576591,s-0.525600,s39.305827
184_44,s2.583923,s0.247512,s268.276581
184_45,s2.321572,s1.226986,s324.056611
184_46,s-2.714050,s-0.241281,s206.337702
184_47,s2.157289,s1.806178,s25.762946
184_48,s-2.386025,s1.257760,s109.190864
184_49,s1.439479,s-2.471528,s226.222634
184_50,s1.839511,s-1.943238,s244.443780
184_51,s-2.049992,s1.798246,s353.068937
184_52,s-1.447153,s-2.630848,s164.916272
184_53,s-0.265628,s2.745406,s23.634452
184_54,s2.985800,s-0.677159,s240.742510
184_55,s2.483033,s2.343935,s232.166327
184_56,s-0.947945,s2.927028,s353.690748
184_57,s2.717906,s0.784646,s290.742491
184_58,s0.801373,s-2.644588,s237.851205
184_59,s-2.410377,s-1.652655,s178.115281
184_60,s-0.596538,s-3.170424,s2.393216
184_61,s-3.073416,s-0.606652,s176.401981
184_62,s1.948418,s2.713929,s44.886554
184_63,s-2.678433,s2.017770,s156.343739
184_64,s3.108963,s-1.558472,s278.888573
184_65,s-2.929651,s0.547689,s176.486903
184_66,s3.359570,s0.545544,s301.370414
184_67,s3.002373,s1.459094,s306.953786
184_68,s-1.926095,s-2.499128,s132.233345
184_69,s-1.516599,s3.184285,s345.539693
184_70,s1.499179,s-3.217653,s244.050512
184_71,s0.371447,s-2.649464,s125.113130
184_72,s-1.212829,s-3.182301,s210.388677
184_73,s0.432389,s3.459720,s162.975229
184_74,s2.384260,s2.847424,s256.682608
184_75,s0.574189,s-3.289245,s121.987907
184_76,s-3.257237,s1.107507,s135.065610
184_77,s-1.931613,s-3.172883,s136.154478
184_78,s-3.443292,s-1.176441,s142.041828
184_79,s3.343703,s-0.260012,s287.689562
184_80,s2.738304,s-2.354958,s309.300282
184_81,s-2.651490,s-2.517806,s144.356224
184_82,s0.894968,s3.085130,s167.194181
184_83,s3.572507,s1.450353,s249.020276
184_84,s2.111667,s-2.448076,s191.035211
184_85,s3.780868,s-0.599278,s231.936254
184_86,s1.737199,s3.435232,s272.691605
184_87,s3.559778,s-2.001296,s220.234958
184_88,s1.611039,s-3.751797,s218.682167
184_89,s2.632531,s-2.809342,s207.983613
184_90,s-0.201488,s3.663369,s326.512496
184_91,s1.186013,s3.332903,s2.869910
184_92,s-1.901614,s2.945209,s39.533673
184_93,s-3.401473,s-2.105871,s283.310384
184_94,s-3.619831,s-0.481253,s141.058975
184_95,s-1.676466,s-3.654158,s246.573801
184_96,s0.771842,s4.317745,s262.140058
184_97,s-2.550417,s3.085110,s60.208125
184_98,s3.527557,s2.317149,s227.519703
184_99,s-4.037717,s-0.197077,s24.581120
184_100,s-3.540850,s2.239272,s225.280688
184_101,s2.750285,s3.179972,s347.833074
184_102,s4.208453,s-1.372991,s178.072671
184_103,s3.165515,s-2.726642,s229.253181
184_104,s-3.491925,s1.508863,s76.522976
184_105,s1.161566,s-3.694737,s99.496823
184_106,s-3.270202,s-2.776116,s45.281669
184_107,s-1.776175,s3.849289,s358.216618
184_108,s-0.212524,s4.267480,s359.809951
184_109,s-3.064299,s2.526440,s249.153632
184_110,s0.837807,s-4.202938,s205.908495
184_111,s-1.356055,s-4.281921,s223.086507
184_112,s-2.643341,s-3.106518,s179.154945
184_113,s-3.861173,s0.984528,s60.013588
184_114,s-3.970071,s2.046076,s37.600594
184_115,s-4.435770,s-0.793487,s207.319607
184_116,s-1.821563,s-4.111698,s92.596985
184_117,s1.386943,s-4.337214,s237.497898
184_118,s-2.389462,s3.870327,s224.164512
184_119,s3.967378,s2.672066,s284.843398
184_120,s2.451534,s-3.550504,s262.066486
184_121,s-3.182300,s3.034395,s88.696297
184_122,s3.159305,s2.995256,s274.829445
184_123,s1.879935,s3.937598,s315.853599
184_124,s4.273646,s-0.087731,s205.094821
184_125,s0.745013,s4.870591,s30.061357
184_126,s-3.416042,s-3.268271,s234.375330
184_127,s4.271141,s0.491387,s347.835881
184_128,s4.571881,s-2.156013,s317.390131
184_129,s-4.585468,s1.021398,s87.515564
184_130,s3.525861,s3.486967,s45.012990
184_131,s4.286022,s1.646118,s258.996863
184_132,s-3.016691,s3.720314,s346.932461
184_133,s-0.777040,s4.282964,s104.328181
184_134,s-3.860657,s3.315496,s63.914805
184_135,s-4.684661,s-1.443868,s19.168174
184_136,s-2.231516,s4.351584,s46.170049
184_137,s2.060067,s4.606464,s55.777780
184_138,s4.625398,s-1.060027,s238.656531
184_139,s2.295233,s-4.227195,s307.663052
184_140,s2.596930,s4.365349,s303.570710
184_141,s-1.502099,s4.683416,s272.928514
184_142,s-0.259088,s-4.296790,s136.412639
184_143,s-4.103948,s-2.023416,s162.321022
184_144,s-2.715549,s-4.069390,s111.438097
184_145,s-0.754364,s4.983758,s317.305914
184_146,s3.544954,s-3.628968,s46.087284
184_147,s4.074613,s3.136100,s334.628016
184_148,s-3.647547,s3.864478,s2.322887
184_149,s-4.569126,s0.328548,s91.166486
184_150,s-4.718743,s-2.319462,s3.821152
184_151,s4.049117,s-3.037122,s165.532474
184_152,s-2.008848,s-4.552483,s177.989383
184_153,s4.844119,s1.895660,s291.750134
184_154,s-2.828771,s-4.519805,s160.154384
184_155,s-3.988778,s-2.672965,s201.641706
184_156,s4.232189,s-2.681685,s286.667144
184_157,s3.524434,s-4.148832,s302.143872
184_158,s1.590955,s-4.906602,s116.898650
184_159,s3.323856,s-4.459178,s94.515154
184_160,s-4.573664,s-2.808243,s157.751179
184_161,s-4.579441,s2.024921,s170.052223
184_162,s-3.652434,s-3.798009,s91.795249
184_163,s-4.389234,s2.953844,s22.786070
184_164,s3.431973,s4.048054,s320.758443
184_165,s-3.338815,s4.354866,s319.543980
184_166,s1.939136,s-5.011092,s305.737481
184_167,s-2.382799,s-4.997066,s132.254265
184_168,s-0.527170,s-5.061010,s149.830554
184_169,s5.573662,s-1.335612,s0.720076
184_170,s-2.140844,s5.335890,s212.705292
184_171,s-5.204683,s-0.511730,s130.882618
184_172,s-5.028315,s2.896760,s180.782556
184_173,s-5.139742,s1.383679,s356.353656
184_174,s4.925102,s2.710751,s315.512651
184_175,s-3.918721,s-4.394790,s223.620613
184_176,s4.822878,s0.758005,s339.108442
184_177,s4.341062,s-3.928862,s274.280345
184_178,s-4.292253,s3.873835,s16.139802
184_179,s-5.333360,s2.225802,s93.473811
184_180,s5.183824,s-2.175296,s187.114359
184_181,s-0.616817,s-5.985519,s78.992944
184_182,s-5.755781,s0.280747,s245.446454
184_183,s1.116155,s5.271409,s312.575994
185_0,s0.648521,s-0.089849,s78.590216
185_1,s-0.689494,s-0.353536,s99.983794
185_2,s0.314916,s-0.809183,s302.508713
185_3,s-0.402129,s0.046580,s209.073209
185_4,s0.034289,s0.378429,s21.733891
185_5,s1.073212,s-0.017610,s263.271662
185_6,s-0.652024,s0.196436,s17.420275
185_7,s0.719024,s-1.025681,s203.691819
185_8,s1.036028,s-0.773106,s283.762999
185_9,s0.861269,s0.330609,s1.405766
185_10,s-0.348827,s1.378218,s7.249094
185_11,s-0.291151,s-0.786091,s152.962263
185_12,s-0.850019,s1.141997,s74.176020
185_13,s-1.814165,s-0.490299,s303.336029
185_14,s1.489646,s0.395933,s272.626085
185_15,s0.184830,s1.004805,s348.726049
185_16,s0.704238,s1.225371,s328.961769
185_17,s0.201504,s-1.430619,s217.366513
185_18,s-0.841450,s-0.883516,s120.115259
185_19,s-0.383457,s-1.731275,s327.285440
185_20,s-1.844639,s0.420859,s157.784588
185_21,s-0.938507,s-1.538739,s90.729080
185_22,s1.349236,s-1.419685,s170.101616
185_23,s-0.770542,s-2.063139,s200.467494
185_24,s-1.088791,s1.708069,s109.009867
185_25,s1.234767,s1.048718,s246.054107
185_26,s1.569637,s-1.072767,s256.400285
185_27,s0.553118,s1.817887,s357.945686
185_28,s-1.600294,s0.930514,s87.903721
185_29,s1.989236,s1.193359,s302.930228
185_30,s2.000805,s-0.266375,s225.679256
185_31,s-0.139965,s2.123821,s310.470986
185_32,s-1.715895,s-1.062492,s129.308413
185_33,s1.817712,s-1.673099,s252.349897
185_34,s-1.006684,s2.151684,s298.602386
185_35,s-2.211623,s-0.929560,s46.515566
185_36,s1.192694,s2.142049,s12.963304
185_37,s0.834405,s-2.212565,s229.698058
185_38,s-2.192437,s1.330293,s319.349233
185_39,s-1.318053,s-2.138001,s67.224261
185_40,s1.451130,s1.564956,s343.857345
185_41,s2.308309,s0.749308,s269.987689
185_42,s-1.453707,s2.154377,s88.156402
185_43,s-2.700803,s-1.485153,s170.738314
185_44,s-0.998983,s-2.589919,s92.625337
185_45,s2.710117,s-0.993571,s239.668128
185_46,s1.808417,s-2.172751,s154.718229
185_47,s-2.398943,s0.691104,s184.684785
185_48,s-2.703389,s1.203031,s346.311090
185_49,s0.263916,s-2.463137,s202.415870
185_50,s1.803634,s2.472111,s279.840778
185_51,s2.500779,s-1.444738,s202.281109
185_52,s-1.550592,s2.627012,s332.974102
185_53,s1.023432,s3.277857,s319.445287
185_54,s-3.014728,s-0.252712,s91.535536
185_55,s-1.038988,s2.720368,s292.241050
185_56,s-0.727874,s-2.895169,s196.642779
185_57,s2.280173,s1.983659,s292.725721
185_58,s-3.281717,s1.171096,s232.024479
185_59,s2.745550,s1.174485,s298.854849
185_60,s-1.546163,s-3.069385,s249.175790
185_61,s-0.082142,s-2.864677,s151.670256
185_62,s-1.909521,s2.656366,s75.211059
185_63,s3.068647,s-0.055331,s86.980940
185_64,s-2.177958,s-2.042779,s117.805525
185_65,s-2.823539,s-0.903692,s70.330830
185_66,s0.747662,s-3.406452,s354.134308
185_67,s3.376639,s0.825882,s168.134364
185_68,s2.264981,s-2.472950,s290.448500
185_69,s1.693186,s-3.147598,s295.480140
185_70,s3.134176,s-0.610880,s241.817282
185_71,s-2.171095,s-2.545604,s191.743451
185_72,s-3.009459,s1.571565,s41.733456
185_73,s3.714955,s0.179633,s165.384323
185_74,s-3.303694,s-1.572176,s173.831998
185_75,s-3.690009,s1.348949,s4.171796
185_76,s3.524941,s1.303251,s212.084194
185_77,s-1.544061,s3.401356,s106.344051
185_78,s-3.103403,s0.477773,s76.115721
185_79,s1.686337,s3.159704,s153.081406
185_80,s3.452240,s-1.659350,s127.231832
185_81,s2.721120,s-2.749891,s225.681102
185_82,s-0.449080,s3.241845,s336.121236
185_83,s1.802524,s3.592133,s320.193222
185_84,s1.294145,s-3.556034,s233.044354
185_85,s-2.615991,s2.189710,s83.953172
185_86,s0.897836,s-3.763726,s158.476494
185_87,s-0.891215,s3.473850,s23.681630
185_88,s-1.938492,s-3.471545,s172.905759
185_89,s0.771536,s2.787773,s76.005549
185_90,s-2.737150,s-2.735295,s117.034183
185_91,s-2.371153,s-3.336394,s122.402237
185_92,s3.161005,s2.328319,s215.589438
185_93,s3.191383,s-2.416801,s299.390652
185_94,s0.020583,s3.351728,s305.406929
185_95,s3.899482,s-0.595475,s252.767858
185_96,s2.789923,s2.676453,s287.048263
185_97,s-3.420887,s-1.076493,s139.113197
185_98,s-3.340944,s-2.678021,s77.969331
185_99,s-2.740206,s2.993100,s79.128154
185_100,s2.295138,s-3.676939,s268.572317
185_101,s3.901813,s-1.730899,s222.676124
185_102,s-3.728751,s0.153734,s91.892121
185_103,s-1.288260,s-3.588819,s157.211796
185_104,s-0.309413,s-3.827662,s268.986426
185_105,s4.281372,s0.290380,s26.448852
185_106,s-3.866116,s-0.611089,s165.793198
185_107,s2.230419,s3.031696,s283.431085
185_108,s0.786109,s4.151877,s80.051586
185_109,s-3.861705,s-1.896137,s141.191580
185_110,s3.810251,s1.645615,s283.945085
185_111,s-2.510834,s-3.889288,s207.450776
185_112,s-0.817482,s-3.825052,s210.317375
185_113,s-2.552173,s3.531262,s275.008355
185_114,s-1.213531,s4.642605,s265.636082
185_115,s1.408657,s4.124899,s308.118897
185_116,s-4.201433,s1.372673,s125.369572
185_117,s2.459063,s3.503828,s331.153078
185_118,s1.841684,s-4.353221,s276.953574
185_119,s-0.397952,s-4.871246,s35.910020
185_120,s3.010425,s3.433384,s311.753356
185_121,s4.395947,s1.427778,s247.369080
185_122,s1.184188,s4.576755,s73.628431
185_123,s-3.616727,s2.448148,s103.242039
185_124,s-4.622367,s-0.971981,s226.450250
185_125,s-1.450777,s4.177294,s95.155894
185_126,s1.220781,s5.134178,s63.790696
185_127,s3.660723,s-2.710716,s185.145664
185_128,s4.326151,s2.941778,s91.207693
185_129,s4.626456,s-2.220817,s245.167451
185_130,s1.256330,s-4.251343,s165.243123
185_131,s-1.446572,s-4.511917,s230.983225
185_132,s-4.671918,s0.417155,s289.037902
185_133,s4.037296,s-1.085536,s217.529561
185_134,s4.150134,s2.329331,s263.485850
185_135,s-2.989471,s3.993074,s275.108997
185_136,s-4.238830,s-2.885374,s245.767367
185_137,s-4.689876,s-0.522327,s296.798541
185_138,s-0.085415,s4.450466,s350.926466
185_139,s4.613349,s-0.385080,s266.555241
185_140,s-3.821527,s2.989158,s37.431199
185_141,s-4.222130,s1.995725,s128.735977
185_142,s4.200083,s-2.798307,s199.442399
185_143,s-2.029337,s4.777576,s279.995589
185_144,s-3.330660,s-3.528486,s309.029421
185_145,s-3.352857,s3.977593,s153.779796
185_146,s2.896345,s-4.002916,s200.656144
185_147,s1.704695,s4.829444,s346.342679
185_148,s-4.616779,s-2.204439,s324.693022
185_149,s-4.702413,s2.151180,s42.947045
185_150,s3.586004,s-3.883724,s9.828541
185_151,s1.279065,s-5.091733,s188.832512
185_152,s3.164860,s4.051633,s32.179452
185_153,s-5.144736,s-1.050873,s348.518123
185_154,s-3.649618,s-3.542634,s139.746696
185_155,s5.238943,s1.295959,s265.355957
185_156,s-5.097293,s-1.966028,s51.780785
185_157,s0.102802,s5.448659,s305.110262
185_158,s4.401742,s3.478520,s327.818098
185_159,s5.202999,s0.468417,s82.391592
185_160,s4.994984,s1.899247,s312.793141
185_161,s1.875793,s-4.917683,s181.078106
185_162,s-3.324558,s-4.329370,s319.067812
185_163,s-1.104181,s5.315666,s236.608615
185_164,s0.250460,s-4.740134,s32.773741
185_165,s2.575773,s-4.578393,s221.865963
185_166,s4.860419,s-0.971003,s256.781633
185_167,s2.395904,s4.793629,s185.358938
185_168,s-2.367260,s4.368111,s21.558576
185_169,s-5.061344,s1.595925,s25.969626
185_170,s-2.892175,s4.735992,s124.507144
185_171,s-1.825771,s-4.717143,s111.760151
185_172,s-2.117288,s5.271910,s59.534721
185_173,s-2.916564,s-4.902448,s351.234850
185_174,s5.762080,s-0.103401,s99.529191
185_175,s-4.225201,s-3.351640,s143.758381
185_176,s0.797822,s-5.222998,s72.043708
185_177,s-0.193101,s-5.276929,s237.951379
185_178,s3.904787,s3.870876,s335.415114
185_179,s-5.102011,s0.334293,s23.868558
185_180,s-4.647687,s-2.614176,s176.275834
185_181,s4.114935,s-3.917312,s221.136101
185_182,s-4.517214,s2.741553,s77.390883
185_183,s-5.575000,s-0.306285,s158.684179
185_184,s2.968182,s4.827582,s318.039643
186_0,s0.035947,s0.004237,s138.606907
186_1,s0.290764,s0.350451,s298.541869
186_2,s0.586846,s-0.147131,s164.373774
186_3,s-0.591886,s0.349741,s187.910242
186_4,s-0.306423,s0.570977,s307.877148
186_5,s0.969231,s-0.624012,s312.290961
186_6,s-0.544316,s-0.682880,s210.316473
186_7,s0.638708,s0.932454,s346.984481
186_8,s0.875193,s0.148200,s266.886787
186_9,s-0.960318,s0.458727,s70.612714
186_10,s0.852270,s-1.000208,s202.133110
186_11,s0.197787,s-1.420149,s120.081133
186_12,s-0.955023,s-0.967975,s168.029909
186_13,s-0.814452,s1.015487,s274.805771
186_14,s1.193104,s0.873376,s330.701421
186_15,s0.084408,s1.298621,s318.397369
186_16,s0.751266,s-1.561988,s139.591400
186_17,s-0.871770,s-0.482017,s36.555853
186_18,s1.466922,s-0.790055,s226.645558
186_19,s-0.737535,s1.768522,s238.871978
186_20,s1.767999,s-0.159601,s260.704785
186_21,s-1.719279,s-1.077726,s315.291001
186_22,s-1.384737,s1.484826,s206.977671
186_23,s-1.330059,s-1.756815,s104.906403
186_24,s-1.828622,s0.766776,s131.538128
186_25,s-2.040386,s-0.697544,s87.068354
186_26,s2.088477,s0.419765,s46.279588
186_27,s0.878066,s1.948118,s4.699970
186_28,s-0.493736,s-1.927403,s106.001843
186_29,s0.303549,s1.994337,s17.790081
186_30,s1.846125,s1.080243,s12.931084
186_31,s-1.217198,s1.828988,s327.446338
186_32,s2.520510,s0.064743,s310.245337
186_33,s-1.917563,s1.176143,s6.847670
186_34,s1.966165,s-1.671380,s94.592905
186_35,s1.589529,s2.074100,s18.319104
186_36,s0.738014,s-2.778360,s12.612831
186_37,s-1.975127,s-1.398579,s102.470914
186_38,s2.490682,s1.855576,s89.967116
186_39,s1.248833,s-2.019764,s172.966653
186_40,s-1.738169,s2.254454,s107.956390
186_41,s-2.403038,s0.659379,s69.117862
186_42,s2.280926,s-2.032134,s327.124905
186_43,s2.367970,s0.912514,s336.553880
186_44,s0.418172,s2.664244,s346.463593
186_45,s2.549383,s-0.941510,s60.091733
186_46,s-1.189979,s2.422068,s17.546761
186_47,s-1.287084,s-2.883887,s309.354690
186_48,s-2.069103,s-2.322082,s75.498251
186_49,s2.897168,s1.155929,s232.281614
186_50,s3.016027,s-0.835845,s190.747400
186_51,s-0.593719,s2.763205,s30.952465
186_52,s-0.507658,s-2.823616,s333.393369
186_53,s-2.477774,s1.481678,s122.497547
186_54,s-2.205255,s-0.207220,s38.481724
186_55,s-0.486672,s3.290732,s292.327692
186_56,s1.890575,s-2.246875,s133.200375
186_57,s2.898488,s-0.456473,s336.272464
186_58,s-1.429322,s-2.305354,s122.425931
186_59,s-2.894060,s-1.773574,s123.873116
186_60,s-2.660690,s1.987974,s36.000690
186_61,s1.426274,s-3.031874,s125.105663
186_62,s2.387324,s-2.608921,s122.408100
186_63,s-2.955984,s-0.329303,s143.474222
186_64,s-1.728734,s2.718542,s47.816102
186_65,s1.979897,s2.492473,s8.583189
186_66,s-1.567752,s-3.342148,s250.861241
186_67,s2.666109,s2.181775,s328.108348
186_68,s3.424906,s-0.642333,s291.829008
186_69,s2.988613,s-1.785094,s157.911089
186_70,s3.189316,s2.018230,s263.058162
186_71,s-3.437993,s1.115279,s188.199316
186_72,s0.666053,s-3.465606,s144.511736
186_73,s-2.009532,s-3.420614,s134.061588
186_74,s3.830030,s0.610841,s179.938644
186_75,s1.554645,s3.087975,s47.787576
186_76,s-2.448386,s2.444282,s10.492699
186_77,s3.558161,s-1.572311,s346.820322
186_78,s-0.277873,s-3.416369,s335.842616
186_79,s-3.377119,s-1.268853,s320.102736
186_80,s2.868844,s-2.826892,s299.500758
186_81,s-3.724747,s-0.762545,s6.469367
186_82,s-2.249795,s-2.997430,s34.864262
186_83,s1.274716,s-3.573637,s201.862096
186_84,s1.969436,s-3.285719,s251.065721
186_85,s0.758835,s3.864648,s104.397000
186_86,s-1.473710,s3.315975,s91.718764
186_87,s-2.928942,s-2.759661,s166.497848
186_88,s-3.422042,s-2.408357,s130.979684
186_89,s-1.037800,s4.161981,s164.498959
186_90,s-3.825678,s0.629418,s169.882241
186_91,s-3.753457,s-1.494506,s180.246464
186_92,s-2.353715,s3.534952,s12.442819
186_93,s2.410932,s2.771992,s321.095783
186_94,s-3.006700,s2.876749,s340.542301
186_95,s-0.566850,s-3.805494,s132.049290
186_96,s3.424704,s2.432681,s6.906377
186_97,s1.257376,s3.745800,s326.185085
186_98,s-1.930493,s3.838010,s311.694875
186_99,s3.857701,s1.503565,s189.263952
186_100,s-3.323254,s2.042534,s205.190289
186_101,s-3.359570,s2.777997,s95.087285
186_102,s2.383014,s3.376767,s80.129355
186_103,s2.019993,s-3.758969,s151.923885
186_104,s3.602230,s-1.997907,s242.228707
186_105,s1.952330,s3.911088,s284.927349
186_106,s-0.120517,s3.877808,s60.014995
186_107,s-3.926814,s1.421422,s119.400198
186_108,s-4.548359,s-1.182534,s286.023777
186_109,s4.420814,s0.529808,s18.484786
186_110,s-3.843008,s2.359293,s190.198920
186_111,s1.103355,s-4.253571,s79.705593
186_112,s4.232826,s1.835974,s25.355856
186_113,s-4.292321,s1.907654,s10.944709
186_114,s-1.644700,s-3.883518,s185.725021
186_115,s2.978128,s-3.387592,s302.743947
186_116,s3.015117,s3.459581,s15.632370
186_117,s-1.078798,s-4.526092,s197.512217
186_118,s-4.369755,s-0.564633,s5.256549
186_119,s0.664349,s4.392939,s309.010522
186_120,s3.687758,s-2.624652,s231.538169
186_121,s-4.171164,s-1.729207,s143.497576
186_122,s-3.372193,s-3.402244,s69.862543
186_123,s4.090854,s-1.352027,s240.920942
186_124,s-4.397486,s0.708570,s64.239169
186_125,s0.519401,s-4.644787,s227.937112
186_126,s3.785079,s3.038004,s358.885610
186_127,s4.238247,s2.534766,s293.591134
186_128,s1.755193,s4.573898,s18.334110
186_129,s4.636940,s-1.246264,s338.361805
186_130,s3.669350,s-3.472715,s162.774676
186_131,s-2.102954,s-4.248316,s75.410517
186_132,s4.851969,s0.953294,s17.262977
186_133,s4.469031,s-2.006823,s192.611479
186_134,s-4.852564,s1.257275,s347.925372
186_135,s2.898305,s-3.766629,s165.494039
186_136,s-1.851025,s-4.897216,s213.264330
186_137,s4.889578,s0.398772,s286.109169
186_138,s-5.180247,s-0.719755,s213.910406
186_139,s-4.213539,s-3.350669,s137.877719
186_140,s-1.593951,s4.506729,s35.214787
186_141,s-3.382000,s3.884885,s269.946843
186_142,s2.309592,s-4.221670,s183.103530
186_143,s-0.050457,s-3.767320,s186.965399
186_144,s3.290183,s4.155036,s17.330348
186_145,s1.428289,s-4.517643,s188.753978
186_146,s-4.293808,s-2.959972,s335.986218
186_147,s4.126046,s-3.305176,s193.494801
186_148,s-0.707742,s-5.474404,s185.003417
186_149,s-4.791734,s0.403913,s142.520984
186_150,s-2.325924,s-4.766592,s133.588760
186_151,s2.385232,s4.374493,s25.222182
186_152,s4.187989,s3.315443,s318.602579
186_153,s-0.929659,s4.579376,s7.018602
186_154,s5.077862,s-1.539371,s214.455338
186_155,s-3.099086,s-3.760904,s133.358612
186_156,s-2.484062,s4.668394,s231.777839
186_157,s-4.265286,s3.056014,s306.608138
186_158,s-2.832951,s4.335893,s74.860203
186_159,s5.341986,s-1.228806,s284.388561
186_160,s4.692434,s1.855916,s287.816263
186_161,s0.909736,s-5.377770,s110.054710
186_162,s-4.655894,s-2.603063,s95.510197
186_163,s-3.347901,s-4.438386,s250.556645
186_164,s-5.237126,s-1.523529,s209.946885
186_165,s2.760091,s-4.790516,s142.636278
186_166,s0.362827,s4.970945,s120.866792
186_167,s3.146918,s-4.345650,s249.661396
186_168,s-0.779858,s5.610652,s233.103363
186_169,s-1.351307,s5.108758,s43.109561
186_170,s4.805319,s-0.123548,s224.413868
186_171,s-5.711572,s0.990107,s311.725468
186_172,s-3.804467,s4.166907,s349.532353
186_173,s-4.199018,s-4.002901,s226.319169
186_174,s1.929602,s5.365994,s53.680730
186_175,s-5.733807,s-0.687382,s308.866479
186_176,s-4.791168,s2.440308,s141.830503
186_177,s-4.694351,s2.987180,s35.043485
186_178,s2.447982,s4.987056,s336.426891
186_179,s4.741097,s3.332598,s258.305335
186_180,s5.396432,s0.996799,s258.143187
186_181,s5.270376,s1.510478,s271.699452
186_182,s4.075937,s3.913533,s12.061507
186_183,s-5.555623,s2.044185,s14.465753
186_184,s-2.774842,s5.176147,s111.866204
186_185,s4.591338,s-2.993201,s246.418902
187_0,s0.000000,s0.000000,s195.452149
187_1,s-0.204945,s0.456067,s313.305754
187_2,s0.488392,s0.428921,s190.721830
187_3,s-0.501072,s-0.623640,s254.789601
187_4,s0.794856,s-0.520292,s288.773631
187_5,s-0.728438,s-0.178545,s147.458190
187_6,s0.656433,s0.754384,s358.541762
187_7,s-0.749455,s0.401021,s330.006674
187_8,s-0.641941,s-1.072572,s84.778471
187_9,s-1.038770,s0.153153,s67.934058
187_10,s0.074934,s1.197658,s81.767694
187_11,s0.484918,s-0.874560,s181.653864
187_12,s1.362636,s0.321284,s208.146899
187_13,s1.186862,s0.917257,s326.461895
187_14,s-0.282327,s-1.166315,s193.066113
187_15,s0.952483,s-1.285604,s206.672870
187_16,s-1.156273,s0.789324,s6.269123
187_17,s-1.527436,s-0.746284,s0.186507
187_18,s-0.844796,s-1.532586,s173.155184
187_19,s-0.717570,s1.541134,s335.283423
187_20,s0.767810,s1.628026,s24.413518
187_21,s1.592151,s-0.726330,s156.787910
187_22,s-1.677307,s0.892547,s82.824327
187_23,s1.708517,s0.709556,s273.879394
187_24,s-1.266550,s-1.348462,s113.329738
187_25,s1.944236,s-0.149817,s310.480878
187_26,s-1.930496,s0.275110,s130.027032
187_27,s1.688323,s-1.331189,s197.844644
187_28,s0.682178,s-1.880062,s98.846679
187_29,s-0.440594,s-2.104371,s213.221673
187_30,s-1.242894,s1.994421,s129.710051
187_31,s-2.042104,s-0.489703,s170.468577
187_32,s1.344200,s1.804335,s356.161675
187_33,s0.418047,s-2.566172,s299.145180
187_34,s-1.799779,s-1.876379,s147.072337
187_35,s-1.135807,s-2.394252,s103.378044
187_36,s0.587184,s2.532827,s289.997027
187_37,s-0.738399,s2.649013,s122.759958
187_38,s1.811097,s1.574778,s234.094565
187_39,s2.463428,s-0.426057,s297.652234
187_40,s1.243678,s-2.396511,s204.350218
187_41,s-2.423570,s-1.299542,s108.025838
187_42,s-2.058943,s1.587689,s70.004621
187_43,s1.785218,s-2.285388,s226.936457
187_44,s2.195307,s-1.393064,s232.071063
187_45,s-2.556101,s1.014322,s140.687639
187_46,s2.029718,s2.140735,s52.450232
187_47,s-2.517065,s-1.809526,s141.392045
187_48,s2.424450,s1.766931,s202.466871
187_49,s-1.477866,s2.553118,s359.616572
187_50,s-2.263239,s2.118431,s55.027609
187_51,s0.527877,s-2.953193,s219.589212
187_52,s-0.947822,s-3.265216,s39.391764
187_53,s2.711348,s0.459446,s231.250366
187_54,s2.698684,s-1.061652,s327.975813
187_55,s-2.527375,s-0.610227,s99.184911
187_56,s0.477130,s3.012449,s54.126244
187_57,s2.983122,s1.158008,s261.004066
187_58,s2.419761,s-2.169621,s296.465730
187_59,s3.231306,s-1.057667,s222.503475
187_60,s-1.716699,s-2.992565,s210.588114
187_61,s-3.217700,s0.932151,s121.889648
187_62,s-1.083271,s3.170020,s272.923455
187_63,s1.431041,s2.973571,s281.510947
187_64,s2.393388,s2.343969,s322.177242
187_65,s-2.216834,s-2.643510,s104.432986
187_66,s2.102243,s-3.105330,s105.858139
187_67,s-3.353215,s-1.165525,s280.035686
187_68,s3.779304,s-0.396056,s81.475652
187_69,s2.577071,s-2.792616,s293.687629
187_70,s-2.794052,s1.342861,s52.810520
187_71,s0.922040,s3.686440,s115.006395
187_72,s2.838497,s1.960977,s259.275496
187_73,s1.358795,s3.602246,s247.508677
187_74,s1.259843,s-3.532038,s203.193733
187_75,s-3.177331,s-0.380224,s343.830978
187_76,s-1.207218,s3.603141,s335.476988
187_77,s-1.834700,s3.039141,s79.354550
187_78,s-3.674765,s-1.306179,s69.033666
187_79,s-0.321312,s3.836569,s254.043418
187_80,s-1.808807,s-3.623633,s183.359993
187_81,s3.638611,s0.288119,s60.649503
187_82,s-0.812883,s-3.660836,s224.359296
187_83,s-2.921996,s2.016045,s77.221037
187_84,s2.381638,s-3.398573,s203.393564
187_85,s-3.995074,s0.198453,s29.088554
187_86,s2.517845,s3.108128,s40.416883
187_87,s-3.339590,s-2.201622,s2.891728
187_88,s-2.232501,s-3.557519,s120.494405
187_89,s-3.614168,s1.465535,s167.068421
187_90,s-3.184744,s2.582132,s311.218431
187_91,s0.716333,s-3.935336,s34.347397
187_92,s3.547847,s2.152970,s20.597360
187_93,s3.196145,s-2.234874,s295.832349
187_94,s2.290371,s3.815324,s303.499889
187_95,s-2.206046,s3.515091,s307.103300
187_96,s3.090390,s2.989898,s344.332824
187_97,s-3.729910,s-0.387644,s100.367495
187_98,s3.961972,s1.054882,s250.093898
187_99,s-4.060589,s1.560165,s358.255735
187_100,s-3.247331,s-3.115260,s347.100843
187_101,s-0.367563,s4.234076,s346.913038
187_102,s4.138142,s-0.718177,s344.193964
187_103,s-3.843064,s-2.142629,s146.900683
187_104,s-2.852156,s3.284465,s352.976858
187_105,s3.213930,s-3.005104,s299.512730
187_106,s4.242759,s-1.903022,s187.257871
187_107,s-3.471682,s2.941076,s342.273290
187_108,s0.973231,s4.034268,s6.184359
187_109,s2.089665,s-3.985386,s129.831332
187_110,s-1.584440,s4.158371,s38.918075
187_111,s3.894161,s1.938558,s232.864657
187_112,s4.620998,s-0.518538,s299.325904
187_113,s-4.392311,s2.056721,s113.383886
187_114,s2.915051,s-3.558437,s224.282260
187_115,s-3.680089,s-3.003239,s150.049180
187_116,s-0.776315,s-4.381762,s257.709689
187_117,s1.440604,s4.263175,s333.444056
187_118,s-4.318879,s-1.583440,s46.313727
187_119,s-4.562787,s1.490293,s156.144339
187_120,s4.495124,s-1.372538,s203.425899
187_121,s3.460397,s-3.398258,s269.975626
187_122,s-2.246572,s-4.185142,s208.291832
187_123,s-4.168744,s2.575184,s262.866537
187_124,s0.735742,s-4.439446,s286.834467
187_125,s4.153761,s2.503750,s34.677268
187_126,s-0.459845,s5.129429,s107.503922
187_127,s2.178994,s4.332953,s6.702902
187_128,s-3.047883,s-4.026526,s59.791178
187_129,s-3.714296,s3.421477,s45.660149
187_130,s-4.980987,s-1.658995,s27.327911
187_131,s4.822627,s1.115692,s196.061885
187_132,s-0.722318,s-5.048590,s289.819849
187_133,s-3.078685,s4.190668,s341.596237
187_134,s4.781356,s1.462406,s306.128631
187_135,s0.695386,s4.900912,s33.048045
187_136,s5.036274,s-0.803707,s216.322912
187_137,s2.490540,s-4.450529,s93.780827
187_138,s1.166979,s4.861909,s358.986204
187_139,s-1.584173,s-4.900295,s184.881295
187_140,s1.105251,s-4.876312,s292.935106
187_141,s4.241630,s3.177826,s220.243646
187_142,s2.820743,s-4.308817,s238.377774
187_143,s1.052347,s-5.296467,s205.881685
187_144,s-4.456713,s-2.154114,s143.062003
187_145,s-4.840098,s2.279462,s69.020590
187_146,s5.245359,s1.283047,s264.967078
187_147,s3.911114,s3.502240,s56.818607
187_148,s-4.335457,s-3.134695,s180.606728
187_149,s-4.377026,s3.412351,s29.771943
187_150,s4.425178,s-2.916814,s176.311689
187_151,s2.732913,s4.541056,s306.525044
187_152,s-1.254560,s5.149377,s354.004253
187_153,s-2.278237,s-4.895879,s82.111948
187_154,s3.663434,s4.035065,s6.768217
187_155,s-1.717327,s5.277621,s107.461840
187_156,s-5.326514,s1.884343,s79.655240
187_157,s5.111716,s-2.286999,s18.879311
187_158,s-4.993123,s0.262144,s3.382555
187_159,s4.338928,s3.696445,s334.550949
187_160,s4.885576,s-3.125883,s262.973757
187_161,s-3.953865,s4.174859,s36.208288
187_162,s2.277140,s-5.225384,s315.482762
187_163,s4.766649,s2.078235,s347.371174
187_164,s-0.857676,s5.685674,s259.335022
187_165,s-3.425926,s-4.302677,s159.979462
187_166,s5.336016,s2.273090,s14.826187
187_167,s-1.128121,s-5.434137,s197.419643
187_168,s-0.320839,s-5.640883,s340.722625
187_169,s2.641714,s4.994381,s50.694571
187_170,s5.484012,s-0.419065,s246.227657
187_171,s1.716770,s-5.014250,s175.444814
187_172,s4.135290,s-4.208251,s37.772244
187_173,s-5.507947,s-1.467147,s83.554501
187_174,s-5.098416,s-2.868564,s203.815919
187_175,s-5.028957,s-2.347784,s85.153582
187_176,s-5.307596,s2.798112,s1.428682
187_177,s-2.954896,s-5.221934,s90.137579
187_178,s-3.341388,s4.679490,s70.111271
187_179,s-2.308719,s-5.375157,s224.686754
187_180,s5.390245,s-1.693445,s301.776440
187_181,s4.608824,s-4.072007,s250.648353
187_182,s-5.300608,s1.031286,s50.585132
187_183,s1.990038,s5.766259,s128.048134
187_184,s-1.779252,s5.782453,s314.172482
187_185,s0.514971,s-4.772296,s154.955848
187_186,s-2.237430,s5.674848,s128.230088
188_0,s0.016156,s0.023761,s85.713117
188_1,s-0.236934,s-0.533556,s72.019466
188_2,s0.442769,s-0.230364,s156.615629
188_3,s-0.560824,s0.518842,s134.770745
188_4,s0.310462,s0.559104,s209.230705
188_5,s0.405113,s1.037532,s96.371488
188_6,s0.456519,s-0.986363,s183.456277
188_7,s-0.678069,s-0.823999,s129.745870
188_8,s-0.513896,s1.031300,s105.335632
188_9,s0.930636,s0.633710,s23.512178
188_10,s0.398352,s1.671515,s248.451495
188_11,s1.118733,s-0.372319,s4.873252
188_12,s1.280906,s1.031105,s263.633527
188_13,s-1.472035,s0.080470,s350.754077
188_14,s-0.223966,s-1.070696,s198.223431
188_15,s-1.236423,s-0.437980,s122.746294
188_16,s0.827880,s-1.600705,s224.064932
188_17,s1.262347,s-1.085681,s47.630008
188_18,s-0.399740,s1.614801,s68.334507
188_19,s-0.704913,s-1.428552,s207.808740
188_20,s-1.874425,s0.262756,s108.120501
188_21,s1.617699,s-0.023803,s186.968137
188_22,s2.162223,s0.733775,s168.059409
188_23,s-1.257124,s1.467961,s160.898009
188_24,s1.078685,s1.745926,s293.023535
188_25,s-1.961943,s-0.345802,s112.805174
188_26,s-1.447689,s-1.322586,s174.993217
188_27,s1.693528,s-1.128948,s296.619717
188_28,s-1.770461,s0.775021,s72.875360
188_29,s0.227226,s2.064913,s302.636700
188_30,s-0.669355,s2.178430,s296.481315
188_31,s1.677697,s1.636124,s213.456427
188_32,s2.478516,s0.339710,s243.914102
188_33,s0.223758,s-1.835918,s182.636333
188_34,s2.237493,s1.413523,s285.261342
188_35,s-0.980255,s-1.831357,s154.015591
188_36,s-1.881870,s1.539389,s85.588095
188_37,s1.866169,s-1.594499,s153.847996
188_38,s-1.968504,s-1.586104,s160.405706
188_39,s-1.939113,s-0.973339,s98.080078
188_40,s0.967779,s-2.857225,s311.976590
188_41,s-0.910836,s-2.601005,s295.382040
188_42,s1.370438,s2.276433,s47.615242
188_43,s-1.209083,s2.154266,s324.646400
188_44,s0.876448,s-2.238116,s128.143338
188_45,s2.595618,s-0.772586,s238.743706
188_46,s-1.686685,s1.960627,s23.078479
188_47,s0.367143,s-3.437993,s298.754750
188_48,s-0.170310,s2.738181,s7.589163
188_49,s-2.800399,s-0.491165,s108.563345
188_50,s-2.763097,s1.294200,s135.346642
188_51,s1.936229,s2.050964,s347.916862
188_52,s2.413435,s-1.681755,s283.724401
188_53,s0.443996,s2.632651,s18.804779
188_54,s-0.143608,s-2.570526,s220.337284
188_55,s-2.691640,s0.410264,s100.315729
188_56,s-2.555006,s-1.749692,s23.137112
188_57,s1.869667,s-2.536529,s270.370518
188_58,s-1.174793,s2.824547,s353.559785
188_59,s-1.563985,s-2.465905,s149.259275
188_60,s2.762393,s-0.324608,s288.644465
188_61,s1.009158,s2.964173,s317.099451
188_62,s2.953647,s1.317970,s212.953578
188_63,s-0.546485,s3.431837,s58.705305
188_64,s-2.356415,s2.665568,s8.140457
188_65,s1.483730,s-2.985657,s210.260355
188_66,s2.591722,s1.996836,s244.260161
188_67,s-3.118950,s1.840478,s280.260649
188_68,s-3.045862,s-1.472726,s115.049579
188_69,s-1.868752,s2.993692,s342.935201
188_70,s1.781206,s2.839308,s8.352936
188_71,s-2.205920,s-2.796643,s19.130161
188_72,s-2.849115,s2.294849,s8.049309
188_73,s2.662355,s-2.253478,s324.092054
188_74,s-1.436455,s-3.282510,s311.973692
188_75,s-0.516680,s-2.942953,s176.008294
188_76,s1.246185,s-3.426568,s150.222782
188_77,s-3.496034,s0.739247,s48.301759
188_78,s2.356295,s2.789922,s299.963196
188_79,s-3.641129,s-0.805716,s51.295050
188_80,s-2.707753,s-2.186813,s97.807328
188_81,s3.476540,s-1.857551,s138.569332
188_82,s3.894508,s-0.281803,s125.756442
188_83,s-0.535957,s-4.057520,s86.813320
188_84,s3.516167,s1.466004,s209.523128
188_85,s1.215686,s3.620452,s24.986119
188_86,s3.340861,s2.051943,s296.646048
188_87,s-3.318005,s1.475308,s94.049442
188_88,s2.094254,s-2.971665,s181.339416
188_89,s3.530687,s0.324320,s296.723560
188_90,s3.505479,s-1.210119,s256.459618
188_91,s-3.764176,s-1.347367,s142.316961
188_92,s-3.437910,s2.205163,s119.518190
188_93,s2.301271,s3.294712,s4.732801
188_94,s2.622880,s-3.059342,s241.727850
188_95,s-2.728663,s-3.006725,s115.367768
188_96,s-2.208157,s-3.652396,s319.950223
188_97,s-3.351162,s2.660490,s26.197502
188_98,s-2.182528,s3.656291,s53.198208
188_99,s-3.390434,s-2.556687,s170.670885
188_100,s1.528280,s-3.857443,s219.325209
188_101,s-3.739577,s-2.195606,s86.880848
188_102,s1.850654,s3.931403,s26.428673
188_103,s-4.176529,s-0.866258,s134.863409
188_104,s-0.127669,s-3.824948,s190.229205
188_105,s-1.459233,s4.031047,s70.476861
188_106,s3.260236,s-2.580195,s240.703728
188_107,s3.863063,s-2.275487,s221.204089
188_108,s0.563159,s3.736609,s115.703749
188_109,s3.384833,s2.620911,s22.923118
188_110,s4.537612,s-1.217158,s44.616865
188_111,s4.088686,s1.545803,s204.513002
188_112,s2.890757,s3.585194,s39.316564
188_113,s-3.939490,s2.466884,s98.363017
188_114,s4.429267,s0.194785,s298.372852
188_115,s-2.093730,s-4.449961,s47.803913
188_116,s-4.339813,s1.647075,s183.666262
188_117,s0.317473,s-4.761870,s326.246223
188_118,s2.445963,s-3.580711,s208.225710
188_119,s-3.412671,s-3.710697,s106.659489
188_120,s-2.791245,s3.294603,s48.772350
188_121,s0.141355,s4.768443,s193.951707
188_122,s4.591768,s1.201536,s242.635763
188_123,s-1.152691,s4.135191,s240.801528
188_124,s3.509906,s-3.349855,s208.160791
188_125,s-4.633318,s-0.437449,s168.352502
188_126,s-3.794096,s0.178993,s249.808435
188_127,s-2.763928,s4.355158,s351.129844
188_128,s-1.634574,s-3.901472,s176.303545
188_129,s2.230452,s-4.465772,s195.183093
188_130,s-0.808631,s4.706457,s198.489272
188_131,s-1.031834,s-4.382104,s125.969510
188_132,s4.254275,s-1.634501,s214.475405
188_133,s1.008234,s-4.711736,s190.019133
188_134,s1.493612,s-4.551321,s230.572395
188_135,s-4.352192,s0.297719,s9.579776
188_136,s-0.715864,s-4.881108,s199.652551
188_137,s-3.833830,s-2.934425,s106.950110
188_138,s3.394954,s3.627613,s190.570396
188_139,s-1.959129,s-4.824252,s141.645415
188_140,s4.335253,s2.285182,s141.237829
188_141,s-1.717596,s4.567615,s37.826112
188_142,s1.588835,s4.949112,s269.322430
188_143,s-2.889834,s-3.942494,s123.992406
188_144,s-3.912882,s3.077242,s116.994277
188_145,s0.852775,s4.925543,s14.319335
188_146,s-4.923924,s1.432233,s49.396460
188_147,s3.936511,s-3.169045,s238.167748
188_148,s-4.801258,s-2.075729,s211.836399
188_149,s4.358497,s-0.219318,s204.001267
188_150,s-4.925768,s0.494023,s346.303592
188_151,s-3.599591,s3.872576,s45.562675
188_152,s-0.473095,s5.027221,s47.781500
188_153,s5.205027,s-1.240312,s119.938284
188_154,s4.152498,s2.674219,s14.011182
188_155,s2.563626,s4.854049,s196.263227
188_156,s3.300651,s4.605182,s141.506173
188_157,s-5.052937,s2.276226,s325.097572
188_158,s-5.113306,s-1.360241,s170.598279
188_159,s2.823730,s-4.369429,s255.695572
188_160,s4.765517,s2.420986,s276.010703
188_161,s-4.486114,s3.204457,s40.632907
188_162,s-1.371017,s5.090707,s54.524575
188_163,s0.266993,s5.301145,s68.255782
188_164,s-5.208932,s-0.214793,s193.055668
188_165,s-5.365849,s0.525513,s68.474494
188_166,s4.980299,s-0.507690,s217.618941
188_167,s4.020138,s3.687188,s341.951364
188_168,s4.607128,s-2.522804,s243.829160
188_169,s-3.274925,s4.531296,s97.280985
188_170,s-1.260498,s-5.140886,s94.388258
188_171,s-4.244441,s-3.530935,s72.759231
188_172,s2.995404,s-4.843177,s188.620895
188_173,s-3.771819,s-4.204017,s191.408358
188_174,s5.607722,s1.192878,s278.406095
188_175,s3.685258,s-4.226217,s210.366836
188_176,s-4.203418,s3.752669,s4.745454
188_177,s5.779091,s-0.934959,s25.670000
188_178,s4.547775,s3.025033,s345.103759
188_179,s-5.243360,s-2.459643,s207.182795
188_180,s2.040866,s5.379784,s35.751401
188_181,s-5.775314,s-1.539790,s331.538194
188_182,s5.292205,s-1.761732,s166.442368
188_183,s5.127322,s1.627548,s78.149418
188_184,s-5.634336,s-0.742635,s30.307857
188_185,s-4.361560,s-4.073650,s139.745984
188_186,s3.262886,s4.991963,s19.214920
188_187,s1.243593,s5.630875,s186.223741
189_0,s0.000000,s0.000000,s185.879184
189_1,s-0.172762,s0.245262,s355.466489
189_2,s0.529204,s-0.282741,s157.341692
189_3,s0.446437,s0.056515,s338.861791
189_4,s-0.749570,s-0.138148,s344.490945
189_5,s-0.389825,s-0.471342,s145.619913
189_6,s0.939558,s0.342391,s246.006435
189_7,s-0.878481,s0.575127,s100.486083
189_8,s0.343842,s1.201779,s98.283541
189_9,s0.744918,s-0.957435,s147.291877
189_10,s-0.962896,s1.016283,s321.895824
189_11,s-1.003612,s-0.826295,s39.086194
189_12,s1.427721,s-0.483653,s65.690901
189_13,s-0.116989,s-0.993133,s129.820277
189_14,s0.934091,s0.753309,s341.795293
189_15,s0.799918,s1.556480,s347.107581
189_16,s0.190677,s1.689273,s73.721412
189_17,s-1.124779,s1.468799,s60.039893
189_18,s-1.487749,s-0.921468,s103.534892
189_19,s-0.932631,s-1.597717,s110.755206
189_20,s1.668619,s0.404767,s273.396556
189_21,s0.994295,s-1.378904,s252.164379
189_22,s1.399273,s1.428998,s315.407736
189_23,s-1.677105,s-0.278062,s43.392383
189_24,s1.558743,s-0.795499,s251.669896
189_25,s-1.437872,s0.809335,s52.051853
189_26,s-0.627854,s2.264575,s102.915102
189_27,s-2.438465,s-0.745913,s183.808156
189_28,s-1.014740,s-2.229978,s257.839846
189_29,s0.541310,s-1.769035,s161.764082
189_30,s0.975357,s-2.082949,s205.303132
189_31,s-2.339159,s1.445972,s144.832850
189_32,s2.032112,s-1.368583,s293.880432
189_33,s1.953873,s1.213416,s327.639839
189_34,s0.174475,s-2.644250,s101.798504
189_35,s-1.200465,s2.474143,s28.445029
189_36,s-2.053429,s-1.831488,s317.960218
189_37,s-1.393669,s-2.312507,s73.484207
189_38,s1.851636,s-1.825224,s215.313048
189_39,s0.772167,s2.587230,s144.936561
189_40,s2.469961,s0.811969,s220.207720
189_41,s1.645925,s2.203050,s63.025791
189_42,s2.020706,s-0.345322,s222.683438
189_43,s2.372694,s-1.752948,s245.832243
189_44,s-1.902835,s2.148696,s103.841443
189_45,s-0.202105,s2.993185,s113.071609
189_46,s2.040932,s2.198772,s343.976161
189_47,s0.628913,s-2.625732,s202.268829
189_48,s2.522905,s1.325689,s296.132142
189_49,s2.780355,s-1.480583,s282.985110
189_50,s-2.828925,s-1.020239,s86.815751
189_51,s-2.633950,s-1.537793,s113.255153
189_52,s0.407410,s3.080265,s300.240510
189_53,s-1.308182,s-2.755206,s156.389432
189_54,s2.629990,s1.822952,s344.444551
189_55,s3.327970,s1.235765,s303.850313
189_56,s-2.298691,s2.705276,s301.923490
189_57,s-2.387434,s-2.278192,s55.581888
189_58,s3.269708,s0.339362,s303.488847
189_59,s-0.217927,s-3.092330,s215.868594
189_60,s1.513348,s-2.705509,s207.564626
189_61,s1.501359,s2.712180,s2.342515
189_62,s-2.494552,s0.164958,s64.704793
189_63,s2.212249,s-3.027946,s335.479977
189_64,s2.671119,s-0.608782,s319.143246
189_65,s-2.578250,s-0.243121,s130.852586
189_66,s0.717333,s-3.629798,s44.776240
189_67,s-1.312196,s3.244710,s352.843255
189_68,s-2.995589,s1.525906,s343.683733
189_69,s-0.866266,s-3.028545,s173.148086
189_70,s3.246489,s-0.591870,s263.294729
189_71,s-3.272746,s-0.423244,s26.597214
189_72,s-2.456751,s-2.833174,s310.864834
189_73,s-1.948673,s-3.086288,s185.654112
189_74,s-0.422012,s-3.822297,s190.879780
189_75,s-2.887609,s-2.470165,s83.870295
189_76,s2.812739,s-2.628877,s220.133235
189_77,s1.752949,s3.427779,s277.214146
189_78,s-3.601430,s0.593468,s228.736708
189_79,s1.790825,s-3.743721,s248.302545
189_80,s-3.321572,s2.036631,s351.369108
189_81,s-2.023268,s3.275498,s34.758753
189_82,s-3.778737,s-0.737322,s115.652307
189_83,s3.272546,s2.260306,s37.984087
189_84,s3.477114,s-1.977290,s127.396431
189_85,s-3.207695,s1.127250,s108.796438
189_86,s4.076535,s1.368159,s213.819586
189_87,s4.112006,s-0.560275,s252.922170
189_88,s1.342456,s3.661668,s62.692399
189_89,s-3.533117,s-1.529570,s51.322490
189_90,s0.631572,s-4.101660,s75.141410
189_91,s0.914717,s-3.945351,s258.936793
189_92,s-1.387016,s-3.591474,s174.520445
189_93,s-3.808895,s-2.101148,s160.233508
189_94,s3.647852,s-1.515150,s214.526035
189_95,s-3.721978,s2.346674,s67.358853
189_96,s-2.314703,s-3.384103,s128.441700
189_97,s-0.333729,s3.634711,s110.178288
189_98,s2.786530,s-3.405180,s85.834406
189_99,s-3.066176,s-3.044713,s98.078851
189_100,s-3.134023,s3.088349,s230.214517
189_101,s-1.269568,s4.108308,s324.005788
189_102,s4.019937,s2.022401,s97.372811
189_103,s2.120693,s4.025563,s253.024715
189_104,s3.031735,s3.119468,s87.681589
189_105,s4.173255,s-1.544812,s311.082642
189_106,s-1.285951,s-4.520656,s260.242308
189_107,s3.644675,s-2.465024,s192.803888
189_108,s-4.425254,s0.468648,s240.095351
189_109,s-4.108781,s1.782703,s220.310895
189_110,s-2.163074,s-4.002950,s198.129906
189_111,s4.297592,s0.143891,s201.491440
189_112,s0.253184,s4.311481,s129.659466
189_113,s-1.698955,s4.328516,s124.857625
189_114,s3.620550,s2.672380,s350.347712
189_115,s-4.389908,s-1.433698,s236.996094
189_116,s-1.304515,s4.671268,s20.538824
189_117,s-3.113798,s3.514796,s30.727640
189_118,s4.715903,s0.894573,s324.118387
189_119,s-4.371365,s2.100873,s42.258271
189_120,s0.873500,s4.305975,s288.660045
189_121,s4.088290,s-3.293689,s123.339229
189_122,s-0.697114,s-4.946422,s163.023056
189_123,s-0.291499,s4.590755,s8.731903
189_124,s-4.603954,s-0.652769,s305.725500
189_125,s2.082098,s-4.269352,s138.810624
189_126,s1.219827,s-4.487151,s133.105524
189_127,s4.051240,s2.574384,s306.643003
189_128,s-3.298828,s-3.643208,s103.489560
189_129,s-4.561379,s-1.922582,s129.158622
189_130,s4.623256,s-1.768618,s215.038991
189_131,s2.961740,s-3.727364,s206.888276
189_132,s-2.398414,s4.272893,s11.735350
189_133,s-4.613139,s1.497147,s119.228572
189_134,s-1.682403,s-4.920317,s0.090628
189_135,s-2.748950,s-4.069195,s160.627131
189_136,s0.406079,s4.682425,s300.458154
189_137,s-3.548723,s3.004841,s75.762987
189_138,s4.618858,s2.388755,s152.086378
189_139,s2.031941,s4.403830,s347.846522
189_140,s4.928763,s-1.310458,s213.923679
189_141,s3.224315,s3.473070,s359.774824
189_142,s2.786230,s4.151737,s351.798917
189_143,s4.211129,s-2.505272,s211.488371
189_144,s1.604901,s5.012368,s118.733019
189_145,s-4.315683,s-2.717513,s144.134979
189_146,s3.720214,s-4.185691,s161.626819
189_147,s-1.866534,s4.746162,s64.029134
189_148,s4.019666,s3.680325,s198.987181
189_149,s-2.929173,s4.235852,s27.663016
189_150,s-5.120033,s-1.491753,s342.127677
189_151,s4.501060,s3.415108,s268.123925
189_152,s1.031861,s-5.223225,s148.918556
189_153,s5.400688,s1.690113,s238.632502
189_154,s3.755986,s4.085960,s274.428541
189_155,s4.839958,s0.311946,s298.063199
189_156,s-2.325546,s-4.538925,s132.418137
189_157,s-3.652493,s3.714819,s83.017270
189_158,s-5.164307,s1.577952,s28.915521
189_159,s2.313427,s-4.879350,s288.327832
189_160,s3.256060,s4.494505,s318.874000
189_161,s5.493662,s-1.363567,s306.348566
189_162,s-5.316538,s-0.487492,s181.836560
189_163,s-1.773219,s-5.356693,s143.480014
189_164,s-4.453886,s2.872786,s86.579043
189_165,s-0.525952,s5.626738,s300.019299
189_166,s5.078355,s2.360151,s349.764592
189_167,s-5.330072,s0.461342,s260.121568
189_168,s2.113589,s-5.185821,s131.364220
189_169,s1.205266,s5.500242,s69.426855
189_170,s-4.323547,s-3.866127,s329.553345
189_171,s-3.649997,s4.507496,s335.715859
189_172,s-5.364485,s-2.205063,s127.369053
189_173,s-3.831943,s-4.353873,s296.669502
189_174,s-4.086065,s4.186475,s357.036147
189_175,s4.095704,s-3.892005,s220.063615
189_176,s-5.662237,s0.855567,s162.239460
189_177,s-5.334629,s2.520264,s101.007571
189_178,s-5.699042,s-0.949474,s137.017880
189_179,s2.767296,s5.097261,s34.575425
189_180,s4.960033,s-0.493266,s333.921553
189_181,s-0.972634,s-5.908510,s128.695335
189_182,s-2.413706,s-5.108476,s175.488741
189_183,s-1.822295,s5.958930,s189.566281
189_184,s4.847330,s-2.598352,s213.555102
189_185,s5.721966,s0.567100,s258.267071
189_186,s-2.420447,s5.430923,s244.757847
189_187,s-4.974678,s3.264212,s14.152452
189_188,s-4.972195,s-3.358165,s47.722684
190_0,s0.004510,s-0.313571,s358.749417
190_1,s-0.210093,s-0.753261,s216.388433
190_2,s-0.514814,s-0.179226,s47.800767
190_3,s0.568391,s-0.296717,s247.535403
190_4,s0.416263,s0.483773,s278.222831
190_5,s-0.176297,s1.362976,s125.317827
190_6,s0.935567,s0.142153,s252.740020
190_7,s-0.781290,s-1.511932,s285.342298
190_8,s-0.432869,s0.341331,s342.690157
190_9,s-0.818814,s-0.487924,s200.193316
190_10,s-1.205793,s-0.123791,s155.434546
190_11,s0.197874,s1.498832,s215.111607
190_12,s1.007009,s-0.882849,s225.595684
190_13,s-0.760521,s1.395221,s53.933474
190_14,s0.866563,s1.098693,s233.689588
190_15,s1.518376,s-0.366226,s231.791315
190_16,s-1.262602,s-1.430566,s359.472533
190_17,s0.551465,s1.829693,s267.961379
190_18,s0.608784,s-1.077069,s150.177490
190_19,s0.560694,s-1.950664,s282.352057
190_20,s-0.914446,s0.632555,s54.440515
190_21,s0.227111,s-2.071303,s58.373659
190_22,s-1.773059,s-0.465115,s129.114539
190_23,s1.615545,s1.029884,s246.666311
190_24,s1.614341,s0.429656,s216.663277
190_25,s-0.275643,s2.277534,s186.343658
190_26,s-1.801053,s0.772185,s228.783813
190_27,s-1.742909,s-0.933650,s162.106879
190_28,s-2.116094,s0.291810,s156.367089
190_29,s-1.753904,s1.349031,s334.263702
190_30,s-0.051720,s-2.683952,s268.522480
190_31,s0.256209,s2.292380,s322.714179
190_32,s2.236743,s-0.530446,s348.479138
190_33,s1.705745,s-1.117871,s268.005457
190_34,s-2.544484,s-0.530336,s170.210557
190_35,s-1.256849,s-1.990365,s81.074493
190_36,s1.415752,s-1.702194,s235.960469
190_37,s1.482355,s-2.221833,s177.963774
190_38,s1.794567,s1.496636,s35.035403
190_39,s-2.552899,s0.799762,s110.004418
190_40,s-0.321171,s2.707058,s335.090974
190_41,s-0.934141,s1.938330,s335.083173
190_42,s-0.821718,s-2.050190,s228.820410
190_43,s2.046367,s-1.540051,s234.824797
190_44,s-2.125412,s1.107621,s55.362010
190_45,s1.088890,s2.205589,s354.592739
190_46,s2.148857,s1.303405,s294.617245
190_47,s-2.216947,s-1.747601,s55.715027
190_48,s-1.922260,s1.998605,s347.828993
190_49,s-0.957318,s-2.537134,s143.690894
190_50,s2.552861,s0.413485,s305.543312
190_51,s2.654721,s-0.738184,s179.074254
190_52,s-2.752713,s-0.132280,s67.828033
190_53,s2.298041,s-2.412857,s131.423570
190_54,s1.708341,s2.236723,s335.146278
190_55,s-1.496771,s-2.589602,s45.601648
190_56,s0.914935,s-2.351302,s176.089958
190_57,s0.405260,s3.374058,s229.659845
190_58,s-3.013131,s-0.674700,s87.248041
190_59,s-1.900369,s-3.014565,s158.007348
190_60,s-2.933440,s1.143101,s73.056912
190_61,s-3.416774,s0.909385,s171.974977
190_62,s-1.184051,s2.374808,s17.257641
190_63,s-2.811043,s-1.790191,s123.576686
190_64,s-2.333519,s1.885064,s113.070908
190_65,s2.173178,s1.884449,s349.890682
190_66,s-0.085613,s-3.331778,s72.406115
190_67,s-2.239551,s-2.243775,s134.518144
190_68,s-3.034635,s-1.325207,s44.730295
190_69,s2.849199,s-1.813320,s308.692638
190_70,s3.108454,s-2.222702,s146.997674
190_71,s-1.777977,s3.045091,s345.652848
190_72,s3.112132,s1.485988,s321.983777
190_73,s0.215128,s-3.809368,s183.242306
190_74,s3.230971,s-0.046743,s126.577570
190_75,s-3.090913,s-3.010929,s215.952835
190_76,s1.755621,s-3.276206,s87.113221
190_77,s-1.120577,s3.116624,s323.543871
190_78,s1.623431,s2.905843,s3.328480
190_79,s2.471041,s-3.071909,s269.195924
190_80,s3.428179,s1.011095,s275.839914
190_81,s-1.084966,s-3.374502,s137.164617
190_82,s2.622408,s2.211517,s259.518847
190_83,s-3.502768,s-1.666189,s126.753025
190_84,s-2.774525,s2.839628,s245.173948
190_85,s-2.771766,s2.273400,s70.768857
190_86,s0.625048,s-3.212786,s184.943297
190_87,s2.872063,s2.799092,s79.281843
190_88,s3.187271,s2.581496,s258.083023
190_89,s-4.073822,s-0.515765,s177.087199
190_90,s3.189834,s-0.610025,s221.328603
190_91,s-2.289242,s3.250908,s72.464972
190_92,s-1.351872,s3.728898,s320.566742
190_93,s1.118215,s3.329132,s2.148710
190_94,s3.414639,s-2.133477,s313.226091
190_95,s3.466442,s-2.629339,s214.227774
190_96,s1.072987,s-3.649752,s220.177755
190_97,s1.961203,s-4.143058,s12.770539
190_98,s-3.483858,s-2.665463,s180.292571
190_99,s-3.212415,s1.788810,s122.694477
190_100,s-0.548653,s3.413503,s285.545379
190_101,s-2.005975,s-3.999122,s183.672661
190_102,s-3.975565,s1.032681,s50.238158
190_103,s0.262284,s3.782063,s15.961658
190_104,s-1.091518,s-3.938766,s185.541871
190_105,s1.979567,s3.229327,s320.292592
190_106,s3.737765,s1.697667,s286.688827
190_107,s-4.140727,s0.445200,s60.585828
190_108,s3.872318,s-1.093015,s223.171760
190_109,s2.258041,s-3.527282,s202.118619
190_110,s-1.419145,s-4.260431,s140.220293
190_111,s2.583891,s3.366291,s261.066785
190_112,s-4.183697,s-1.585496,s122.723297
190_113,s3.578619,s0.468999,s175.078642
190_114,s-3.146886,s3.285383,s136.256596
190_115,s0.707268,s4.101993,s351.320450
190_116,s-3.551400,s2.163071,s88.746085
190_117,s-2.333235,s3.775443,s356.693012
190_118,s-2.401043,s-3.812042,s96.455179
190_119,s4.122568,s0.738075,s233.970755
190_120,s-0.450658,s-3.689998,s163.079125
190_121,s1.985692,s3.782151,s42.465315
190_122,s1.282405,s-4.345281,s132.927386
190_123,s-4.125126,s2.547795,s65.398038
190_124,s1.108883,s4.592459,s281.160180
190_125,s-4.632820,s-0.805867,s177.365720
190_126,s4.370127,s-1.893619,s155.026252
190_127,s-0.551635,s3.967034,s12.464185
190_128,s-4.713791,s0.405810,s123.803217
190_129,s2.236914,s-4.431338,s208.098608
190_130,s4.155576,s-0.751723,s44.478676
190_131,s3.033803,s-3.589228,s151.380163
190_132,s3.317302,s-3.322398,s260.053582
190_133,s-4.414916,s1.990923,s74.932921
190_134,s-2.590686,s-4.386497,s93.468140
190_135,s-1.066807,s4.644442,s142.630593
190_136,s2.514845,s3.982973,s281.674386
190_137,s4.129020,s2.698949,s202.419858
190_138,s-4.773082,s1.443184,s56.355539
190_139,s-1.925779,s4.421921,s341.162467
190_140,s-2.810031,s4.070312,s111.979988
190_141,s4.412643,s1.581535,s182.063065
190_142,s2.047763,s4.325576,s314.878936
190_143,s-3.802588,s-3.172363,s129.285559
190_144,s-0.233047,s4.697295,s187.745736
190_145,s4.828157,s0.625013,s301.233149
190_146,s5.226680,s0.296883,s273.191081
190_147,s4.086820,s-2.760812,s232.833756
190_148,s3.538388,s3.091296,s261.757560
190_149,s4.785463,s-1.610448,s41.489751
190_150,s-5.030792,s-1.443319,s157.389740
190_151,s3.348238,s3.523837,s350.927526
190_152,s-1.271541,s-4.869245,s140.802725
190_153,s0.548052,s-5.073634,s172.053185
190_154,s-3.806358,s3.138403,s106.973485
190_155,s-4.061290,s-2.671152,s63.474284
190_156,s-4.718736,s-0.246538,s109.528798
190_157,s-2.039504,s-5.159510,s56.614760
190_158,s4.884736,s1.692889,s339.560364
190_159,s3.501328,s-4.090371,s306.109974
190_160,s1.151971,s-4.911457,s223.184509
190_161,s-0.610157,s-4.694780,s190.254804
190_162,s-3.382304,s4.239576,s79.301725
190_163,s-5.109528,s0.776729,s97.342275
190_164,s-4.865335,s-2.211351,s123.879899
190_165,s2.162305,s-5.064347,s139.698075
190_166,s4.511032,s-0.493556,s1.453423
190_167,s0.718938,s5.175406,s137.980784
190_168,s-1.947625,s5.222575,s76.099246
190_169,s-3.603667,s-4.534274,s132.230030
190_170,s5.285169,s-1.129722,s31.806372
190_171,s2.906869,s4.402087,s318.610235
190_172,s3.749519,s4.000799,s313.197335
190_173,s1.829080,s4.984097,s316.594475
190_174,s4.824733,s-2.219844,s219.332507
190_175,s4.089803,s3.459644,s283.031481
190_176,s4.723246,s2.515461,s339.831232
190_177,s2.955575,s-4.442500,s241.258805
190_178,s2.770065,s-5.277726,s243.003957
190_179,s-4.501739,s-2.900205,s117.681694
190_180,s5.761294,s-0.999690,s217.254884
190_181,s5.455640,s2.261451,s209.463362
190_182,s1.368534,s5.335966,s71.388776
190_183,s4.554844,s-3.432800,s163.339781
190_184,s0.917577,s-5.574013,s220.446375
190_185,s-4.075297,s-3.849837,s153.471165
190_186,s5.654122,s1.114954,s263.694162
190_187,s-3.047736,s-4.750141,s188.187869
190_188,s-0.350517,s-5.814269,s296.321050
190_189,s5.005561,s-3.259022,s251.686817
191_0,s-0.503312,s0.592082,s216.038091
191_1,s0.208433,s0.948222,s93.184764
191_2,s0.919276,s0.046834,s44.006388
191_3,s-0.961263,s0.527166,s8.628301
191_4,s0.160698,s-1.259896,s275.925592
191_5,s-0.123279,s-0.329856,s106.967936
191_6,s-2.361212,s-0.159408,s280.202529
191_7,s0.279761,s-0.065742,s181.513616
191_8,s1.191380,s0.634746,s75.174987
191_9,s-0.949148,s-0.294657,s18.770063
191_10,s0.857496,s-0.499950,s308.555431
191_11,s-0.312569,s-1.828827,s271.171653
191_12,s-0.157119,s-0.979344,s61.933082
191_13,s0.690886,s1.079774,s41.899971
191_14,s-1.305508,s-0.521244,s78.746715
191_15,s-0.539112,s-1.316275,s168.462444
191_16,s-0.933835,s-0.883014,s103.801516
191_17,s1.431439,s-0.479722,s239.747371
191_18,s0.944201,s1.760682,s196.480134
191_19,s-1.043219,s1.793470,s1.297831
191_20,s0.838671,s-1.625043,s153.008662
191_21,s2.007758,s0.916470,s163.824939
191_22,s1.161660,s-0.948770,s176.815880
191_23,s-1.761881,s0.827025,s219.814314
191_24,s-1.325285,s1.293583,s48.244819
191_25,s0.895044,s2.297389,s232.370510
191_26,s1.616237,s-1.198268,s239.118262
191_27,s-1.804379,s-0.822421,s110.136414
191_28,s0.116124,s-2.217962,s162.891126
191_29,s-0.468091,s1.782030,s270.656253
191_30,s1.883041,s-0.032668,s239.771177
191_31,s-2.198485,s1.555721,s337.243233
191_32,s-2.030365,s0.430391,s107.732172
191_33,s-1.224798,s-1.457375,s190.110313
191_34,s-1.800637,s-1.523371,s73.965441
191_35,s2.382803,s1.581896,s130.273748
191_36,s1.468016,s-1.700737,s189.742587
191_37,s-1.502947,s2.376229,s359.008641
191_38,s0.592270,s1.943686,s62.559692
191_39,s1.424385,s1.113232,s311.814444
191_40,s-2.596516,s-0.848853,s4.413903
191_41,s2.413940,s-1.198562,s203.225201
191_42,s-0.465273,s2.364000,s353.124716
191_43,s-1.499628,s-1.993093,s155.710302
191_44,s-0.491914,s-2.423068,s119.134157
191_45,s-2.062498,s0.902918,s47.822801
191_46,s2.086365,s2.197289,s89.971635
191_47,s2.448327,s0.175177,s1.937301
191_48,s-2.070651,s2.468313,s45.789756
191_49,s-2.964737,s-0.112605,s24.586259
191_50,s0.394154,s2.616218,s270.453311
191_51,s2.317812,s-0.856745,s309.312107
191_52,s2.979107,s0.241545,s246.138430
191_53,s2.706216,s1.231201,s266.257034
191_54,s-0.863367,s-3.009912,s145.814403
191_55,s1.752129,s-2.778105,s307.310664
191_56,s-2.439614,s-1.905968,s65.073268
191_57,s-2.837830,s0.474930,s346.225053
191_58,s-2.823797,s-1.176713,s122.323762
191_59,s1.335905,s-2.934080,s88.661730
191_60,s-0.683685,s3.084753,s24.338485
191_61,s0.254437,s-2.889002,s196.025890
191_62,s-2.727445,s1.756264,s95.607125
191_63,s0.221771,s-3.902281,s280.697591
191_64,s-1.428859,s-2.660890,s186.503860
191_65,s1.160357,s3.063534,s66.027069
191_66,s1.721397,s2.582700,s27.317435
191_67,s-3.102494,s-0.508070,s152.359022
191_68,s2.942631,s-1.407748,s252.947144
191_69,s2.334368,s2.627138,s344.832601
191_70,s3.324364,s0.744898,s85.046899
191_71,s-2.024580,s-2.118177,s118.074528
191_72,s-3.170855,s0.891352,s88.048209
191_73,s2.642532,s-2.350067,s330.007817
191_74,s2.308913,s2.016416,s274.084587
191_75,s2.433172,s-2.997447,s108.823107
191_76,s-0.432393,s-3.061846,s231.436237
191_77,s3.023632,s-0.669034,s212.873688
191_78,s-1.745683,s3.120718,s78.031524
191_79,s1.746153,s3.265736,s306.008810
191_80,s-0.325794,s3.530856,s264.997114
191_81,s-2.901974,s2.276257,s22.820461
191_82,s2.671627,s-3.977686,s352.592120
191_83,s-2.034184,s-2.760548,s78.987041
191_84,s-1.751422,s-3.231507,s160.160315
191_85,s3.778549,s0.931430,s323.608761
191_86,s3.329658,s-0.398411,s272.726771
191_87,s0.942453,s3.612065,s314.415811
191_88,s-1.124795,s-3.835752,s241.439702
191_89,s-3.710136,s-1.570613,s68.941781
191_90,s3.246312,s-2.017524,s244.250621
191_91,s3.199409,s2.185140,s359.869905
191_92,s-3.035964,s-2.144642,s86.834135
191_93,s-0.563080,s3.845108,s16.663494
191_94,s-3.802306,s1.768066,s174.835190
191_95,s4.836781,s-0.862867,s120.994081
191_96,s1.201591,s-3.509366,s187.488597
191_97,s3.419072,s1.732312,s316.821721
191_98,s-1.816583,s3.810623,s126.331401
191_99,s1.782281,s-3.566701,s229.714641
191_100,s2.867111,s-2.661815,s232.074373
191_101,s-3.638862,s-0.284058,s80.696496
191_102,s-2.831875,s3.110026,s27.823800
191_103,s-3.553607,s2.959540,s9.988929
191_104,s-2.998541,s-2.729248,s147.133978
191_105,s-4.081289,s-0.624576,s115.629463
191_106,s4.117318,s1.780028,s312.953659
191_107,s0.402232,s4.379447,s154.538587
191_108,s4.151054,s0.464963,s88.659207
191_109,s0.846266,s-4.117240,s218.181600
191_110,s4.275149,s-0.055161,s228.298824
191_111,s-3.970164,s-2.085172,s157.932977
191_112,s0.836014,s4.308386,s347.399222
191_113,s-3.460423,s-2.517996,s128.649295
191_114,s3.091216,s3.282873,s292.297079
191_115,s2.511338,s3.911486,s333.040172
191_116,s3.704221,s-3.752754,s98.836361
191_117,s-1.314115,s3.263253,s12.814589
191_118,s-2.605081,s-3.053729,s174.539576
191_119,s-4.144409,s1.058880,s81.609709
191_120,s-1.500104,s4.150113,s300.305472
191_121,s-2.087774,s-4.291984,s274.332635
191_122,s-3.978491,s0.559253,s150.952976
191_123,s4.188590,s-2.006589,s175.494033
191_124,s-1.137524,s-4.367152,s221.502853
191_125,s3.707177,s-1.178023,s218.977182
191_126,s-2.309920,s-4.751226,s49.641628
191_127,s-3.808214,s2.221057,s13.656631
191_128,s-3.065255,s-4.079740,s39.077023
191_129,s0.234200,s-4.567329,s272.103847
191_130,s3.765191,s-2.677071,s163.934520
191_131,s3.257427,s3.782806,s29.522037
191_132,s4.898752,s0.067007,s16.206078
191_133,s4.444647,s-1.649123,s304.328981
191_134,s-3.673437,s-3.334406,s67.825183
191_135,s-4.352056,s1.841800,s55.706224
191_136,s-4.408468,s-1.764414,s25.279861
191_137,s1.668896,s-4.535021,s161.601569
191_138,s5.311710,s-1.520084,s151.977240
191_139,s-1.766727,s-4.703333,s189.919176
191_140,s3.804033,s2.587848,s352.826940
191_141,s2.169898,s4.214047,s87.311803
191_142,s4.322872,s-2.818383,s187.893098
191_143,s4.372093,s2.798852,s230.317893
191_144,s2.182865,s-4.430294,s233.760117
191_145,s-4.757484,s-2.150793,s214.498205
191_146,s-1.077746,s4.737879,s40.857010
191_147,s-4.232335,s3.055303,s98.991897
191_148,s4.746089,s1.640092,s174.942869
191_149,s5.154123,s1.010873,s182.552831
191_150,s-5.138226,s0.425038,s346.319867
191_151,s-0.954835,s5.189604,s346.557614
191_152,s-3.475653,s4.426788,s197.872852
191_153,s-5.201076,s-0.257776,s208.443869
191_154,s-4.973600,s-1.542435,s159.231849
191_155,s1.979911,s4.706756,s24.758984
191_156,s-2.617979,s4.186108,s8.926558
191_157,s1.210059,s-4.949343,s122.652750
191_158,s2.984954,s-4.853008,s318.571228
191_159,s-0.448991,s-5.206890,s84.580713
191_160,s-5.026227,s1.428558,s359.312352
191_161,s-3.895322,s3.823456,s37.848032
191_162,s2.358710,s-5.001413,s150.038315
191_163,s5.071124,s1.982025,s264.831345
191_164,s-4.136708,s-3.652772,s170.105951
191_165,s-3.020922,s-4.509349,s153.016373
191_166,s-2.255627,s4.676914,s232.058533
191_167,s5.277525,s-0.839156,s299.436392
191_168,s4.064630,s3.662529,s297.395614
191_169,s-1.856155,s5.289309,s66.159336
191_170,s-5.365268,s0.963260,s28.824681
191_171,s4.424822,s3.150475,s339.627724
191_172,s0.025776,s-5.187001,s227.849446
191_173,s3.845637,s4.188043,s36.133344
191_174,s-4.594423,s-2.977060,s102.670569
191_175,s4.821271,s-2.586244,s314.485042
191_176,s5.109192,s-0.389898,s321.289291
191_177,s0.514233,s5.058693,s354.373361
191_178,s-5.223014,s-0.864305,s158.405007
191_179,s2.557232,s5.129028,s51.348271
191_180,s3.537196,s-4.699565,s259.105722
191_181,s-5.154719,s2.497658,s50.174295
191_182,s-0.266712,s4.505896,s23.790463
191_183,s5.388003,s-3.313093,s111.980192
191_184,s0.847055,s-5.614401,s245.216832
191_185,s5.123969,s2.531886,s329.294939
191_186,s3.871743,s-4.338143,s338.382865
191_187,s4.391467,s-3.927631,s275.837894
191_188,s-5.074884,s-2.553661,s126.705623
191_189,s-2.375335,s-5.185132,s201.740910
191_190,s-3.060244,s-5.248789,s217.240316
192_0,s-0.009677,s-0.003800,s349.289822
192_1,s-0.277583,s0.878825,s309.532727
192_2,s-0.762928,s0.789625,s167.455122
192_3,s-0.533533,s-0.225709,s73.053250
192_4,s-0.905757,s-0.540542,s164.083620
192_5,s-0.285710,s-0.980220,s134.018804
192_6,s0.126950,s-1.038518,s180.713645
192_7,s0.897283,s-1.067919,s133.823879
192_8,s1.212926,s-0.722012,s321.916735
192_9,s1.487038,s0.289596,s224.328929
192_10,s1.299818,s1.020456,s170.945668
192_11,s1.134221,s1.413310,s96.535725
192_12,s0.406480,s1.607415,s41.672292
192_13,s-0.842203,s1.794030,s285.428793
192_14,s-0.807338,s1.176773,s55.769632
192_15,s-1.591557,s0.786092,s82.059972
192_16,s-2.164705,s0.078628,s266.164351
192_17,s-1.972178,s-0.606508,s284.287692
192_18,s-1.862903,s-1.262809,s322.254185
192_19,s-1.201620,s-1.517879,s175.409379
192_20,s-0.331078,s-2.112464,s78.807412
192_21,s0.123550,s-2.115655,s300.272316
192_22,s1.185062,s-2.093291,s356.117781
192_23,s1.467217,s-1.019458,s235.769653
192_24,s1.998786,s-0.644742,s210.875375
192_25,s2.236361,s-0.169585,s255.947683
192_26,s2.024423,s0.653189,s242.626512
192_27,s1.935648,s1.217488,s319.604648
192_28,s1.592631,s1.638518,s47.905345
192_29,s0.722580,s2.054776,s347.033371
192_30,s0.331961,s2.444261,s98.258066
192_31,s-0.663391,s2.406450,s68.970703
192_32,s-1.506804,s2.489985,s174.614841
192_33,s-1.619297,s1.406285,s56.749978
192_34,s-2.511111,s1.160048,s262.379402
192_35,s-2.910924,s0.660848,s234.209195
192_36,s-2.733282,s0.079572,s193.616727
192_37,s-2.496225,s-0.992240,s80.767745
192_38,s-2.148766,s-1.901301,s15.368454
192_39,s-1.411233,s-2.642043,s58.215401
192_40,s-0.963706,s-2.800010,s9.084041
192_41,s-0.558344,s-2.842314,s281.245699
192_42,s0.696619,s-2.917488,s46.550267
192_43,s1.052484,s-2.551028,s230.904098
192_44,s1.755250,s-2.430774,s357.734990
192_45,s2.153690,s-1.651188,s229.466333
192_46,s2.609437,s-1.365337,s261.156043
192_47,s3.102699,s-0.752588,s349.876896
192_48,s2.791917,s0.198698,s270.154570
192_49,s2.924206,s0.808492,s332.358634
192_50,s2.673652,s1.334188,s349.002793
192_51,s2.164918,s2.072169,s16.996741
192_52,s1.578380,s2.671164,s129.284472
192_53,s0.910546,s3.098562,s273.486391
192_54,s0.456224,s3.275222,s189.580584
192_55,s-0.367565,s3.316289,s180.759093
192_56,s-1.276847,s3.066476,s257.372544
192_57,s-1.997688,s2.901778,s173.863379
192_58,s-2.779104,s2.515373,s216.927153
192_59,s-3.092981,s1.744719,s274.107945
192_60,s-3.427890,s1.038487,s289.880683
192_61,s-3.363053,s0.392205,s136.873814
192_62,s-3.493090,s-0.355077,s257.726894
192_63,s-3.690251,s-0.966047,s258.655862
192_64,s-2.971345,s-1.356878,s216.948327
192_65,s-2.543391,s-2.677702,s10.823582
192_66,s-2.323074,s-3.200398,s287.630619
192_67,s-1.153660,s-3.498325,s22.294624
192_68,s-0.337707,s-3.521818,s107.299813
192_69,s0.055658,s-3.754153,s337.700488
192_70,s0.899014,s-3.889295,s6.124651
192_71,s1.624189,s-3.484273,s44.459025
192_72,s2.145857,s-2.929295,s342.094472
192_73,s3.252390,s-2.823027,s35.958196
192_74,s3.323070,s-1.966873,s73.196006
192_75,s3.803237,s-1.374548,s77.810850
192_76,s3.677253,s-0.393736,s202.979363
192_77,s4.120822,s0.188278,s75.101143
192_78,s3.482487,s1.007680,s236.954371
192_79,s3.417390,s1.702007,s329.972409
192_80,s3.219596,s2.474525,s118.437718
192_81,s2.743598,s3.045763,s131.626588
192_82,s2.098310,s3.543885,s150.562732
192_83,s1.382621,s3.644144,s344.574125
192_84,s0.676100,s3.768430,s307.072600
192_85,s-0.061763,s3.981091,s205.636228
192_86,s-0.429047,s4.021627,s88.774096
192_87,s-1.864748,s3.828970,s295.241498
192_88,s-2.111282,s3.349993,s76.903354
192_89,s-3.042971,s2.965115,s276.588429
192_90,s-3.133926,s2.460817,s97.603617
192_91,s-3.740860,s2.064325,s186.511672
192_92,s-4.192420,s0.834111,s302.613713
192_93,s-4.157385,s0.386581,s131.980770
192_94,s-4.162672,s-0.135085,s206.340476
192_95,s-4.079537,s-1.111554,s139.208221
192_96,s-4.036285,s-1.818490,s271.569003
192_97,s-3.620150,s-2.222335,s231.461748
192_98,s-2.982379,s-3.098788,s86.637325
192_99,s-2.440689,s-3.661476,s86.111156
192_100,s-2.085384,s-3.958162,s293.931200
192_101,s-1.263681,s-4.192493,s216.061544
192_102,s-0.456217,s-4.347594,s47.050453
192_103,s0.448503,s-4.382021,s83.930261
192_104,s1.062740,s-4.224472,s165.794086
192_105,s1.509703,s-4.164683,s275.587713
192_106,s2.541421,s-3.899667,s26.713060
192_107,s3.005309,s-3.673105,s329.347489
192_108,s3.789275,s-2.558984,s152.151669
192_109,s4.044667,s-2.075187,s106.106252
192_110,s4.224151,s-1.494840,s277.329315
192_111,s4.661642,s-0.666881,s127.061303
192_112,s4.499254,s0.010373,s219.334925
192_113,s4.932257,s0.810180,s108.369093
192_114,s4.512515,s1.358722,s85.368011
192_115,s4.123614,s2.407181,s203.965562
192_116,s3.825785,s2.941866,s149.800534
192_117,s3.222608,s3.519195,s170.574398
192_118,s2.904122,s4.026363,s143.178989
192_119,s2.187942,s4.391171,s147.855579
192_120,s1.113981,s4.735987,s250.782265
192_121,s0.537335,s4.821688,s193.206136
192_122,s-0.100815,s4.943670,s173.918185
192_123,s-1.006434,s4.743593,s244.857419
192_124,s-1.811374,s4.512688,s304.139059
192_125,s-2.379536,s3.987966,s345.229353
192_126,s-3.073758,s4.064575,s186.077612
192_127,s-3.554224,s3.499257,s197.063135
192_128,s-4.061254,s2.574691,s344.611216
192_129,s-4.436404,s2.364765,s177.909657
192_130,s-4.555467,s1.370240,s158.111452
192_131,s-5.071924,s0.681508,s158.297470
192_132,s-5.080938,s-0.299748,s345.769670
192_133,s-4.978522,s-0.863144,s320.132878
192_134,s-4.797704,s-1.312332,s181.834401
192_135,s-4.584970,s-2.225858,s225.862846
192_136,s-4.342175,s-3.087151,s299.639218
192_137,s-3.879837,s-3.318056,s206.200846
192_138,s-2.974934,s-4.094496,s96.739119
192_139,s-2.605836,s-4.315499,s225.371475
192_140,s-1.765003,s-5.089464,s12.041496
192_141,s-1.291010,s-4.904002,s241.926612
192_142,s-0.391715,s-5.560463,s358.203121
192_143,s0.307982,s-5.034244,s63.311982
192_144,s1.231941,s-5.419018,s72.000694
192_145,s2.052194,s-4.729998,s115.695665
192_146,s2.648003,s-4.584059,s76.054381
192_147,s2.986143,s-4.347051,s318.010982
192_148,s3.733859,s-3.796680,s279.538237
192_149,s4.415605,s-2.966641,s130.985500
192_150,s4.664423,s-2.541375,s212.973981
192_151,s5.037097,s-2.055078,s355.301012
192_152,s5.257216,s-1.000283,s194.576855
192_153,s5.584223,s-0.512510,s67.940495
192_154,s5.455107,s0.397123,s118.535561
192_155,s5.315376,s0.970939,s309.537379
192_156,s5.051592,s1.982591,s218.354679
192_157,s4.797532,s2.540222,s173.200196
192_158,s4.476160,s3.115109,s59.796515
192_159,s3.945698,s3.726829,s10.071097
192_160,s3.611550,s4.534592,s107.722375
192_161,s2.748262,s4.676375,s316.326682
192_162,s2.224487,s5.054984,s55.968935
192_163,s1.286510,s5.394984,s228.610534
192_164,s0.660043,s5.606234,s200.530510
192_165,s-0.081416,s5.763006,s160.709942
192_166,s-0.833330,s5.619227,s192.550590
192_167,s-1.491296,s5.377384,s62.558066
192_168,s-2.387688,s5.392674,s204.817136
192_169,s-2.980500,s4.789541,s16.068129
192_170,s-3.625993,s4.374349,s273.507434
192_171,s-4.202995,s4.088658,s201.552304
192_172,s-4.673370,s3.351549,s191.471899
192_173,s-5.063598,s2.641994,s121.541826
192_174,s-5.499227,s2.043247,s229.290384
192_175,s-5.611233,s1.235221,s132.251257
192_176,s-5.736872,s0.587681,s181.281677
192_177,s-5.795357,s-0.324487,s230.756658
192_178,s-5.894334,s-1.096175,s284.342270
192_179,s-5.741888,s-1.834702,s280.051820
192_180,s-5.301472,s-2.425060,s90.426358
192_181,s-4.906148,s-3.181705,s57.502432
192_182,s-4.572390,s-3.637634,s201.481805
192_183,s-4.154180,s-4.628117,s328.915281
192_184,s-3.405251,s-4.804761,s150.640443
192_185,s-2.812834,s-5.298004,s306.151024
192_186,s-2.153140,s-5.741050,s5.552354
192_187,s-1.319376,s-5.785922,s51.995259
192_188,s-0.635935,s-5.936165,s119.708152
192_189,s0.133213,s-5.960715,s296.596575
192_190,s0.847062,s-5.971410,s236.789222
192_191,s1.631215,s-5.764287,s294.786856
193_0,s0.281145,s0.040763,s33.786516
193_1,s-0.161497,s-0.312484,s170.230011
193_2,s0.419854,s-0.969092,s4.680851
193_3,s-0.263353,s0.169586,s130.257328
193_4,s0.747022,s-0.181067,s5.027914
193_5,s0.399563,s0.730424,s67.805981
193_6,s0.037063,s-1.228242,s159.650894
193_7,s-0.424192,s0.687699,s108.252033
193_8,s1.074284,s-0.366234,s236.788906
193_9,s-0.487536,s1.339373,s126.398726
193_10,s0.592836,s-1.326775,s265.344025
193_11,s-0.796594,s-0.613863,s169.161856
193_12,s-0.945400,s-1.504334,s239.520173
193_13,s0.078309,s1.570671,s79.588309
193_14,s0.876807,s0.768438,s257.668906
193_15,s0.807856,s1.261227,s41.359075
193_16,s-1.014001,s-0.090530,s116.534802
193_17,s1.552062,s-1.537809,s220.317298
193_18,s-1.510339,s-0.912298,s206.503768
193_19,s1.369373,s1.651178,s204.450619
193_20,s1.886549,s-0.371824,s230.641035
193_21,s-1.556450,s0.009023,s53.996501
193_22,s-1.215032,s1.212555,s38.459343
193_23,s-2.302197,s0.049294,s2.607039
193_24,s1.052797,s-1.829487,s100.233002
193_25,s0.506603,s2.167067,s71.476970
193_26,s-1.333753,s0.468015,s28.534622
193_27,s2.030115,s-1.086258,s233.912858
193_28,s1.885240,s1.528924,s273.557937
193_29,s1.768859,s0.591964,s208.910739
193_30,s-2.293782,s-1.570321,s248.428374
193_31,s-2.016048,s-0.414999,s169.093612
193_32,s0.893992,s1.775514,s328.213056
193_33,s-1.415033,s-2.132050,s290.615490
193_34,s-1.055476,s1.730816,s325.267634
193_35,s-1.803027,s1.291046,s96.217679
193_36,s0.620077,s-2.401657,s269.415579
193_37,s0.148176,s-2.139089,s151.055242
193_38,s-1.685833,s-2.527731,s37.163512
193_39,s2.046892,s0.844867,s293.550327
193_40,s-1.154375,s-2.828239,s128.189483
193_41,s-0.442410,s2.591303,s286.440541
193_42,s-0.931873,s2.543714,s334.176464
193_43,s0.849449,s-3.026542,s298.143315
193_44,s-2.068786,s1.963947,s148.941781
193_45,s3.213595,s0.855246,s143.158144
193_46,s-0.412992,s-2.113196,s137.212332
193_47,s-2.582349,s-0.813433,s161.678010
193_48,s1.505719,s2.220650,s253.360356
193_49,s-2.604507,s-0.402360,s44.311595
193_50,s2.829990,s-0.733216,s54.895715
193_51,s-2.017203,s2.548010,s90.164276
193_52,s-3.272257,s1.059867,s119.874003
193_53,s2.270777,s-1.888641,s232.722142
193_54,s-1.683054,s2.059601,s337.827313
193_55,s-3.057875,s-1.125086,s105.833092
193_56,s2.641077,s1.877082,s5.473263
193_57,s3.209452,s-1.088554,s98.812609
193_58,s2.889307,s1.224871,s345.806864
193_59,s0.895843,s2.728773,s302.976357
193_60,s-2.788571,s1.016307,s21.142891
193_61,s2.757329,s-1.680636,s263.268293
193_62,s-2.493935,s-2.086342,s192.466806
193_63,s3.318007,s-0.644747,s342.267718
193_64,s1.739327,s-2.275331,s198.008967
193_65,s2.187253,s2.779073,s277.540389
193_66,s-3.157724,s0.395766,s83.991193
193_67,s3.131683,s-2.210242,s218.052571
193_68,s-0.182201,s3.673594,s175.286719
193_69,s2.834569,s-0.124424,s296.300913
193_70,s-2.715051,s-1.633895,s153.801671
193_71,s-1.246666,s3.119651,s104.652842
193_72,s-2.272453,s-3.165856,s290.096012
193_73,s2.253693,s-2.822433,s220.199816
193_74,s-3.719218,s1.638325,s171.699986
193_75,s0.841355,s3.417199,s135.577451
193_76,s1.844529,s3.197626,s148.544173
193_77,s3.535156,s1.370453,s194.807367
193_78,s3.120806,s2.256335,s225.750354
193_79,s3.787288,s-0.883432,s195.552088
193_80,s-3.148534,s2.449302,s14.004016
193_81,s-0.461897,s-2.802780,s169.675525
193_82,s-1.004912,s-3.478637,s206.614279
193_83,s-3.032807,s-2.560656,s216.412252
193_84,s3.629412,s-1.749572,s205.488868
193_85,s-2.801571,s2.050635,s98.552751
193_86,s-0.054427,s-3.095500,s261.834446
193_87,s0.734365,s3.900721,s92.544461
193_88,s-2.047095,s3.201793,s17.393439
193_89,s-0.963096,s3.417337,s319.891765
193_90,s-3.353656,s-1.637330,s159.603209
193_91,s3.915590,s-0.360501,s217.514819
193_92,s0.693719,s-3.594577,s90.122801
193_93,s-3.288750,s-0.464758,s131.457054
193_94,s2.197882,s3.424100,s247.377908
193_95,s1.794719,s-3.404164,s271.128513
193_96,s2.749756,s-2.751169,s259.712569
193_97,s-2.424806,s3.020865,s81.714396
193_98,s-3.880514,s-1.447280,s78.446636
193_99,s-1.724928,s3.611948,s316.752976
193_100,s-1.808412,s4.119980,s36.770097
193_101,s1.019773,s-3.422093,s253.395790
193_102,s4.097053,s0.756193,s140.010224
193_103,s3.814929,s1.653487,s288.845933
193_104,s-1.472831,s-3.949739,s53.780593
193_105,s1.607890,s3.476038,s56.332756
193_106,s3.270296,s2.753423,s261.496649
193_107,s-3.003978,s-3.363976,s49.927300
193_108,s2.249401,s-3.824348,s247.990349
193_109,s2.006915,s3.850944,s316.350932
193_110,s-4.079801,s0.954113,s96.796834
193_111,s1.277369,s4.110589,s6.924382
193_112,s4.190325,s0.093847,s324.424214
193_113,s0.731879,s-4.123836,s157.508041
193_114,s4.151589,s-1.965250,s247.717768
193_115,s3.759817,s-3.119721,s101.450714
193_116,s2.587566,s3.712314,s312.179378
193_117,s-3.932470,s-1.943908,s141.120691
193_118,s-2.776082,s3.757921,s308.579489
193_119,s1.352908,s-3.887560,s160.735199
193_120,s-3.701182,s2.441632,s157.912518
193_121,s3.814087,s2.201037,s317.789791
193_122,s-0.630257,s4.282093,s134.430031
193_123,s-4.034057,s-0.441018,s324.850330
193_124,s4.248287,s-1.488258,s294.323388
193_125,s-4.359878,s0.256487,s269.555401
193_126,s2.811818,s-3.534153,s254.466940
193_127,s4.076353,s1.043855,s320.535199
193_128,s-1.804332,s-4.579357,s51.783788
193_129,s-0.421817,s-4.522226,s60.375571
193_130,s-1.230688,s4.375430,s44.214923
193_131,s-2.472923,s-3.505620,s171.918560
193_132,s0.843313,s4.397811,s43.816342
193_133,s-4.314286,s2.793316,s315.645972
193_134,s-0.206661,s4.679139,s215.389298
193_135,s-3.845479,s-2.678882,s297.581360
193_136,s-2.887473,s-3.830398,s111.040490
193_137,s3.976851,s-2.638428,s267.102013
193_138,s-1.014640,s-4.551278,s111.010364
193_139,s1.991574,s-4.292064,s106.753922
193_140,s3.072488,s3.527073,s226.968059
193_141,s-4.437083,s-0.784222,s359.037659
193_142,s1.988519,s4.391962,s32.871541
193_143,s-4.800972,s1.446682,s299.405438
193_144,s-0.751883,s4.891979,s345.175246
193_145,s4.749009,s1.957382,s236.651965
193_146,s-4.731061,s0.548968,s115.194213
193_147,s4.810988,s0.388039,s238.328541
193_148,s5.079866,s-0.493399,s119.020910
193_149,s-3.746208,s3.611169,s62.382278
193_150,s-3.867400,s-3.285917,s237.559011
193_151,s-3.041180,s-4.329572,s167.845256
193_152,s-4.823890,s-1.290691,s58.507084
193_153,s1.027309,s5.026248,s84.551759
193_154,s3.417393,s-4.012937,s194.927600
193_155,s-4.950181,s2.258585,s239.283065
193_156,s-4.719743,s2.762505,s14.957969
193_157,s-4.249971,s-3.080595,s55.064105
193_158,s2.227095,s-4.988230,s93.604488
193_159,s-3.165284,s3.371798,s31.017059
193_160,s3.866232,s-3.680543,s209.215307
193_161,s-2.709164,s4.410925,s323.759169
193_162,s4.930864,s-2.000328,s349.695777
193_163,s4.619476,s3.330605,s132.057647
193_164,s-1.216478,s5.050010,s28.979087
193_165,s-5.038250,s1.162422,s111.409730
193_166,s-0.282308,s-5.025268,s268.693896
193_167,s1.616561,s5.274871,s9.703642
193_168,s3.649439,s3.663372,s25.070333
193_169,s-5.105072,s-0.427427,s303.449622
193_170,s-0.677626,s-5.141807,s183.782959
193_171,s5.114696,s1.034473,s247.524109
193_172,s4.541375,s2.312642,s338.668718
193_173,s-4.921166,s-1.792114,s189.506014
193_174,s-1.655817,s-5.072479,s206.059226
193_175,s0.439046,s-5.365394,s138.536952
193_176,s-2.143269,s-5.094289,s76.250495
193_177,s5.522061,s1.329614,s275.642687
193_178,s5.074266,s-2.804009,s342.358789
193_179,s-5.108650,s-2.823638,s47.652586
193_180,s-5.797703,s-0.889401,s204.493997
193_181,s-2.107768,s5.222154,s320.069117
193_182,s-3.827398,s-3.829671,s149.423240
193_183,s2.832227,s4.720665,s90.890733
193_184,s5.297127,s-1.262774,s328.935845
193_185,s2.804506,s-4.346613,s226.768220
193_186,s-3.215774,s4.558630,s18.895002
193_187,s4.305204,s3.877253,s133.001861
193_188,s-5.668677,s-0.471256,s359.252399
193_189,s0.715294,s-4.886129,s253.954770
193_190,s4.984840,s-3.592630,s90.291208
193_191,s-3.859992,s4.243366,s71.270665
193_192,s-5.398960,s1.536198,s82.961011
194_0,s0.232214,s-0.054895,s30.815420
194_1,s0.400377,s0.566295,s34.176213
194_2,s0.016612,s-0.432300,s187.836442
194_3,s-0.332439,s0.050269,s137.697797
194_4,s0.754333,s0.158478,s279.722210
194_5,s-1.217422,s-0.055550,s330.439338
194_6,s0.891840,s0.635734,s326.976901
194_7,s0.593249,s-0.447743,s219.461475
194_8,s-0.504221,s0.651342,s42.437122
194_9,s-0.319400,s1.364738,s198.661495
194_10,s0.777267,s1.190558,s60.466684
194_11,s1.129440,s-0.521760,s295.345012
194_12,s-0.743860,s-1.431940,s278.346163
194_13,s-0.766345,s-0.937938,s37.866385
194_14,s-1.372455,s0.471843,s26.785824
194_15,s-1.509772,s-0.819089,s186.343045
194_16,s0.611888,s-1.097825,s197.290268
194_17,s1.542516,s0.828141,s311.436211
194_18,s0.272537,s1.791145,s359.608864
194_19,s-0.928093,s1.436879,s308.673438
194_20,s-1.623465,s-0.265837,s92.725694
194_21,s-1.371513,s1.354435,s85.947295
194_22,s1.060976,s-1.524549,s249.770012
194_23,s-1.910980,s0.272291,s91.744731
194_24,s0.357954,s-1.578959,s128.921868
194_25,s-0.575346,s-1.917149,s174.443182
194_26,s1.830289,s-0.613076,s165.670825
194_27,s1.898830,s0.262230,s127.253447
194_28,s0.433035,s-2.045131,s215.540932
194_29,s-2.170567,s-0.692733,s153.281050
194_30,s-0.462027,s2.185876,s302.671777
194_31,s1.133590,s1.741315,s42.840088
194_32,s-1.154087,s-1.873580,s72.531210
194_33,s2.341616,s0.587163,s167.635630
194_34,s1.171664,s-2.220657,s298.713855
194_35,s-1.190142,s1.881546,s327.278464
194_36,s2.457584,s-0.336253,s290.654611
194_37,s1.854550,s1.671427,s108.480518
194_38,s-2.591529,s-0.571199,s18.800252
194_39,s2.274118,s-0.833869,s186.445396
194_40,s-1.959523,s0.971011,s107.092185
194_41,s1.132805,s2.419692,s48.259998
194_42,s-1.774009,s1.903554,s37.662679
194_43,s2.599921,s1.022664,s38.763552
194_44,s-1.605346,s-2.249268,s183.878822
194_45,s-2.658416,s-1.440593,s184.568516
194_46,s1.529649,s2.129951,s284.674905
194_47,s0.195037,s-2.847848,s16.773854
194_48,s-0.746758,s2.678549,s48.542806
194_49,s-1.028168,s-2.771208,s244.544961
194_50,s2.357777,s1.936913,s214.008500
194_51,s-2.917496,s0.660963,s140.626365
194_52,s-2.335793,s1.732866,s82.086437
194_53,s2.187006,s-1.955986,s173.208750
194_54,s-2.263294,s-1.968394,s210.613253
194_55,s1.295847,s-2.673547,s126.502024
194_56,s3.309778,s-1.282563,s73.645071
194_57,s2.984811,s0.447781,s7.010327
194_58,s-2.830853,s-0.909893,s112.729019
194_59,s-1.160145,s3.389402,s12.436132
194_60,s-3.059348,s-0.247689,s118.140918
194_61,s0.193339,s2.916012,s112.024528
194_62,s1.665858,s2.866340,s90.914092
194_63,s-2.926211,s1.334511,s258.825343
194_64,s-2.447381,s2.359275,s90.740558
194_65,s-1.965241,s2.853210,s321.696183
194_66,s-0.133575,s-3.234637,s213.567022
194_67,s-1.430929,s-3.360266,s288.858390
194_68,s3.117221,s-0.564806,s327.781937
194_69,s2.031201,s-2.960768,s160.640044
194_70,s-3.156404,s-1.613306,s158.905165
194_71,s2.728089,s-1.636913,s169.458440
194_72,s0.512740,s3.290055,s78.630290
194_73,s0.955655,s3.340031,s285.098204
194_74,s-3.688137,s-0.825794,s126.835518
194_75,s-3.198034,s1.188778,s72.154809
194_76,s-2.360902,s-2.658494,s77.673773
194_77,s-1.889928,s-3.102266,s91.760544
194_78,s-2.383808,s2.789558,s19.866441
194_79,s-3.738745,s-0.072583,s118.483620
194_80,s3.183152,s1.708485,s44.742198
194_81,s-0.886463,s-3.525479,s185.046463
194_82,s3.558583,s0.761874,s225.890571
194_83,s1.482396,s-3.566256,s55.719609
194_84,s2.087591,s2.825841,s271.458930
194_85,s2.734658,s-2.684911,s281.876961
194_86,s0.732804,s-3.820826,s118.575066
194_87,s-1.852652,s3.554662,s45.076016
194_88,s0.553151,s3.769831,s47.748569
194_89,s-3.463513,s2.078592,s48.481233
194_90,s3.599568,s-0.678655,s207.993839
194_91,s-1.527506,s-3.775387,s70.729659
194_92,s3.671867,s1.480987,s141.136667
194_93,s-4.238038,s0.879985,s342.177033
194_94,s2.494483,s-3.140876,s199.436035
194_95,s-0.524079,s-4.098002,s246.213866
194_96,s3.265321,s-1.864683,s216.588166
194_97,s3.017292,s2.786942,s197.342053
194_98,s4.085796,s0.768880,s295.930477
194_99,s1.272328,s-4.100685,s122.997711
194_100,s-3.768524,s-1.479652,s154.181337
194_101,s-2.550475,s-3.409861,s141.569574
194_102,s2.136400,s3.332833,s313.130556
194_103,s-3.070405,s-2.795432,s189.004361
194_104,s3.591981,s1.863735,s325.607381
194_105,s-3.959157,s1.969830,s133.430445
194_106,s4.108941,s-0.636466,s293.294186
194_107,s-3.484366,s-2.455868,s107.921811
194_108,s-0.773887,s3.928749,s197.055552
194_109,s2.250194,s-3.752354,s110.670879
194_110,s-2.947152,s2.682411,s43.587310
194_111,s-1.223329,s4.256303,s21.003241
194_112,s-3.571750,s-3.055396,s93.520295
194_113,s1.500359,s3.801002,s28.901150
194_114,s-4.203244,s0.193530,s56.195397
194_115,s3.872757,s-1.514136,s220.661609
194_116,s3.983837,s-2.598178,s130.147015
194_117,s4.292953,s-1.190976,s246.540000
194_118,s3.057047,s3.239079,s271.581052
194_119,s-2.220635,s-3.881407,s141.323096
194_120,s4.125680,s1.806253,s302.090404
194_121,s-4.578987,s-0.471058,s54.880359
194_122,s3.451827,s-3.297507,s126.984601
194_123,s-0.688982,s4.415937,s228.864835
194_124,s-3.653659,s2.693305,s12.706250
194_125,s2.617604,s4.082715,s2.262321
194_126,s3.587862,s2.746787,s257.254896
194_127,s-1.079955,s-4.400171,s176.527689
194_128,s2.706773,s-4.088205,s141.190825
194_129,s-4.551326,s-1.968469,s232.074961
194_130,s3.233659,s3.876116,s249.847184
194_131,s-2.976164,s3.402957,s49.984585
194_132,s-0.236408,s-4.623017,s211.782502
194_133,s-3.757690,s-3.516850,s206.287049
194_134,s-1.644989,s-4.564946,s184.891939
194_135,s1.256222,s-4.716473,s86.890798
194_136,s4.049002,s3.412871,s283.106348
194_137,s-3.249207,s4.129129,s40.704780
194_138,s2.053875,s4.155785,s26.759767
194_139,s4.426851,s-2.324148,s193.817454
194_140,s-5.070926,s0.530706,s106.450439
194_141,s5.014403,s1.703453,s11.214857
194_142,s4.175020,s-3.090788,s157.268860
194_143,s5.056749,s0.962359,s323.317974
194_144,s-1.875034,s4.633395,s204.281667
194_145,s-4.250226,s2.880375,s172.108664
194_146,s-4.538080,s-1.561348,s359.932210
194_147,s-4.884056,s1.199990,s324.926405
194_148,s-0.094008,s4.590728,s345.561050
194_149,s-4.732469,s-2.526825,s53.817124
194_150,s-4.697075,s2.577836,s121.914435
194_151,s-0.353519,s5.258187,s10.407966
194_152,s-2.656079,s4.058131,s14.906692
194_153,s-0.877970,s4.794290,s29.003642
194_154,s-2.955611,s-4.336817,s88.810246
194_155,s4.799353,s-0.705521,s202.507496
194_156,s4.706840,s0.419279,s121.859565
194_157,s-4.490386,s-3.081337,s160.608695
194_158,s-4.082111,s3.334133,s32.124120
194_159,s3.101082,s-4.311247,s318.303734
194_160,s1.426771,s4.717756,s72.072334
194_161,s4.954691,s-1.727404,s174.915833
194_162,s1.785838,s-4.274270,s200.560617
194_163,s2.404855,s-4.996414,s278.336768
194_164,s5.318413,s-0.908570,s298.227744
194_165,s3.126063,s4.335291,s284.196018
194_166,s-5.177884,s-0.680355,s184.254891
194_167,s1.842290,s-5.123355,s170.900754
194_168,s-5.359839,s1.416749,s115.650052
194_169,s1.812577,s4.993214,s20.847355
194_170,s2.947045,s4.752736,s336.424544
194_171,s-3.045129,s-4.869473,s101.949615
194_172,s4.524869,s-3.414203,s265.567530
194_173,s5.064062,s2.598189,s352.910317
194_174,s-2.242123,s5.177281,s241.281803
194_175,s-3.005828,s4.833087,s8.538400
194_176,s-2.386905,s-4.729579,s131.927562
194_177,s-1.313170,s-5.404456,s280.380533
194_178,s1.078734,s-5.311500,s44.262848
194_179,s0.373905,s-5.275414,s194.745504
194_180,s2.315248,s5.464993,s58.385652
194_181,s-4.102465,s4.112035,s338.770634
194_182,s0.835659,s5.429262,s150.115287
194_183,s-5.178947,s-2.702842,s111.288243
194_184,s-4.113690,s-3.900632,s174.974860
194_185,s3.685365,s-4.157837,s254.574216
194_186,s-5.605241,s-1.459229,s192.140221
194_187,s-0.199107,s-5.316368,s157.508277
194_188,s-4.704164,s3.070918,s6.494065
194_189,s-1.971348,s-5.183048,s164.566430
194_190,s2.503614,s-5.496746,s251.366401
194_191,s5.133678,s-2.681613,s353.393035
194_192,s1.330452,s-5.609880,s152.850711
194_193,s5.885121,s-1.113237,s181.151595
195_0,s-0.020302,s-0.046043,s81.397325
195_1,s0.817415,s-0.146713,s118.127361
195_2,s0.023392,s0.651492,s219.067667
195_3,s-0.517291,s-0.329456,s192.351322
195_4,s-0.435267,s0.503769,s108.911003
195_5,s0.127661,s-0.904785,s305.295295
195_6,s1.018086,s0.834840,s83.256646
195_7,s-0.626392,s1.036756,s29.946250
195_8,s-0.029731,s-1.436405,s85.551464
195_9,s0.524777,s-1.329618,s237.039230
195_10,s-0.004124,s1.106384,s336.035331
195_11,s-0.964865,s-0.177821,s63.121235
195_12,s-0.771415,s-0.804544,s135.043607
195_13,s-1.077103,s0.698355,s87.417278
195_14,s1.668046,s1.065371,s70.241744
195_15,s-1.541737,s1.076488,s35.682370
195_16,s1.289934,s-0.647631,s310.005581
195_17,s-1.034795,s-1.482596,s180.773479
195_18,s-1.276080,s-0.672718,s111.999826
195_19,s0.978790,s0.326557,s223.192015
195_20,s0.851800,s1.434433,s346.983937
195_21,s0.859008,s-0.951569,s260.022422
195_22,s1.463811,s0.571833,s237.409463
195_23,s1.844853,s-0.742001,s221.047073
195_24,s-1.362600,s1.527207,s352.264209
195_25,s0.381437,s-1.782596,s107.033281
195_26,s1.431088,s1.614492,s309.826842
195_27,s2.051150,s0.869116,s308.587126
195_28,s2.101484,s-0.178658,s258.739612
195_29,s-0.680127,s1.912337,s238.804276
195_30,s-2.086115,s0.432668,s58.942034
195_31,s-1.453125,s-1.877886,s152.735950
195_32,s1.344700,s-1.461951,s247.525551
195_33,s0.636711,s2.285894,s327.240559
195_34,s1.113676,s-1.972047,s140.379107
195_35,s-2.166157,s-0.801533,s69.838587
195_36,s1.240338,s2.357425,s261.499448
195_37,s2.303192,s-1.674354,s299.002869
195_38,s1.251281,s-2.593876,s131.012434
195_39,s-1.963243,s-1.560406,s126.804128
195_40,s2.412814,s0.251065,s350.766399
195_41,s-2.142888,s1.021277,s19.752874
195_42,s-0.850215,s2.477923,s95.380935
195_43,s-2.636916,s-1.408381,s14.316049
195_44,s2.963195,s0.866095,s16.892757
195_45,s-1.802683,s1.878703,s9.223018
195_46,s-0.599846,s-2.049508,s135.633982
195_47,s0.211856,s2.808899,s298.190290
195_48,s2.266690,s2.191614,s282.729238
195_49,s-0.467703,s-2.554049,s193.803435
195_50,s-0.089791,s2.370272,s185.145907
195_51,s1.710530,s-2.073511,s210.270163
195_52,s-2.089179,s-2.305394,s140.461111
195_53,s-2.325230,s1.957495,s32.524913
195_54,s-1.096463,s-2.841426,s166.309300
195_55,s3.033857,s-1.106196,s264.136597
195_56,s-0.759128,s2.937242,s283.855524
195_57,s-2.681484,s1.147944,s39.285425
195_58,s2.797639,s-1.943597,s132.596484
195_59,s3.033005,s-0.061004,s189.526557
195_60,s-1.306232,s2.852857,s8.070974
195_61,s-2.670080,s0.377346,s174.353279
195_62,s-0.304497,s-3.415937,s225.048748
195_63,s2.901672,s1.754089,s319.833346
195_64,s1.464287,s3.116161,s204.482784
195_65,s-3.070032,s0.534199,s104.684519
195_66,s2.268692,s2.761575,s2.751946
195_67,s3.326916,s-1.755568,s183.868609
195_68,s1.115654,s3.580699,s122.210483
195_69,s1.689197,s-2.869602,s260.628656
195_70,s3.441976,s0.281746,s262.559212
195_71,s-3.013443,s2.059839,s346.175541
195_72,s-0.518381,s3.428543,s319.077277
195_73,s1.368232,s-3.132051,s162.313003
195_74,s-1.916878,s2.929620,s3.316424
195_75,s-3.336539,s1.468338,s80.336432
195_76,s-3.640430,s-0.578972,s266.468788
195_77,s-3.033760,s-1.896478,s9.859007
195_78,s3.403842,s1.144580,s324.544714
195_79,s0.553083,s3.689331,s36.106881
195_80,s1.795798,s-3.430723,s214.221224
195_81,s1.663669,s3.557346,s39.947879
195_82,s-1.556909,s-3.109684,s100.927391
195_83,s2.562002,s-2.621526,s212.517324
195_84,s3.906903,s-1.357142,s168.851551
195_85,s-3.226818,s-2.407918,s68.328395
195_86,s-3.474674,s2.003680,s56.061173
195_87,s-3.513001,s0.900192,s88.890838
195_88,s-1.542020,s-3.655613,s133.578466
195_89,s-2.504709,s2.811210,s353.282319
195_90,s3.265018,s2.632511,s44.728876
195_91,s0.412232,s-4.010955,s301.134862
195_92,s-0.912978,s-3.708543,s146.020823
195_93,s3.703190,s-0.780353,s355.723750
195_94,s-0.533279,s-4.169029,s253.314414
195_95,s-3.018129,s2.993679,s87.134958
195_96,s-3.616910,s-1.267330,s306.096255
195_97,s-2.810695,s-2.906723,s124.596104
195_98,s-2.340274,s-3.445694,s113.685847
195_99,s-4.032884,s-0.954284,s96.533448
195_100,s-1.330867,s3.941042,s102.797008
195_101,s3.906998,s0.935596,s234.658468
195_102,s1.727172,s-4.026744,s101.837618
195_103,s2.557025,s3.645830,s45.551273
195_104,s4.264747,s1.213096,s351.450455
195_105,s3.750176,s-2.421800,s135.770768
195_106,s-4.061858,s1.846854,s64.954189
195_107,s4.095810,s-0.398173,s268.172915
195_108,s-3.726470,s-2.624462,s140.993249
195_109,s-4.017941,s-0.461954,s34.760916
195_110,s-2.369504,s3.774522,s18.718390
195_111,s2.419734,s-3.260880,s253.475279
195_112,s0.883794,s4.365966,s310.578280
195_113,s-4.085464,s-2.059061,s12.910525
195_114,s3.730142,s2.691883,s314.247708
195_115,s-0.711396,s4.038423,s299.347477
195_116,s0.696056,s-4.459463,s133.711943
195_117,s1.372064,s-4.447341,s153.638004
195_118,s2.700504,s-3.730601,s172.436751
195_119,s-4.403543,s1.461907,s176.186578
195_120,s4.144157,s-2.048182,s192.003859
195_121,s4.453662,s-1.796161,s287.270640
195_122,s-2.905406,s3.572419,s58.933540
195_123,s3.227060,s3.219130,s308.362724
195_124,s1.845972,s4.779923,s339.836332
195_125,s3.953002,s2.166713,s261.428981
195_126,s3.433087,s-3.290683,s287.741295
195_127,s-1.714223,s-4.406798,s133.125798
195_128,s-1.053188,s-4.433989,s211.867964
195_129,s-3.477190,s-3.449648,s86.000022
195_130,s-4.540689,s-0.400979,s102.682507
195_131,s-2.692411,s-3.974877,s207.509213
195_132,s3.073079,s-4.094583,s230.714644
195_133,s-3.865134,s2.612562,s15.374696
195_134,s-1.625800,s4.474946,s322.850483
195_135,s2.322377,s4.299152,s294.850590
195_136,s-4.553371,s-1.937926,s73.951168
195_137,s1.889391,s-4.784629,s116.121123
195_138,s3.101766,s3.835698,s299.372876
195_139,s4.793976,s-0.736020,s251.912596
195_140,s4.629111,s2.418649,s16.035630
195_141,s-4.274720,s-2.654988,s57.623414
195_142,s0.163985,s4.572080,s291.139358
195_143,s-4.398171,s0.319454,s46.728769
195_144,s-2.928033,s4.167298,s43.846760
195_145,s4.755666,s1.240436,s224.678247
195_146,s-0.509583,s4.700725,s101.862989
195_147,s0.537144,s5.167537,s244.508760
195_148,s-4.823839,s1.315277,s67.825757
195_149,s-5.185949,s0.784026,s98.468724
195_150,s4.857072,s-2.481512,s343.899030
195_151,s-3.778545,s3.553695,s86.467721
195_152,s-2.061667,s4.672310,s10.736256
195_153,s2.504714,s4.828615,s352.882983
195_154,s-5.055547,s-1.088591,s77.800338
195_155,s-4.672463,s2.423886,s61.477399
195_156,s-0.611734,s5.192378,s325.212284
195_157,s4.816565,s1.697684,s317.040481
195_158,s-1.134825,s5.304118,s21.963436
195_159,s-3.190322,s-4.019833,s82.906279
195_160,s5.317408,s-0.493367,s1.233958
195_161,s-2.710860,s4.809921,s344.853010
195_162,s1.286677,s5.161659,s327.211953
195_163,s2.273527,s-4.668999,s217.102012
195_164,s-2.871190,s-4.504054,s131.654327
195_165,s3.699990,s4.449267,s21.116301
195_166,s-4.920624,s-2.659091,s154.144749
195_167,s4.138615,s-3.544950,s284.267992
195_168,s-0.815195,s-5.278181,s219.464129
195_169,s-1.324118,s-4.996979,s88.596460
195_170,s0.634415,s-5.006354,s214.224478
195_171,s-4.389801,s2.959481,s39.857055
195_172,s2.869760,s-4.676820,s246.447290
195_173,s-4.193637,s3.957789,s32.799460
195_174,s5.359367,s-1.566192,s314.749958
195_175,s5.314831,s1.551563,s251.754282
195_176,s-5.078654,s1.941699,s63.063324
195_177,s-3.649350,s4.291284,s15.479571
195_178,s5.517944,s0.452135,s86.844380
195_179,s-3.674812,s-4.496916,s74.284216
195_180,s-5.349076,s-2.485444,s17.038425
195_181,s-5.553068,s-0.336776,s146.349373
195_182,s4.741145,s-2.870231,s232.365955
195_183,s-4.592763,s-3.548156,s331.142888
195_184,s4.000938,s4.003733,s227.107032
195_185,s-2.043534,s-5.251508,s159.803841
195_186,s-1.391143,s-5.612080,s246.665459
195_187,s0.626889,s5.552128,s325.591245
195_188,s5.092506,s2.738200,s246.273591
195_189,s2.925269,s-5.436093,s234.746546
195_190,s3.997985,s-4.464880,s331.274735
195_191,s-3.166358,s5.040597,s3.350662
195_192,s-1.738933,s5.339384,s2.066551
195_193,s4.876754,s-3.741962,s146.903199
195_194,s-5.087470,s3.545572,s136.767510
196_0,s-0.009945,s-0.011657,s108.543468
196_1,s-0.059708,s0.891236,s102.836839
196_2,s-1.070691,s0.542762,s249.201352
196_3,s-1.080080,s0.034573,s144.459817
196_4,s-1.018596,s-0.658257,s291.270627
196_5,s-0.637377,s-1.107018,s229.556009
196_6,s0.190475,s-1.216403,s31.735645
196_7,s0.878438,s-1.203850,s49.505445
196_8,s0.953674,s-0.014627,s186.414129
196_9,s1.589831,s-0.403778,s2.754839
196_10,s1.566174,s0.528956,s46.201568
196_11,s0.376580,s0.874732,s296.959737
196_12,s0.785819,s1.984840,s168.996707
196_13,s-0.664900,s1.507536,s303.296459
196_14,s-1.186421,s1.350882,s238.160510
196_15,s-1.767932,s0.972683,s254.131752
196_16,s-1.914193,s0.008233,s336.552378
196_17,s-1.765969,s-0.481771,s113.033008
196_18,s-1.637269,s-0.979958,s226.815307
196_19,s-1.323364,s-1.887386,s252.347621
196_20,s-0.398786,s-1.813588,s215.081550
196_21,s0.372262,s-2.228947,s6.775799
196_22,s1.452104,s-1.960792,s95.484058
196_23,s1.420816,s-0.818633,s178.591656
196_24,s2.034296,s-0.704373,s160.161905
196_25,s2.386227,s-0.326674,s27.770976
196_26,s2.227549,s0.481887,s322.459129
196_27,s1.901042,s0.983871,s330.462442
196_28,s1.671254,s2.009091,s181.930220
196_29,s0.832128,s2.545640,s216.065964
196_30,s-0.209325,s2.443207,s243.659994
196_31,s-0.908266,s2.796401,s221.335218
196_32,s-1.514878,s2.118122,s287.722153
196_33,s-1.915898,s1.610289,s351.729986
196_34,s-2.425655,s0.855363,s312.346721
196_35,s-2.814058,s0.659491,s180.206771
196_36,s-2.562531,s-0.436340,s352.132128
196_37,s-2.932224,s-0.740512,s228.481306
196_38,s-2.032484,s-1.285501,s147.046469
196_39,s-1.610950,s-2.421295,s20.403285
196_40,s-1.279646,s-2.660163,s309.961366
196_41,s-0.176382,s-2.904414,s64.154651
196_42,s0.359255,s-2.678185,s161.518281
196_43,s0.677953,s-2.416855,s231.630635
196_44,s1.837497,s-2.735193,s9.650002
196_45,s2.380294,s-1.909796,s68.706418
196_46,s2.238953,s-1.205964,s235.780640
196_47,s2.731989,s-0.580453,s231.390137
196_48,s2.964220,s0.470853,s161.387891
196_49,s3.073505,s1.197314,s141.977698
196_50,s2.861503,s1.617069,s70.395675
196_51,s2.515520,s2.241126,s89.277601
196_52,s1.744851,s3.026765,s176.493019
196_53,s1.190043,s3.079205,s80.158471
196_54,s0.416085,s3.470487,s77.403419
196_55,s-0.165712,s2.969799,s21.450912
196_56,s-1.384703,s3.059465,s283.873330
196_57,s-2.011199,s2.638677,s267.034218
196_58,s-2.331854,s2.353450,s114.490353
196_59,s-2.789929,s1.681955,s105.698391
196_60,s-2.930034,s1.090099,s84.568185
196_61,s-3.478033,s0.140280,s339.462824
196_62,s-3.389486,s-0.415507,s46.136281
196_63,s-3.090011,s-1.361478,s82.332652
196_64,s-2.999209,s-1.988860,s335.325472
196_65,s-2.237309,s-2.262490,s124.191751
196_66,s-1.919968,s-2.755512,s144.853204
196_67,s-1.353773,s-3.345974,s79.201593
196_68,s-0.854012,s-3.270526,s211.952357
196_69,s-0.133751,s-3.533816,s199.715871
196_70,s0.957071,s-3.677888,s59.103895
196_71,s1.420331,s-3.037915,s184.593244
196_72,s1.962124,s-3.454295,s343.398784
196_73,s2.582790,s-2.541654,s300.733148
196_74,s3.574234,s-2.042085,s58.229430
196_75,s3.911452,s-1.389079,s51.015148
196_76,s3.556528,s-0.506675,s277.183507
196_77,s3.666379,s0.224894,s244.481109
196_78,s3.770630,s0.919138,s129.106130
196_79,s3.843133,s1.434487,s88.142287
196_80,s3.078010,s2.331611,s212.734871
196_81,s2.505767,s2.968864,s208.421722
196_82,s2.063264,s3.325239,s276.032506
196_83,s1.656416,s3.463497,s42.049044
196_84,s0.498600,s3.917370,s292.471342
196_85,s0.187189,s4.245347,s133.356233
196_86,s-1.004726,s4.298637,s226.452496
196_87,s-1.739649,s3.563752,s320.799221
196_88,s-1.983117,s3.102999,s41.376360
196_89,s-3.063030,s2.879719,s293.623470
196_90,s-3.203340,s2.506391,s158.048375
196_91,s-3.897334,s1.614616,s328.263002
196_92,s-4.234998,s1.135882,s256.663008
196_93,s-3.966504,s0.562044,s81.546073
196_94,s-4.207424,s-0.479637,s353.484971
196_95,s-3.900292,s-0.854344,s125.989947
196_96,s-3.838944,s-1.752203,s60.522405
196_97,s-3.652055,s-2.132293,s199.102182
196_98,s-3.040859,s-2.891160,s160.669416
196_99,s-2.605453,s-3.754106,s4.954237
196_100,s-1.821742,s-4.076457,s37.389850
196_101,s-0.856793,s-4.118292,s77.415327
196_102,s-0.312159,s-4.101761,s140.516754
196_103,s0.167021,s-4.637905,s276.534695
196_104,s0.942043,s-4.107888,s218.690882
196_105,s1.563328,s-4.090347,s178.687057
196_106,s2.550731,s-3.630017,s130.972834
196_107,s3.264051,s-3.017851,s141.729241
196_108,s3.382008,s-2.491264,s217.792420
196_109,s3.906586,s-2.247642,s289.515049
196_110,s4.409515,s-1.691234,s18.995033
196_111,s4.345341,s-0.664082,s259.608727
196_112,s4.856062,s-0.345123,s19.997780
196_113,s4.262215,s0.889245,s195.098863
196_114,s4.588437,s1.525011,s126.914336
196_115,s3.760565,s2.283066,s226.696565
196_116,s3.732110,s2.834920,s77.104937
196_117,s3.160657,s3.618397,s154.262191
196_118,s2.585578,s3.777792,s8.567278
196_119,s1.920312,s4.181178,s313.313045
196_120,s1.209906,s4.645546,s205.158740
196_121,s0.545773,s4.623742,s309.185984
196_122,s-0.186756,s4.535001,s357.177514
196_123,s-0.605267,s5.114910,s145.053572
196_124,s-1.382833,s4.370218,s35.014216
196_125,s-2.535002,s4.086927,s295.284106
196_126,s-3.218061,s3.917551,s245.658751
196_127,s-3.379638,s3.406596,s116.555067
196_128,s-3.886751,s2.763782,s131.782880
196_129,s-4.498584,s1.945358,s287.523621
196_130,s-4.633534,s1.443553,s122.422897
196_131,s-4.813055,s0.762506,s114.079936
196_132,s-4.948180,s-0.042772,s291.052422
196_133,s-5.037822,s-0.671091,s255.324835
196_134,s-4.874840,s-1.780241,s336.802753
196_135,s-4.359980,s-2.170637,s130.831116
196_136,s-4.061902,s-2.817806,s257.566425
196_137,s-3.539447,s-3.650143,s80.436367
196_138,s-3.334377,s-4.114972,s273.382143
196_139,s-2.337805,s-4.353868,s122.211831
196_140,s-1.840765,s-4.706748,s130.720590
196_141,s-1.177619,s-5.045376,s7.961111
196_142,s-0.403899,s-4.862199,s144.476870
196_143,s0.004529,s-5.311835,s290.411815
196_144,s1.407683,s-5.044165,s101.491088
196_145,s1.912071,s-4.918937,s174.690439
196_146,s2.565128,s-4.607577,s57.558440
196_147,s3.131926,s-4.561579,s35.805325
196_148,s3.455880,s-3.730021,s257.941816
196_149,s4.363885,s-3.247877,s106.314262
196_150,s4.663858,s-2.324759,s170.601579
196_151,s5.343655,s-1.949819,s86.077591
196_152,s5.054347,s-1.341454,s269.921356
196_153,s5.363781,s-0.487761,s199.542634
196_154,s5.341256,s0.490920,s170.941741
196_155,s5.126940,s1.408010,s203.789508
196_156,s5.502654,s2.010497,s119.665467
196_157,s4.681740,s2.496922,s259.490890
196_158,s4.429401,s2.987039,s17.290418
196_159,s3.834650,s3.767318,s359.972680
196_160,s3.445991,s4.102630,s64.528019
196_161,s2.904973,s4.731253,s53.613812
196_162,s2.164520,s5.229481,s129.828791
196_163,s1.552839,s5.160972,s54.916735
196_164,s0.738545,s5.302959,s68.881741
196_165,s-0.302303,s5.912862,s208.156955
196_166,s-1.013158,s5.541045,s267.198132
196_167,s-1.872356,s5.358951,s267.368422
196_168,s-2.303526,s5.161601,s167.527910
196_169,s-2.725966,s4.820110,s108.374771
196_170,s-3.711742,s4.151164,s345.511940
196_171,s-4.122767,s3.764953,s276.367680
196_172,s-4.563143,s3.205579,s21.576168
196_173,s-5.023570,s2.657914,s276.722456
196_174,s-5.181964,s2.202446,s127.215775
196_175,s-5.635033,s0.940896,s4.744333
196_176,s-5.797529,s0.413882,s65.340351
196_177,s-5.663398,s-0.079491,s131.699262
196_178,s-5.602375,s-1.176552,s24.966294
196_179,s-5.466891,s-1.881387,s43.454520
196_180,s-5.265378,s-2.455500,s146.564934
196_181,s-4.992188,s-3.135343,s297.523859
196_182,s-4.954513,s-3.839280,s301.793799
196_183,s-3.977140,s-4.177770,s100.990762
196_184,s-3.262805,s-4.802941,s47.118147
196_185,s-2.739437,s-5.187908,s311.724767
196_186,s-2.180494,s-5.392697,s232.132352
196_187,s-1.242554,s-5.681560,s34.556720
196_188,s-0.679968,s-6.253622,s18.166040
196_189,s0.040931,s-6.363774,s350.147925
196_190,s0.936645,s-5.768434,s138.561438
196_191,s1.567867,s-5.795646,s166.678312
196_192,s2.572783,s-5.728587,s25.980146
196_193,s2.971698,s-5.103593,s179.334486
196_194,s4.027919,s-5.022019,s65.454877
196_195,s4.218894,s-4.270710,s284.943646
197_0,s-0.018573,s-0.006323,s309.925791
197_1,s0.510972,s-0.314496,s314.980680
197_2,s-0.203604,s0.617289,s281.850073
197_3,s-0.452637,s-0.533966,s287.768114
197_4,s-0.504425,s0.219216,s21.149587
197_5,s0.225545,s-0.819530,s109.879403
197_6,s0.910803,s0.412841,s318.538514
197_7,s0.667914,s-0.874008,s278.497941
197_8,s-1.077096,s-0.402945,s220.624679
197_9,s0.173903,s1.237844,s234.151221
197_10,s1.481129,s-0.605190,s261.944341
197_11,s0.361587,s-1.337303,s218.162283
197_12,s1.079254,s-1.231864,s229.637064
197_13,s-1.096147,s0.631230,s160.555344
197_14,s-0.650339,s-1.351687,s273.695078
197_15,s-0.873092,s1.398009,s211.115691
197_16,s-1.639072,s0.292872,s69.799683
197_17,s1.025912,s1.032322,s357.660976
197_18,s-1.059741,s-0.989671,s188.141344
197_19,s-1.272273,s1.252001,s124.010375
197_20,s-1.535356,s-0.212557,s179.565239
197_21,s1.514217,s0.287490,s323.204105
197_22,s1.513691,s1.207226,s273.626385
197_23,s0.517337,s1.724054,s53.701087
197_24,s-0.332266,s1.667213,s11.045808
197_25,s1.734893,s-1.183278,s284.540270
197_26,s-1.098773,s1.789608,s55.292624
197_27,s0.518209,s-2.240861,s34.498213
197_28,s-1.810030,s-0.962441,s165.830831
197_29,s-1.980759,s1.169014,s34.224911
197_30,s2.039936,s0.213273,s290.562899
197_31,s1.161053,s-1.765689,s179.138498
197_32,s-0.221629,s-1.792341,s163.911150
197_33,s-1.407547,s-1.774751,s225.025152
197_34,s1.621113,s1.928112,s243.111189
197_35,s2.156281,s0.934318,s237.415844
197_36,s-2.040693,s-0.676809,s31.582854
197_37,s0.799873,s2.156433,s294.730696
197_38,s1.866395,s-1.936632,s308.038342
197_39,s-2.292712,s-1.314404,s44.486180
197_40,s-0.683317,s-2.560386,s134.864592
197_41,s-1.361346,s-2.331681,s138.851615
197_42,s-0.815841,s2.468685,s302.531533
197_43,s-2.494224,s1.033850,s106.111036
197_44,s0.740444,s-2.596487,s236.847916
197_45,s1.007222,s2.984628,s229.558140
197_46,s-1.265781,s2.384910,s20.460432
197_47,s2.748674,s-0.533659,s35.353259
197_48,s-2.246851,s-2.207750,s205.322369
197_49,s2.626590,s1.357620,s235.231058
197_50,s-2.398747,s-1.823337,s83.453376
197_51,s0.270775,s-2.686388,s170.115677
197_52,s-3.184363,s-0.865929,s2.114337
197_53,s0.904443,s-3.277496,s225.381982
197_54,s2.445624,s1.904973,s283.409679
197_55,s-2.616913,s1.661856,s129.203952
197_56,s2.788171,s-1.055001,s300.534530
197_57,s-2.430040,s0.312095,s107.134263
197_58,s2.495085,s-2.082558,s125.964639
197_59,s-2.125646,s2.045515,s17.093234
197_60,s1.573493,s-2.631750,s186.438837
197_61,s-0.638342,s3.237672,s108.180893
197_62,s1.757569,s2.932659,s187.332279
197_63,s-1.247205,s-3.317592,s141.847939
197_64,s3.094512,s0.588640,s302.865521
197_65,s-3.192022,s1.664631,s38.915210
197_66,s-1.786149,s3.183107,s351.329359
197_67,s2.664078,s-1.680829,s296.543378
197_68,s-3.386114,s0.306976,s298.654530
197_69,s0.936052,s3.424370,s68.417448
197_70,s-0.411685,s-3.526048,s358.217052
197_71,s-1.952914,s-3.142630,s184.567186
197_72,s2.570201,s2.375725,s351.370343
197_73,s3.473346,s-1.773660,s233.620861
197_74,s3.084348,s1.545735,s329.748992
197_75,s-2.577822,s2.512933,s53.135862
197_76,s2.278889,s-2.786874,s262.562710
197_77,s3.588962,s-0.957297,s276.794785
197_78,s-0.706710,s3.733706,s310.788442
197_79,s-3.677288,s-0.409330,s358.035329
197_80,s1.359094,s3.411113,s327.678740
197_81,s3.697999,s0.622334,s248.997854
197_82,s-3.075227,s-1.450166,s61.274294
197_83,s2.189779,s3.044236,s5.396494
197_84,s0.685207,s4.010872,s298.747824
197_85,s-2.907599,s-2.122703,s195.121112
197_86,s1.918226,s-3.280306,s250.600963
197_87,s-3.626887,s0.952991,s356.686083
197_88,s3.153044,s2.698298,s36.680111
197_89,s-4.072689,s0.797309,s152.474098
197_90,s0.564213,s-3.909497,s62.673984
197_91,s3.595576,s1.513649,s276.157547
197_92,s-2.237467,s3.133088,s61.339351
197_93,s-3.746085,s-2.111125,s344.883447
197_94,s4.166476,s-0.268425,s325.479733
197_95,s-1.405214,s3.904853,s295.257329
197_96,s-2.993242,s-2.874543,s138.446043
197_97,s3.051561,s-2.347440,s285.238513
197_98,s-0.887076,s-3.658114,s172.929348
197_99,s-2.103856,s3.635078,s35.420840
197_100,s-3.925384,s-1.242030,s129.536819
197_101,s1.119183,s-4.099991,s287.925624
197_102,s2.720767,s-3.893575,s112.369849
197_103,s3.416200,s2.443272,s299.374063
197_104,s-4.147482,s-0.144547,s177.888750
197_105,s3.910720,s-1.531753,s298.768260
197_106,s-2.405962,s-3.640069,s220.511916
197_107,s-3.847441,s1.920208,s121.815324
197_108,s-3.403206,s-2.404704,s143.344549
197_109,s4.009378,s1.071164,s312.911780
197_110,s-3.290758,s3.214174,s6.898202
197_111,s-2.931902,s-3.544566,s306.491288
197_112,s-3.431430,s2.673535,s39.930286
197_113,s-1.635461,s4.459570,s11.171937
197_114,s0.700746,s4.495715,s347.170404
197_115,s2.928985,s-3.552415,s309.423365
197_116,s3.565217,s-2.578609,s244.951784
197_117,s-4.314915,s1.244804,s130.013572
197_118,s2.333828,s3.988857,s33.059459
197_119,s4.643432,s-1.564781,s173.201248
197_120,s-3.936846,s2.360839,s44.919684
197_121,s-4.660718,s-1.286889,s163.172160
197_122,s3.065511,s3.362312,s306.292686
197_123,s-1.537999,s-4.429693,s339.350749
197_124,s-4.354730,s-2.557113,s342.182034
197_125,s-0.356758,s-4.706245,s29.900326
197_126,s1.645111,s-4.295767,s214.172399
197_127,s-2.375266,s-4.277052,s128.814677
197_128,s4.625746,s1.079341,s184.503919
197_129,s0.436945,s-4.629425,s114.900479
197_130,s4.886159,s1.408872,s17.404088
197_131,s4.868916,s-1.340209,s359.812819
197_132,s-4.847114,s1.740111,s291.542629
197_133,s3.578618,s-3.491919,s191.687294
197_134,s-3.118142,s4.092309,s74.524413
197_135,s2.813091,s4.133585,s329.852377
197_136,s4.227736,s2.852411,s329.144168
197_137,s-2.284297,s4.503830,s1.889862
197_138,s-4.628813,s-0.814917,s29.819747
197_139,s-3.282458,s-3.780801,s152.486217
197_140,s2.461285,s4.704095,s50.184809
197_141,s-5.135870,s0.814152,s75.967017
197_142,s-3.977519,s-3.158915,s183.302626
197_143,s3.128187,s-4.039277,s166.845823
197_144,s1.414688,s-4.847799,s211.441576
197_145,s-2.758057,s4.700598,s27.735864
197_146,s-3.809519,s3.535407,s18.988261
197_147,s0.873796,s-4.973830,s122.248524
197_148,s5.217964,s-0.579097,s300.814616
197_149,s-0.271307,s4.918568,s201.410537
197_150,s5.070185,s0.376858,s258.032956
197_151,s-5.288595,s-0.910285,s357.709056
197_152,s4.317249,s-2.619897,s287.113350
197_153,s-4.765231,s-2.746375,s217.626771
197_154,s-0.956058,s-5.276804,s10.366961
197_155,s3.380139,s4.352777,s291.035404
197_156,s-2.324169,s-4.929578,s252.122849
197_157,s4.146678,s-3.468864,s312.190021
197_158,s-0.750602,s4.943339,s97.797048
197_159,s-4.569051,s2.376188,s112.128393
197_160,s3.728120,s3.406409,s279.755099
197_161,s4.977916,s-1.960319,s244.185453
197_162,s1.214768,s5.415426,s74.029125
197_163,s-5.139623,s-1.485521,s89.656090
197_164,s-4.693774,s3.054258,s58.849734
197_165,s-5.186972,s0.367866,s154.373501
197_166,s2.435077,s-4.934485,s130.485216
197_167,s-0.448455,s-5.379354,s259.606955
197_168,s-5.280661,s-2.145837,s255.652559
197_169,s4.872410,s-2.957975,s329.008574
197_170,s-3.876424,s-4.447846,s84.989193
197_171,s-5.216939,s1.893685,s117.795504
197_172,s-0.934226,s5.622919,s110.300681
197_173,s5.088081,s2.216740,s210.512282
197_174,s-0.961797,s-5.668990,s118.934956
197_175,s4.104563,s-4.020846,s203.018060
197_176,s-4.366273,s3.710249,s95.399177
197_177,s5.816987,s0.986237,s46.277419
197_178,s3.553961,s-4.456384,s196.964537
197_179,s-3.260872,s4.675117,s98.941807
197_180,s2.032013,s-5.652348,s216.463861
197_181,s-4.272825,s-3.772660,s128.255220
197_182,s-4.962083,s-3.283326,s50.491327
197_183,s5.570878,s-1.034309,s206.578937
197_184,s-2.749720,s-5.064771,s165.572537
197_185,s2.730863,s5.173479,s300.468574
197_186,s-0.060830,s5.399657,s259.601392
197_187,s4.653749,s3.626654,s266.083803
197_188,s5.029501,s-3.675803,s328.032641
197_189,s3.543056,s4.912902,s352.106295
197_190,s2.116154,s5.657146,s262.742512
197_191,s4.725940,s2.813448,s298.004733
197_192,s5.940777,s1.590492,s41.912411
197_193,s5.792278,s-1.854187,s215.626177
197_194,s-5.619790,s2.233319,s355.516557
197_195,s-2.414767,s5.492622,s23.374844
197_196,s-5.757991,s-2.793839,s42.867025
198_0,s0.102264,s-0.167780,s344.685884
198_1,s0.559021,s0.204900,s270.986792
198_2,s-0.270938,s-0.283894,s166.100306
198_3,s-0.366720,s0.284710,s88.276870
198_4,s-0.824851,s-0.196386,s61.109046
198_5,s0.358502,s-0.520017,s119.649631
198_6,s0.326377,s0.824736,s348.095256
198_7,s0.775905,s-0.730113,s155.670636
198_8,s-0.409513,s-1.180155,s151.658903
198_9,s-0.256035,s0.894330,s109.612429
198_10,s0.980820,s0.637170,s345.023724
198_11,s-1.282323,s0.427497,s0.958167
198_12,s1.062987,s-0.288021,s312.201130
198_13,s0.369816,s1.728864,s326.883818
198_14,s-1.103944,s-0.698573,s152.207202
198_15,s-0.368564,s1.337778,s43.440247
198_16,s1.095000,s-1.256960,s116.523905
198_17,s1.670692,s-0.479933,s128.931085
198_18,s-0.921452,s1.460143,s106.750115
198_19,s-1.738054,s-0.619305,s176.407660
198_20,s-1.738897,s-0.247925,s65.982175
198_21,s1.501367,s0.715046,s260.090970
198_22,s-1.143707,s-1.634685,s338.857835
198_23,s0.844281,s-1.759378,s160.344420
198_24,s-1.753393,s0.935595,s25.567825
198_25,s1.080172,s1.699190,s302.953871
198_26,s-1.483293,s1.659875,s68.121041
198_27,s-1.879942,s0.385136,s110.612791
198_28,s-0.280768,s1.851619,s315.196797
198_29,s1.461977,s-1.132880,s233.186566
198_30,s-0.438853,s-2.196968,s64.107223
198_31,s2.080428,s-0.658320,s281.069417
198_32,s-1.017284,s2.119420,s83.937927
198_33,s-0.099113,s-1.565738,s227.676744
198_34,s1.369278,s-1.666753,s197.241045
198_35,s-1.575928,s-1.706937,s156.130947
198_36,s-2.292161,s-1.023246,s5.925683
198_37,s0.967979,s2.540295,s314.567702
198_38,s0.133229,s-2.478099,s244.813177
198_39,s1.505820,s1.394961,s248.514812
198_40,s-2.015837,s-1.459135,s83.575843
198_41,s2.391504,s0.645080,s341.705967
198_42,s1.854324,s-1.957182,s283.119556
198_43,s1.992612,s0.194974,s226.781561
198_44,s-1.184692,s-2.333329,s216.640865
198_45,s-2.261439,s0.910048,s118.340803
198_46,s1.971647,s1.907447,s308.694120
198_47,s-2.266595,s-1.877124,s167.543468
198_48,s-0.708820,s2.298375,s279.732119
198_49,s-2.275881,s1.701296,s117.381435
198_50,s0.996658,s-2.319385,s247.778457
198_51,s-1.580029,s2.655613,s272.510438
198_52,s0.505956,s2.953846,s123.374494
198_53,s-2.746089,s-0.670173,s118.566827
198_54,s1.690042,s2.450917,s126.918307
198_55,s0.790030,s-3.078718,s130.174184
198_56,s2.818277,s-1.196915,s116.410001
198_57,s1.995103,s-2.597834,s327.220369
198_58,s-2.926027,s0.263132,s45.905568
198_59,s3.044616,s0.362694,s151.359920
198_60,s2.615729,s1.761673,s318.902201
198_61,s3.070862,s-0.811815,s3.390636
198_62,s-2.779558,s-1.945844,s134.449327
198_63,s2.970293,s1.329308,s207.904886
198_64,s-2.123867,s2.268394,s336.434484
198_65,s-2.827271,s0.978918,s60.092522
198_66,s-2.827028,s1.853674,s81.919250
198_67,s-0.326035,s2.863655,s80.217612
198_68,s0.881349,s3.217648,s349.297207
198_69,s-1.192914,s3.275381,s319.906321
198_70,s-1.599720,s-2.677702,s105.885880
198_71,s3.257152,s1.580566,s296.961746
198_72,s2.547702,s-2.426142,s233.864972
198_73,s-2.551365,s2.712051,s332.969142
198_74,s2.109113,s2.832510,s57.472561
198_75,s-1.709814,s3.205897,s347.872667
198_76,s-0.993898,s-3.074901,s190.188268
198_77,s-3.254064,s-1.474981,s125.170005
198_78,s-3.677960,s-1.051361,s71.517861
198_79,s-2.425603,s-3.052050,s79.438127
198_80,s2.363807,s-2.942336,s136.404858
198_81,s2.615473,s2.666938,s23.002060
198_82,s1.329603,s-3.321975,s25.619213
198_83,s3.151234,s-1.319270,s267.832716
198_84,s0.973646,s-3.697166,s147.973745
198_85,s-0.322118,s-3.071159,s10.168060
198_86,s-1.755500,s-3.144646,s187.531965
198_87,s1.480659,s-3.841302,s276.051140
198_88,s-2.872884,s2.593801,s128.726789
198_89,s-3.838952,s0.738691,s337.676041
198_90,s-0.421016,s4.159586,s102.737073
198_91,s-3.541969,s-0.215391,s285.218811
198_92,s3.971822,s-0.813312,s66.891939
198_93,s4.041210,s0.797345,s75.443005
198_94,s1.589783,s3.474590,s313.641878
198_95,s3.475143,s-1.942471,s318.721482
198_96,s1.463427,s3.951614,s27.685469
198_97,s4.248087,s1.211860,s18.253868
198_98,s-2.612595,s3.491277,s334.801503
198_99,s3.364706,s2.196848,s320.474035
198_100,s2.875047,s-3.189383,s250.900198
198_101,s3.525883,s0.142958,s221.659393
198_102,s3.272955,s2.654844,s7.053579
198_103,s0.855240,s4.261947,s135.794898
198_104,s1.056779,s-4.320319,s274.439649
198_105,s-3.996923,s-0.411381,s351.236486
198_106,s3.919455,s-2.232417,s275.203438
198_107,s-3.721681,s1.639260,s18.437723
198_108,s-2.000606,s-3.911931,s55.943309
198_109,s-2.912259,s3.112617,s98.147629
198_110,s4.368804,s-0.287668,s35.160864
198_111,s-3.463616,s-3.121266,s253.665176
198_112,s-1.360005,s-3.696807,s221.660868
198_113,s-3.728424,s-2.191041,s186.827277
198_114,s-2.012670,s-4.427913,s75.540471
198_115,s-0.995358,s4.371423,s351.526374
198_116,s-3.506130,s2.509445,s37.645116
198_117,s-4.543056,s-1.468367,s253.214279
198_118,s3.913266,s2.335999,s250.947798
198_119,s-0.209706,s-3.621017,s250.079490
198_120,s-3.929758,s-3.009240,s128.749790
198_121,s3.446953,s-2.911885,s294.816119
198_122,s0.372170,s4.781635,s305.182550
198_123,s2.614973,s3.672198,s257.375603
198_124,s-1.374971,s-4.397079,s216.526534
198_125,s2.463776,s-3.648779,s214.084452
198_126,s-4.349317,s2.263654,s178.324829
198_127,s4.058233,s-1.260946,s253.114967
198_128,s2.062869,s-4.610268,s85.901420
198_129,s-4.297379,s1.188967,s147.362647
198_130,s-4.639634,s1.543215,s84.819993
198_131,s-4.421554,s-1.964201,s145.797954
198_132,s4.451660,s0.748632,s255.526998
198_133,s3.633034,s3.215053,s344.259647
198_134,s-2.749617,s4.060975,s13.660937
198_135,s4.827497,s-0.808506,s9.910627
198_136,s2.415184,s4.164459,s70.066773
198_137,s4.395442,s-2.866361,s112.868520
198_138,s3.914469,s-3.428400,s138.363740
198_139,s3.951788,s2.979952,s252.383401
198_140,s-1.714523,s4.746497,s291.913442
198_141,s-5.104091,s-1.028084,s293.619352
198_142,s-2.749878,s-3.709455,s87.407412
198_143,s0.776269,s-4.688364,s182.037789
198_144,s-0.177962,s4.474037,s345.529190
198_145,s2.339971,s4.797716,s246.590404
198_146,s1.915066,s4.863063,s98.714043
198_147,s4.769968,s1.140890,s7.266190
198_148,s-3.041338,s-4.238618,s88.899928
198_149,s1.342697,s-5.089759,s162.492443
198_150,s4.781622,s2.268924,s299.088141
198_151,s-4.896391,s0.719363,s127.966906
198_152,s-4.077365,s2.719476,s99.861496
198_153,s-4.578802,s-0.500755,s356.493950
198_154,s4.924138,s-1.702801,s187.061663
198_155,s2.467956,s-4.325657,s184.649419
198_156,s-0.387005,s-5.131658,s94.148610
198_157,s-5.075420,s-0.386042,s124.887837
198_158,s-3.529227,s4.010177,s203.318466
198_159,s-4.296844,s3.171854,s1.049347
198_160,s-1.840000,s-4.912688,s102.838244
198_161,s4.991594,s1.806448,s262.302060
198_162,s1.450051,s5.246579,s71.311138
198_163,s2.921110,s4.914563,s350.815115
198_164,s3.496150,s4.230615,s112.234024
198_165,s-1.725217,s5.261074,s1.667234
198_166,s-0.986342,s5.323673,s312.939041
198_167,s-2.153145,s4.317352,s12.281915
198_168,s4.173168,s3.859683,s335.798512
198_169,s5.192506,s-0.437145,s300.500148
198_170,s-4.858337,s-2.990506,s37.776640
198_171,s2.005485,s-5.167920,s172.897283
198_172,s0.463017,s5.673010,s301.271443
198_173,s3.840807,s-4.011224,s235.456392
198_174,s-1.786667,s-5.392320,s126.369622
198_175,s-3.666891,s-3.816707,s75.914126
198_176,s5.126632,s-1.299963,s308.372001
198_177,s5.444290,s-2.313129,s349.589688
198_178,s-2.683650,s-4.620153,s166.946575
198_179,s-4.965726,s-1.728969,s87.429455
198_180,s-5.295055,s2.066157,s325.517928
198_181,s-3.709697,s4.370620,s347.584411
198_182,s-2.730847,s5.068643,s335.932558
198_183,s4.605714,s-3.416227,s287.874383
198_184,s-5.120296,s1.081172,s77.837885
198_185,s-0.760940,s-5.535184,s197.692111
198_186,s-4.794540,s-3.812743,s346.682656
198_187,s4.813380,s3.115299,s36.255105
198_188,s2.580026,s-5.415018,s170.735118
198_189,s1.861502,s5.516190,s33.496004
198_190,s5.855980,s1.911025,s341.859458
198_191,s3.158754,s-4.483190,s151.241862
198_192,s-3.355551,s-4.916411,s36.910647
198_193,s3.570635,s-4.844645,s227.231822
198_194,s-4.138957,s-4.417242,s216.809745
198_195,s5.890389,s-1.350751,s196.584652
198_196,s-5.959091,s1.053519,s88.745863
198_197,s-5.254122,s2.913209,s273.534198
199_0,s0.044587,s-0.086765,s71.883560
199_1,s0.286709,s0.570201,s117.080443
199_2,s-1.144708,s0.629993,s241.254860
199_3,s-1.615884,s-0.296755,s323.180998
199_4,s-0.712997,s-0.874264,s51.454680
199_5,s-0.310107,s-1.299575,s316.778325
199_6,s0.372985,s-1.329879,s336.959881
199_7,s1.257386,s-0.769284,s146.666159
199_8,s0.589680,s-0.038512,s229.260152
199_9,s1.488610,s-0.307255,s22.720186
199_10,s0.462162,s1.008787,s232.908465
199_11,s1.261014,s1.193981,s69.728136
199_12,s0.235166,s1.503560,s140.435301
199_13,s-0.834278,s2.032219,s223.127228
199_14,s-0.452576,s1.089792,s89.773964
199_15,s-1.403517,s1.064001,s138.475212
199_16,s-2.192358,s0.618447,s200.040955
199_17,s-2.012068,s-0.654551,s196.366414
199_18,s-1.189901,s-1.041677,s128.080728
199_19,s-1.428612,s-1.708110,s249.969572
199_20,s-0.523994,s-2.001890,s309.038640
199_21,s0.244197,s-1.915483,s307.229826
199_22,s0.914753,s-2.284076,s359.220757
199_23,s1.745139,s-1.503990,s116.382924
199_24,s1.712886,s-0.689516,s201.605692
199_25,s2.173429,s-0.379466,s318.253343
199_26,s2.216414,s1.200933,s196.468653
199_27,s1.328961,s0.587014,s298.235904
199_28,s1.480669,s1.952766,s182.249950
199_29,s0.919200,s2.305048,s131.130787
199_30,s0.310174,s2.399477,s169.628141
199_31,s-0.795319,s2.561131,s258.927422
199_32,s-1.660659,s2.090449,s289.686307
199_33,s-1.599112,s1.462299,s65.421679
199_34,s-2.294834,s1.241599,s69.098234
199_35,s-2.840597,s0.520466,s359.694792
199_36,s-2.230546,s-0.165869,s130.140537
199_37,s-2.708860,s-0.869166,s171.960659
199_38,s-1.990004,s-1.822893,s28.194813
199_39,s-1.445207,s-2.485210,s26.223889
199_40,s-0.612678,s-2.440418,s60.878691
199_41,s-0.482971,s-2.885083,s308.778682
199_42,s0.278826,s-2.880209,s339.779180
199_43,s1.319400,s-2.672214,s97.877104
199_44,s1.634764,s-2.067202,s182.093366
199_45,s2.562713,s-1.917021,s86.464882
199_46,s2.922003,s-1.403569,s88.618161
199_47,s2.847527,s-0.261457,s185.433222
199_48,s2.869870,s0.130084,s309.798360
199_49,s2.771040,s0.734046,s289.593913
199_50,s3.114819,s1.559597,s106.480039
199_51,s2.416904,s2.392462,s129.721207
199_52,s1.294952,s2.390230,s322.076286
199_53,s1.228364,s3.060637,s128.633991
199_54,s0.484572,s2.929397,s72.052813
199_55,s-0.610599,s3.178448,s228.763928
199_56,s-1.073266,s3.461419,s185.768580
199_57,s-1.458336,s3.076218,s150.835708
199_58,s-2.039448,s2.308871,s99.962770
199_59,s-2.985856,s1.865445,s252.564012
199_60,s-3.406905,s0.782369,s335.902471
199_61,s-2.961722,s-0.203186,s22.063997
199_62,s-3.885995,s-0.834108,s317.626592
199_63,s-3.363106,s-0.930792,s208.110119
199_64,s-2.850415,s-1.802858,s238.893757
199_65,s-2.014957,s-2.669798,s88.739059
199_66,s-1.605822,s-2.825027,s171.282135
199_67,s-1.171167,s-3.318914,s358.351501
199_68,s-0.645103,s-3.786070,s1.953726
199_69,s0.095320,s-3.271227,s159.035285
199_70,s0.555337,s-3.814794,s1.465490
199_71,s1.587620,s-3.324891,s128.376974
199_72,s1.938193,s-3.067768,s292.075115
199_73,s2.564390,s-2.406786,s239.335209
199_74,s2.996739,s-1.871231,s265.876862
199_75,s3.547984,s-1.058146,s187.762418
199_76,s3.373608,s-0.758859,s343.603567
199_77,s4.103268,s0.032071,s78.933741
199_78,s3.891407,s1.197930,s149.069153
199_79,s3.898730,s1.601934,s73.950075
199_80,s2.789684,s2.065624,s288.742145
199_81,s2.744026,s2.761447,s76.078269
199_82,s2.160393,s3.216122,s16.821108
199_83,s0.936558,s3.615882,s263.245362
199_84,s0.543435,s4.052939,s181.501048
199_85,s0.049742,s3.628651,s46.772718
199_86,s-0.835927,s3.951999,s228.713029
199_87,s-1.681446,s3.514127,s299.630177
199_88,s-2.255569,s3.483993,s217.577898
199_89,s-2.589027,s2.608731,s1.172467
199_90,s-3.023451,s2.355891,s78.135911
199_91,s-3.485318,s1.687925,s36.501930
199_92,s-4.075481,s0.901566,s311.535420
199_93,s-4.266186,s0.327911,s289.303092
199_94,s-3.767224,s-0.095045,s99.437078
199_95,s-4.460300,s-0.698526,s212.795988
199_96,s-3.714764,s-1.620280,s228.384601
199_97,s-4.156920,s-2.612944,s294.150787
199_98,s-3.259902,s-2.348509,s219.294571
199_99,s-2.134067,s-3.443574,s49.937908
199_100,s-1.349063,s-3.873270,s74.778345
199_101,s-1.391339,s-4.491563,s303.517650
199_102,s-0.297884,s-4.207689,s133.976731
199_103,s0.688598,s-4.405100,s86.045582
199_104,s0.991497,s-4.155930,s292.168320
199_105,s1.818242,s-3.806908,s223.773944
199_106,s2.272136,s-3.488678,s235.017795
199_107,s2.738532,s-3.062919,s229.181380
199_108,s3.583777,s-3.002344,s34.669399
199_109,s4.006157,s-2.447998,s11.363577
199_110,s4.086343,s-1.573748,s4.737875
199_111,s4.473381,s-0.391343,s118.762208
199_112,s4.915783,s-0.112842,s54.221580
199_113,s4.266259,s0.596478,s353.833727
199_114,s4.572843,s1.832902,s137.381198
199_115,s3.935958,s2.171712,s354.503176
199_116,s3.696138,s3.160866,s181.858050
199_117,s2.830420,s3.182083,s282.359150
199_118,s2.743884,s3.687974,s41.739959
199_119,s1.735288,s4.795782,s218.234013
199_120,s1.726293,s4.191133,s105.039094
199_121,s0.658386,s4.462067,s322.442403
199_122,s-0.257948,s4.707891,s275.483947
199_123,s-0.684549,s4.390712,s50.958567
199_124,s-1.814075,s4.226870,s287.049880
199_125,s-2.281477,s3.901639,s351.309103
199_126,s-2.744962,s3.947774,s150.303290
199_127,s-3.697864,s2.782983,s319.197776
199_128,s-4.027915,s3.140324,s116.201333
199_129,s-4.705011,s2.465363,s238.498051
199_130,s-4.059396,s1.445186,s32.345412
199_131,s-5.013338,s0.822126,s304.256119
199_132,s-4.949843,s-0.093891,s340.378354
199_133,s-4.906951,s-1.090741,s5.903857
199_134,s-4.714296,s-1.417050,s260.238910
199_135,s-4.569073,s-2.265592,s324.426486
199_136,s-4.565578,s-2.914255,s238.152266
199_137,s-3.596744,s-3.499437,s335.653433
199_138,s-3.092398,s-3.980061,s296.845487
199_139,s-2.585458,s-4.214214,s269.898640
199_140,s-1.903173,s-4.498771,s162.925893
199_141,s-1.174502,s-5.016318,s196.480100
199_142,s-0.418645,s-4.923677,s142.710668
199_143,s0.552361,s-5.006494,s91.931499
199_144,s1.233320,s-5.115070,s38.367198
199_145,s1.777737,s-4.848401,s39.552500
199_146,s2.392043,s-4.786174,s336.539227
199_147,s3.014877,s-4.287590,s326.431145
199_148,s3.722536,s-3.435731,s206.182617
199_149,s4.232265,s-2.839265,s176.318970
199_150,s4.685240,s-2.810430,s340.602673
199_151,s4.815117,s-1.712321,s284.913472
199_152,s4.858621,s-1.163226,s305.370853
199_153,s5.406099,s-0.415879,s298.326857
199_154,s5.121160,s0.541770,s214.893136
199_155,s5.391822,s1.059716,s105.480645
199_156,s5.007217,s1.418032,s1.942708
199_157,s4.679339,s2.231111,s358.066572
199_158,s4.547949,s3.186559,s73.149512
199_159,s3.910054,s4.255504,s171.438595
199_160,s3.358494,s4.183089,s160.241423
199_161,s2.454914,s4.563282,s231.676889
199_162,s2.319730,s4.962907,s32.775424
199_163,s1.282208,s5.297218,s306.477459
199_164,s0.846206,s5.436358,s114.867039
199_165,s-0.427590,s5.485802,s229.663249
199_166,s-0.738140,s5.173986,s58.601662
199_167,s-1.557252,s5.382441,s162.597392
199_168,s-2.161499,s4.916613,s342.777423
199_169,s-2.762104,s5.110949,s181.800054
199_170,s-3.529271,s4.042202,s300.320901
199_171,s-3.726613,s3.771024,s109.378658
199_172,s-4.687211,s3.372082,s129.360491
199_173,s-5.282084,s2.262282,s11.974719
199_174,s-4.866672,s1.943205,s122.295375
199_175,s-5.889156,s1.643782,s212.592092
199_176,s-5.692725,s0.636619,s257.220957
199_177,s-5.656394,s-0.185557,s315.944856
199_178,s-5.637771,s-0.948478,s21.394538
199_179,s-5.502858,s-1.933704,s10.950783
199_180,s-4.924563,s-2.699761,s47.383795
199_181,s-5.042704,s-3.101959,s153.274452
199_182,s-4.224054,s-3.870683,s33.888750
199_183,s-3.549334,s-4.324699,s27.233273
199_184,s-3.641519,s-4.954923,s318.650667
199_185,s-2.523731,s-4.971709,s49.000844
199_186,s-2.170281,s-5.584484,s66.898981
199_187,s-1.779824,s-5.741365,s267.342906
199_188,s-0.488743,s-6.331247,s31.335931
199_189,s0.106210,s-5.397344,s134.657693
199_190,s0.806837,s-5.758241,s96.109681
199_191,s1.806168,s-5.459059,s104.602700
199_192,s2.484406,s-5.391168,s65.916443
199_193,s2.941363,s-4.912104,s200.316624
199_194,s3.373925,s-4.584991,s263.738486
199_195,s4.224746,s-4.440560,s349.067758
199_196,s4.535800,s-3.594037,s255.016082
199_197,s4.971010,s-3.099618,s219.385538
199_198,s5.435508,s-2.173213,s145.671796
200_0,s-0.038397,s-0.304542,s5.039814
200_1,s-0.383046,s-0.594948,s38.260365
200_2,s0.601722,s-0.686173,s87.294809
200_3,s0.231306,s0.374985,s307.347950
200_4,s0.658421,s0.019017,s208.526453
200_5,s-0.931850,s0.282720,s303.084960
200_6,s0.525202,s1.095339,s252.576451
200_7,s0.940170,s0.506389,s225.934798
200_8,s-1.112726,s-0.569881,s1.885287
200_9,s-0.852358,s-0.989016,s250.790445
200_10,s0.047738,s0.912625,s80.230800
200_11,s0.353561,s-1.108029,s182.909691
200_12,s-1.164981,s0.657182,s103.614663
200_13,s1.063017,s1.323453,s344.576935
200_14,s-0.193712,s1.579763,s250.760518
200_15,s1.330061,s-0.263836,s165.776173
200_16,s1.665500,s0.154603,s294.861261
200_17,s0.740617,s-1.478484,s233.145713
200_18,s1.274926,s-1.371449,s284.060344
200_19,s-1.451204,s-0.897642,s222.423141
200_20,s-0.873435,s1.200547,s9.121567
200_21,s1.891678,s-0.603209,s322.946894
200_22,s1.529408,s0.895764,s305.969319
200_23,s-0.592894,s-1.606465,s278.333609
200_24,s-1.708895,s1.148599,s154.237484
200_25,s-1.514881,s-0.028651,s117.846435
200_26,s-1.501203,s-1.592140,s249.443369
200_27,s1.537733,s1.573203,s303.835415
200_28,s1.672767,s-1.698276,s234.885223
200_29,s-0.447934,s2.021577,s294.318583
200_30,s-0.501610,s-2.093823,s229.768119
200_31,s2.108540,s0.877919,s262.258833
200_32,s-1.053003,s2.189480,s40.933999
200_33,s0.540905,s-2.142335,s81.365400
200_34,s1.230594,s2.194976,s320.648600
200_35,s-2.061391,s-0.668353,s206.182996
200_36,s-1.291089,s-2.191214,s241.173406
200_37,s0.864867,s-2.407802,s223.940148
200_38,s2.153241,s-1.511413,s340.110650
200_39,s-0.678986,s2.550287,s6.326262
200_40,s-2.537710,s1.054708,s214.169471
200_41,s-1.907478,s-1.888368,s197.308298
200_42,s-1.302950,s1.579029,s101.689790
200_43,s0.356114,s1.732337,s311.295306
200_44,s-2.217942,s1.364212,s31.001054
200_45,s2.525339,s1.735897,s185.112106
200_46,s-2.019911,s-1.387331,s138.365051
200_47,s1.361014,s-2.307450,s266.614112
200_48,s-1.321646,s-2.689662,s189.845229
200_49,s-2.104752,s0.042179,s82.673141
200_50,s1.866859,s2.261943,s255.778161
200_51,s2.688746,s-0.238972,s167.562224
200_52,s-1.232578,s2.920185,s19.783648
200_53,s-2.500464,s-0.547969,s165.486499
200_54,s-1.966943,s2.122036,s334.391233
200_55,s3.004820,s-0.967519,s335.471947
200_56,s0.924466,s2.696508,s327.779584
200_57,s-2.997602,s1.106003,s336.455340
200_58,s2.648022,s-1.299732,s255.009406
200_59,s-2.989383,s-0.626012,s92.803649
200_60,s2.201088,s-2.714730,s303.394659
200_61,s-2.275297,s-2.443673,s47.352920
200_62,s1.079062,s-3.118654,s100.002474
200_63,s1.831100,s-2.925389,s123.577074
200_64,s-0.386883,s-3.233318,s104.982699
200_65,s-2.706955,s-1.705667,s35.125266
200_66,s-3.331471,s0.627846,s50.904880
200_67,s-0.280170,s3.233078,s66.896730
200_68,s1.798054,s2.984681,s16.373099
200_69,s-3.381204,s-1.134651,s108.323770
200_70,s-2.129378,s-2.782307,s238.730253
200_71,s0.269577,s-3.452680,s116.775039
200_72,s3.027725,s1.989132,s40.709117
200_73,s3.378127,s-1.917616,s109.228618
200_74,s-2.996734,s-2.156820,s124.367228
200_75,s3.312862,s1.535650,s287.273825
200_76,s3.137444,s0.827961,s270.379385
200_77,s3.506363,s-1.291869,s280.840031
200_78,s2.994856,s0.221779,s236.835003
200_79,s0.257091,s2.910159,s292.956716
200_80,s2.226638,s2.886661,s243.601461
200_81,s3.626315,s-0.456007,s258.451519
200_82,s-1.046987,s-3.684698,s194.402485
200_83,s2.387018,s-3.118032,s233.349937
200_84,s0.655364,s3.429606,s36.160698
200_85,s-2.686214,s2.778337,s333.492519
200_86,s-2.501570,s2.328501,s90.759458
200_87,s1.146639,s-3.761665,s285.785015
200_88,s-1.628159,s-3.504111,s102.213047
200_89,s-3.863270,s-0.836305,s78.743979
200_90,s-3.285714,s-0.153355,s337.176307
200_91,s-1.770351,s3.750105,s187.685557
200_92,s3.055387,s2.759464,s295.096364
200_93,s3.799444,s-1.829678,s248.310122
200_94,s2.917911,s-2.622271,s257.108356
200_95,s2.090696,s-3.778592,s110.485356
200_96,s0.757059,s3.953492,s330.156884
200_97,s-0.380780,s3.854930,s66.925296
200_98,s-3.818689,s-1.804898,s192.538266
200_99,s1.020463,s-4.111859,s166.054032
200_100,s2.734543,s3.153029,s340.269420
200_101,s3.934668,s1.377396,s192.117104
200_102,s3.841619,s2.055721,s31.426256
200_103,s-2.646815,s-2.886933,s69.421562
200_104,s1.644158,s3.838783,s31.239696
200_105,s-3.422009,s2.353988,s28.452397
200_106,s-4.123089,s1.655980,s185.004097
200_107,s4.415282,s-0.871070,s223.914699
200_108,s4.549097,s-0.276971,s234.852880
200_109,s2.114834,s3.387962,s308.143571
200_110,s-2.623694,s-3.295538,s155.534946
200_111,s-1.552197,s4.087202,s300.604446
200_112,s3.854020,s-2.588578,s176.103775
200_113,s-1.802542,s-3.959393,s141.668406
200_114,s1.668264,s4.425048,s325.566302
200_115,s-2.158809,s4.107472,s336.708234
200_116,s4.411875,s1.208401,s298.945933
200_117,s-4.469626,s0.976805,s232.972411
200_118,s-3.799948,s3.219577,s57.322160
200_119,s-4.549381,s-1.121753,s213.551183
200_120,s4.190557,s2.350603,s260.223849
200_121,s-3.247968,s-3.056356,s103.903586
200_122,s4.378041,s0.523672,s308.214118
200_123,s-4.081183,s2.470569,s192.695104
200_124,s-0.403502,s-4.202628,s307.228352
200_125,s2.870378,s-3.892744,s297.876644
200_126,s-2.809193,s3.374735,s91.876001
200_127,s-2.810728,s4.013803,s243.380194
200_128,s0.729550,s4.696823,s291.229329
200_129,s-0.729075,s-4.779062,s55.423666
200_130,s0.364585,s-4.941431,s261.800237
200_131,s-4.039314,s-2.552759,s177.526985
200_132,s-1.321256,s4.610153,s25.229997
200_133,s-0.527431,s4.358469,s13.034935
200_134,s-4.932298,s0.865076,s195.342633
200_135,s4.687170,s-1.789154,s182.055086
200_136,s3.927250,s2.768941,s298.535115
200_137,s1.361096,s-4.503963,s232.044989
200_138,s3.257414,s3.571922,s239.531756
200_139,s-3.179502,s-3.883325,s138.499362
200_140,s-4.643301,s1.930534,s171.431829
200_141,s2.195915,s-4.243306,s255.974778
200_142,s-1.502505,s-4.785099,s74.775080
200_143,s2.466161,s4.035062,s4.802453
200_144,s-4.771350,s-0.504650,s9.490534
200_145,s3.780791,s-3.549116,s250.919447
200_146,s-2.796249,s4.424400,s331.593126
200_147,s4.272852,s-2.814822,s271.097866
200_148,s5.207309,s1.235519,s289.859546
200_149,s-0.924864,s-5.282294,s178.671478
200_150,s-2.579136,s-4.479808,s156.246763
200_151,s-4.307294,s2.811982,s68.790177
200_152,s-4.352441,s-2.360933,s60.935822
200_153,s-5.333611,s-0.270905,s350.713444
200_154,s-5.196885,s-0.683361,s196.870524
200_155,s2.814125,s4.446818,s317.985378
200_156,s4.156480,s3.377408,s316.247076
200_157,s3.136912,s4.065419,s276.605219
200_158,s5.130427,s-1.501859,s289.246483
200_159,s-3.823464,s-3.844440,s175.196027
200_160,s-5.378618,s-1.411776,s53.247452
200_161,s2.733101,s-4.698977,s197.335828
200_162,s-5.200270,s1.269713,s348.124192
200_163,s5.507157,s-0.554791,s212.482347
200_164,s1.229667,s5.291144,s303.359802
200_165,s5.236557,s1.875656,s21.776389
200_166,s-3.795883,s3.933849,s271.903013
200_167,s-0.252315,s-4.644966,s194.739366
200_168,s5.131866,s-2.207077,s321.189680
200_169,s-5.263773,s-1.811669,s174.479843
200_170,s5.390109,s0.709441,s173.318425
200_171,s-4.622280,s-2.862092,s82.244062
200_172,s-4.191365,s-3.463825,s94.319955
200_173,s4.823997,s3.293053,s291.589478
200_174,s-2.326451,s-5.147844,s268.788850
200_175,s3.183276,s-4.365691,s212.336562
200_176,s-1.065559,s5.049588,s313.626603
200_177,s-1.540117,s5.615251,s85.329387
200_178,s-5.202272,s2.746455,s206.419754
200_179,s-6.028925,s0.548915,s212.998523
200_180,s1.921934,s-5.282452,s54.950672
200_181,s5.241933,s2.755043,s325.495385
200_182,s0.747686,s5.331711,s354.123514
200_183,s-3.049641,s-4.616755,s113.582123
200_184,s2.477022,s5.076372,s12.031883
200_185,s3.827101,s-4.366140,s210.892337
200_186,s-4.628532,s3.823905,s59.083117
200_187,s-4.053325,s4.317378,s95.931771
200_188,s4.471977,s-3.384753,s272.541728
200_189,s3.473631,s5.115462,s335.744633
200_190,s-4.327049,s-3.971096,s120.063003
200_191,s-2.846253,s-5.498090,s56.669058
200_192,s-5.697010,s1.710651,s309.073498
200_193,s-5.637896,s2.285362,s39.778461
200_194,s5.776672,s0.181415,s195.258413
200_195,s4.001466,s4.387839,s319.933255
200_196,s-3.401989,s4.423278,s22.919018
200_197,s1.245055,s-5.696413,s272.812554
200_198,s-2.220759,s-5.791083,s97.537592
200_199,s-5.035536,s-3.677318,s95.252697
